[{"id": "https://openalex.org/W2065699483", "doi": "https://doi.org/10.3758/bf03257252", "title": "A hierarchical model for estimating response time distributions", "display_name": "A hierarchical model for estimating response time distributions", "publication_year": 2005, "publication_date": "2005-04-01", "ids": {"openalex": "https://openalex.org/W2065699483", "doi": "https://doi.org/10.3758/bf03257252", "mag": "2065699483", "pmid": "https://pubmed.ncbi.nlm.nih.gov/16082801"}, "primary_location": {"is_oa": true, "landing_page_url": "https://doi.org/10.3758/bf03257252", "pdf_url": null, "source": {"id": "https://openalex.org/S138679565", "display_name": "Psychonomic Bulletin & Review", "issn_l": "1069-9384", "issn": ["1531-5320", "1069-9384"], "host_organization": "https://openalex.org/P4310319900", "host_organization_name": "Springer Science+Business Media", "type": "journal"}, "license": null, "version": "publishedVersion"}, "host_venue": {"id": "https://openalex.org/S138679565", "issn_l": "1069-9384", "issn": ["1531-5320", "1069-9384"], "display_name": "Psychonomic Bulletin & Review", "publisher": "Springer Science+Business Media", "type": "journal", "url": "https://link.springer.com/content/pdf/10.3758/BF03257252.pdf", "is_oa": true, "version": "publishedVersion", "license": null}, "type": "journal-article", "open_access": {"is_oa": true, "oa_status": "bronze", "oa_url": "https://link.springer.com/content/pdf/10.3758/BF03257252.pdf"}, "authorships": [{"author_position": "first", "author": {"id": "https://openalex.org/A1161373467", "display_name": "Jeffrey N. Rouder", "orcid": "https://orcid.org/0000-0003-2023-3891"}, "institutions": [{"id": "https://openalex.org/I76835614", "display_name": "University of Missouri", "ror": "https://ror.org/02ymw8z06", "country_code": "US", "type": "education"}], "is_corresponding": true, "raw_affiliation_string": "University of  Missouri"}, {"author_position": "middle", "author": {"id": "https://openalex.org/A2162378893", "display_name": "Jun Lu", "orcid": "https://orcid.org/0000-0001-8521-489X"}, "institutions": [{"id": "https://openalex.org/I76835614", "display_name": "University of Missouri", "ror": "https://ror.org/02ymw8z06", "country_code": "US", "type": "education"}], "is_corresponding": null, "raw_affiliation_string": "University of  Missouri"}, {"author_position": "middle", "author": {"id": "https://openalex.org/A123417586", "display_name": "Paul L. Speckman", "orcid": null}, "institutions": [{"id": "https://openalex.org/I76835614", "display_name": "University of Missouri", "ror": "https://ror.org/02ymw8z06", "country_code": "US", "type": "education"}], "is_corresponding": null, "raw_affiliation_string": "University of  Missouri"}, {"author_position": "middle", "author": {"id": "https://openalex.org/A2157056372", "display_name": "Dongchu Sun", "orcid": null}, "institutions": [{"id": "https://openalex.org/I76835614", "display_name": "University of Missouri", "ror": "https://ror.org/02ymw8z06", "country_code": "US", "type": "education"}], "is_corresponding": null, "raw_affiliation_string": "University of  Missouri"}, {"author_position": "last", "author": {"id": "https://openalex.org/A2295169727", "display_name": "Yi Jiang", "orcid": "https://orcid.org/0000-0001-8927-0119"}, "institutions": [{"id": "https://openalex.org/I76835614", "display_name": "University of Missouri", "ror": "https://ror.org/02ymw8z06", "country_code": "US", "type": "education"}], "is_corresponding": null, "raw_affiliation_string": "University of  Missouri"}], "cited_by_count": 163, "biblio": {"volume": "12", "issue": "2", "first_page": "195", "last_page": "223"}, "is_retracted": false, "is_paratext": false, "concepts": [{"id": "https://openalex.org/C70437156", "wikidata": "https://www.wikidata.org/wiki/Q7228652", "display_name": "Pooling", "level": 2, "score": "0.69897276"}, {"id": "https://openalex.org/C2776214188", "wikidata": "https://www.wikidata.org/wiki/Q408386", "display_name": "Inference", "level": 2, "score": "0.65296763"}, {"id": "https://openalex.org/C160234255", "wikidata": "https://www.wikidata.org/wiki/Q812535", "display_name": "Bayesian inference", "level": 3, "score": "0.6491569"}, {"id": "https://openalex.org/C107673813", "wikidata": "https://www.wikidata.org/wiki/Q812534", "display_name": "Bayesian probability", "level": 2, "score": "0.62921834"}, {"id": "https://openalex.org/C144986985", "wikidata": "https://www.wikidata.org/wiki/Q871236", "display_name": "Hierarchical database model", "level": 2, "score": "0.5645897"}, {"id": "https://openalex.org/C114289077", "wikidata": "https://www.wikidata.org/wiki/Q3284399", "display_name": "Statistical model", "level": 2, "score": "0.51314837"}, {"id": "https://openalex.org/C191413810", "wikidata": "https://www.wikidata.org/wiki/Q17100952", "display_name": "Bayesian hierarchical modeling", "level": 4, "score": "0.5076436"}, {"id": "https://openalex.org/C134261354", "wikidata": "https://www.wikidata.org/wiki/Q938438", "display_name": "Statistical inference", "level": 2, "score": "0.50418174"}, {"id": "https://openalex.org/C53059260", "wikidata": "https://www.wikidata.org/wiki/Q374758", "display_name": "Multilevel model", "level": 2, "score": "0.4891191"}, {"id": "https://openalex.org/C111350023", "wikidata": "https://www.wikidata.org/wiki/Q1191869", "display_name": "Markov chain Monte Carlo", "level": 3, "score": "0.44951865"}, {"id": "https://openalex.org/C154945302", "wikidata": "https://www.wikidata.org/wiki/Q11660", "display_name": "Artificial intelligence", "level": 1, "score": "0.43687356"}, {"id": "https://openalex.org/C101112237", "wikidata": "https://www.wikidata.org/wiki/Q4874481", "display_name": "Bayesian statistics", "level": 4, "score": "0.41148013"}, {"id": "https://openalex.org/C41008148", "wikidata": "https://www.wikidata.org/wiki/Q21198", "display_name": "Computer science", "level": 0, "score": "0.398708"}, {"id": "https://openalex.org/C15744967", "wikidata": "https://www.wikidata.org/wiki/Q9418", "display_name": "Psychology", "level": 0, "score": "0.39760306"}, {"id": "https://openalex.org/C105795698", "wikidata": "https://www.wikidata.org/wiki/Q12483", "display_name": "Statistics", "level": 1, "score": "0.376288"}, {"id": "https://openalex.org/C119857082", "wikidata": "https://www.wikidata.org/wiki/Q2539", "display_name": "Machine learning", "level": 1, "score": "0.37003106"}, {"id": "https://openalex.org/C124101348", "wikidata": "https://www.wikidata.org/wiki/Q172491", "display_name": "Data mining", "level": 1, "score": "0.3086634"}, {"id": "https://openalex.org/C33923547", "wikidata": "https://www.wikidata.org/wiki/Q395", "display_name": "Mathematics", "level": 0, "score": "0.15990072"}], "mesh": [{"descriptor_ui": "D003071", "descriptor_name": "Cognition", "qualifier_ui": "", "qualifier_name": null, "is_major_topic": true}, {"descriptor_ui": "D011930", "descriptor_name": "Reaction Time", "qualifier_ui": "", "qualifier_name": null, "is_major_topic": true}, {"descriptor_ui": "D006801", "descriptor_name": "Humans", "qualifier_ui": "", "qualifier_name": null, "is_major_topic": false}, {"descriptor_ui": "D009010", "descriptor_name": "Monte Carlo Method", "qualifier_ui": "", "qualifier_name": null, "is_major_topic": false}], "locations": [{"is_oa": true, "landing_page_url": "https://doi.org/10.3758/bf03257252", "pdf_url": null, "source": {"id": "https://openalex.org/S138679565", "display_name": "Psychonomic Bulletin & Review", "issn_l": "1069-9384", "issn": ["1531-5320", "1069-9384"], "host_organization": "https://openalex.org/P4310319900", "host_organization_name": "Springer Science+Business Media", "type": "journal"}, "license": null, "version": "publishedVersion"}], "best_oa_location": {"is_oa": true, "landing_page_url": "https://doi.org/10.3758/bf03257252", "pdf_url": null, "source": {"id": "https://openalex.org/S138679565", "display_name": "Psychonomic Bulletin & Review", "issn_l": "1069-9384", "issn": ["1531-5320", "1069-9384"], "host_organization": "https://openalex.org/P4310319900", "host_organization_name": "Springer Science+Business Media", "type": "journal"}, "license": null, "version": "publishedVersion"}, "alternate_host_venues": [{"id": "https://openalex.org/S138679565", "display_name": "Psychonomic Bulletin & Review", "type": "journal", "url": "https://link.springer.com/content/pdf/10.3758/BF03257252.pdf", "is_oa": true, "version": "publishedVersion", "license": null}], "referenced_works": ["https://openalex.org/W1584127072", "https://openalex.org/W1964056238", "https://openalex.org/W1964227641", "https://openalex.org/W1967485420", "https://openalex.org/W1970967325", "https://openalex.org/W1972393697", "https://openalex.org/W1972571326", "https://openalex.org/W1973593332", "https://openalex.org/W1974967322", "https://openalex.org/W1977919377", "https://openalex.org/W1978987286", "https://openalex.org/W1981674338", "https://openalex.org/W1983420732", "https://openalex.org/W1985429070", "https://openalex.org/W1989191993", "https://openalex.org/W1991630384", "https://openalex.org/W1992228217", "https://openalex.org/W1996114666", "https://openalex.org/W1996401328", "https://openalex.org/W1996576729", "https://openalex.org/W2000725316", "https://openalex.org/W2001498147", "https://openalex.org/W2001569942", "https://openalex.org/W2001932599", "https://openalex.org/W2003281240", "https://openalex.org/W2011831660", "https://openalex.org/W2013068849", "https://openalex.org/W2013335521", "https://openalex.org/W2013797753", "https://openalex.org/W2019479854", "https://openalex.org/W2021078113", "https://openalex.org/W2022741721", "https://openalex.org/W2027369625", "https://openalex.org/W2027380211", "https://openalex.org/W2030106096", "https://openalex.org/W2030886008", "https://openalex.org/W2031047854", "https://openalex.org/W2031132359", "https://openalex.org/W2031737172", "https://openalex.org/W2032946087", "https://openalex.org/W2044427997", "https://openalex.org/W2045592365", "https://openalex.org/W2054137409", "https://openalex.org/W2056425691", "https://openalex.org/W2063965420", "https://openalex.org/W2067525869", "https://openalex.org/W2068285057", "https://openalex.org/W2070706581", "https://openalex.org/W2073257493", "https://openalex.org/W2073371272", "https://openalex.org/W2078457824", "https://openalex.org/W2078938818", "https://openalex.org/W2082574675", "https://openalex.org/W2083875149", "https://openalex.org/W2086295830", "https://openalex.org/W2090142883", "https://openalex.org/W2092238422", "https://openalex.org/W2093766854", "https://openalex.org/W2093982073", "https://openalex.org/W2094155146", "https://openalex.org/W2098205603", "https://openalex.org/W2100476792", "https://openalex.org/W2105911655", "https://openalex.org/W2106654511", "https://openalex.org/W2108742446", "https://openalex.org/W2120824791", "https://openalex.org/W2121798652", "https://openalex.org/W2122902656", "https://openalex.org/W2128762404", "https://openalex.org/W2132921594", "https://openalex.org/W2135306887", "https://openalex.org/W2141273336", "https://openalex.org/W2149095485", "https://openalex.org/W2151076681", "https://openalex.org/W2153064519", "https://openalex.org/W2156523753", "https://openalex.org/W2170334334", "https://openalex.org/W2170454983", "https://openalex.org/W2171074980", "https://openalex.org/W2416121625", "https://openalex.org/W2486126034", "https://openalex.org/W3167752473", "https://openalex.org/W4211177544", "https://openalex.org/W4239952295", "https://openalex.org/W4243053762", "https://openalex.org/W4244393294", "https://openalex.org/W4247690662", "https://openalex.org/W4249365816", "https://openalex.org/W4250839589", "https://openalex.org/W4254773902", "https://openalex.org/W4255378338", "https://openalex.org/W4256692276", "https://openalex.org/W4295354592", "https://openalex.org/W4301459447"], "related_works": ["https://openalex.org/W2065699483", "https://openalex.org/W2266006640", "https://openalex.org/W2887284286", "https://openalex.org/W2950181669", "https://openalex.org/W2950480453", "https://openalex.org/W2991632818", "https://openalex.org/W3199700691", "https://openalex.org/W3201051182", "https://openalex.org/W4286976891", "https://openalex.org/W4310842524"], "ngrams_url": "https://api.openalex.org/works/W2065699483/ngrams", "abstract_inverted_index": {"We": [0, 116], "present": [1], "a": [2, 21, 54, 90], "statistical": [3], "model": [4, 13, 49, 70, 106, 119], "for": [5, 81], "inference": [6, 46], "with": [7, 47], "response": [8], "time": [9], "(RT)": [10], "distributions.": [11, 33], "The": [12], "has": [14], "the": [15, 25, 48, 69, 87, 103, 118, 125, 136], "following": [16], "features.": [17], "First,": [18], "it": [19, 35, 76], "provides": [20, 53, 107], "means": [22, 58], "of": [23, 31, 59, 93, 124], "estimating": [24], "shape,": [26], "scale,": [27], "and": [28, 38, 41, 52, 56], "location": [29], "(shift)": [30], "RT": [32], "Second,": [34], "is": [36, 50, 77], "hierarchical": [37, 104], "models": [39], "between-subjects": [40], "within-subjects": [42], "variability": [43], "simultaneously.": [44], "Third,": [45], "Bayesian": [51, 105], "principled": [55], "efficient": [57], "pooling": [60], "information": [61, 73], "across": [62, 74], "disparate": [63], "data": [64], "from": [65, 95], "different": [66], "individuals.": [67], "Because": [68], "efficiently": [71], "pools": [72], "individuals,": [75], "particularly": [78], "well": [79], "suited": [80], "those": [82], "common": [83], "cases": [84], "in": [85, 129], "which": [86, 130], "researcher": [88], "collects": [89], "limited": [91], "number": [92], "observations": [94], "several": [96, 112], "participants.": [97], "Monte": [98], "Carlo": [99], "simulations": [100], "reveal": [101], "that": [102, 142], "more": [108, 133], "accurate": [109], "estimates": [110], "than": [111, 141], "popular": [113], "competitors": [114], "do.": [115], "illustrate": [117], "by": [120], "providing": [121], "an": [122], "analysis": [123], "symbolic": [126], "distance": [127], "effect": [128], "participants": [131], "can": [132], "quickly": [134], "ascertain": [135], "relationship": [137], "between": [138, 143], "nonadjacent": [139], "digits": [140], "adjacent": [144], "digits.": [145]}, "cited_by_api_url": "https://api.openalex.org/works?filter=cites:W2065699483", "counts_by_year": [{"year": 2022, "cited_by_count": 4}, {"year": 2021, "cited_by_count": 4}, {"year": 2020, "cited_by_count": 8}, {"year": 2019, "cited_by_count": 7}, {"year": 2018, "cited_by_count": 8}, {"year": 2017, "cited_by_count": 15}, {"year": 2016, "cited_by_count": 9}, {"year": 2015, "cited_by_count": 12}, {"year": 2014, "cited_by_count": 3}, {"year": 2013, "cited_by_count": 10}, {"year": 2012, "cited_by_count": 10}], "updated_date": "2023-03-12T01:11:53.357643", "created_date": "2016-06-24"}, {"id": "https://openalex.org/W2057403693", "doi": "https://doi.org/10.1371/journal.pone.0058369", "title": "Bayesian Inference for Generalized Linear Mixed Model Based on the Multivariate t Distribution in Population Pharmacokinetic Study", "display_name": "Bayesian Inference for Generalized Linear Mixed Model Based on the Multivariate t Distribution in Population Pharmacokinetic Study", "publication_year": 2013, "publication_date": "2013-03-08", "ids": {"openalex": "https://openalex.org/W2057403693", "doi": "https://doi.org/10.1371/journal.pone.0058369", "mag": "2057403693", "pmid": "https://pubmed.ncbi.nlm.nih.gov/23520504", "pmcid": "https://www.ncbi.nlm.nih.gov/pmc/articles/3592804"}, "primary_location": {"is_oa": true, "landing_page_url": "https://doi.org/10.1371/journal.pone.0058369", "pdf_url": null, "source": {"id": "https://openalex.org/S202381698", "display_name": "PLOS ONE", "issn_l": "1932-6203", "issn": ["1932-6203"], "host_organization": "https://openalex.org/P4310315706", "host_organization_name": "Public Library of Science", "type": "journal"}, "license": "cc-by", "version": "publishedVersion"}, "host_venue": {"id": "https://openalex.org/S202381698", "issn_l": "1932-6203", "issn": ["1932-6203"], "display_name": "PLOS ONE", "publisher": "Public Library of Science", "type": "journal", "url": "https://journals.plos.org/plosone/article/file?id=10.1371/journal.pone.0058369&type=printable", "is_oa": true, "version": "publishedVersion", "license": "cc-by"}, "type": "journal-article", "open_access": {"is_oa": true, "oa_status": "gold", "oa_url": "https://journals.plos.org/plosone/article/file?id=10.1371/journal.pone.0058369&type=printable"}, "authorships": [{"author_position": "first", "author": {"id": "https://openalex.org/A2637629049", "display_name": "Fangrong Yan", "orcid": "https://orcid.org/0000-0003-1654-681X"}, "institutions": [{"id": "https://openalex.org/I76569877", "display_name": "Southeast University", "ror": "https://ror.org/04ct4d772", "country_code": "CN", "type": "education"}, {"id": "https://openalex.org/I161716053", "display_name": "China Pharmaceutical University", "ror": "https://ror.org/01sfm2718", "country_code": "CN", "type": "education"}], "is_corresponding": null, "raw_affiliation_string": "Department of Mathematics, Southeast University, Nanjing, China; State Key Laboratory of Natural Medicines, China Pharmaceutical University, Nanjing, China"}, {"author_position": "middle", "author": {"id": "https://openalex.org/A2165919176", "display_name": "Yuan Huang", "orcid": "https://orcid.org/0000-0001-7683-9193"}, "institutions": [{"id": "https://openalex.org/I161716053", "display_name": "China Pharmaceutical University", "ror": "https://ror.org/01sfm2718", "country_code": "CN", "type": "education"}], "is_corresponding": null, "raw_affiliation_string": "State Key Laboratory of Natural Medicines, China Pharmaceutical University, Nanjing, China"}, {"author_position": "middle", "author": {"id": "https://openalex.org/A2123209836", "display_name": "Junlin Liu", "orcid": null}, "institutions": [{"id": "https://openalex.org/I161716053", "display_name": "China Pharmaceutical University", "ror": "https://ror.org/01sfm2718", "country_code": "CN", "type": "education"}], "is_corresponding": null, "raw_affiliation_string": "State Key Laboratory of Natural Medicines, China Pharmaceutical University, Nanjing, China"}, {"author_position": "middle", "author": {"id": "https://openalex.org/A2237062588", "display_name": "Tao Lu", "orcid": null}, "institutions": [{"id": "https://openalex.org/I161716053", "display_name": "China Pharmaceutical University", "ror": "https://ror.org/01sfm2718", "country_code": "CN", "type": "education"}], "is_corresponding": null, "raw_affiliation_string": "State Key Laboratory of Natural Medicines, China Pharmaceutical University, Nanjing, China"}, {"author_position": "last", "author": {"id": "https://openalex.org/A2167232386", "display_name": "Jin-Hong Lin", "orcid": "https://orcid.org/0000-0002-7000-9540"}, "institutions": [{"id": "https://openalex.org/I76569877", "display_name": "Southeast University", "ror": "https://ror.org/04ct4d772", "country_code": "CN", "type": "education"}], "is_corresponding": null, "raw_affiliation_string": "Department of Mathematics, Southeast University, Nanjing , China"}], "cited_by_count": 1, "biblio": {"volume": "8", "issue": "3", "first_page": "e58369", "last_page": "e58369"}, "is_retracted": false, "is_paratext": false, "concepts": [{"id": "https://openalex.org/C161584116", "wikidata": "https://www.wikidata.org/wiki/Q1952580", "display_name": "Multivariate statistics", "level": 2, "score": "0.61896217"}, {"id": "https://openalex.org/C160234255", "wikidata": "https://www.wikidata.org/wiki/Q812535", "display_name": "Bayesian inference", "level": 3, "score": "0.5654902"}, {"id": "https://openalex.org/C79337645", "wikidata": "https://www.wikidata.org/wiki/Q779824", "display_name": "Outlier", "level": 2, "score": "0.549477"}, {"id": "https://openalex.org/C107673813", "wikidata": "https://www.wikidata.org/wiki/Q812534", "display_name": "Bayesian probability", "level": 2, "score": "0.4980967"}, {"id": "https://openalex.org/C41008148", "wikidata": "https://www.wikidata.org/wiki/Q21198", "display_name": "Computer science", "level": 0, "score": "0.49040747"}, {"id": "https://openalex.org/C2908647359", "wikidata": "https://www.wikidata.org/wiki/Q2625603", "display_name": "Population", "level": 2, "score": "0.48040226"}, {"id": "https://openalex.org/C2776214188", "wikidata": "https://www.wikidata.org/wiki/Q408386", "display_name": "Inference", "level": 2, "score": "0.47439125"}, {"id": "https://openalex.org/C105795698", "wikidata": "https://www.wikidata.org/wiki/Q12483", "display_name": "Statistics", "level": 1, "score": "0.47024313"}, {"id": "https://openalex.org/C64946054", "wikidata": "https://www.wikidata.org/wiki/Q4874476", "display_name": "Bayesian multivariate linear regression", "level": 3, "score": "0.4649139"}, {"id": "https://openalex.org/C41587187", "wikidata": "https://www.wikidata.org/wiki/Q1501882", "display_name": "Generalized linear model", "level": 2, "score": "0.4386854"}, {"id": "https://openalex.org/C153720581", "wikidata": "https://www.wikidata.org/wiki/Q5532490", "display_name": "Generalized linear mixed model", "level": 2, "score": "0.42837048"}, {"id": "https://openalex.org/C57830394", "wikidata": "https://www.wikidata.org/wiki/Q278079", "display_name": "Posterior probability", "level": 3, "score": "0.4129555"}, {"id": "https://openalex.org/C33923547", "wikidata": "https://www.wikidata.org/wiki/Q395", "display_name": "Mathematics", "level": 0, "score": "0.38442954"}, {"id": "https://openalex.org/C154945302", "wikidata": "https://www.wikidata.org/wiki/Q11660", "display_name": "Artificial intelligence", "level": 1, "score": "0.26773375"}, {"id": "https://openalex.org/C48921125", "wikidata": "https://www.wikidata.org/wiki/Q10861030", "display_name": "Linear regression", "level": 2, "score": "0.19649339"}, {"id": "https://openalex.org/C71924100", "wikidata": "https://www.wikidata.org/wiki/Q11190", "display_name": "Medicine", "level": 0, "score": "0.11939439"}, {"id": "https://openalex.org/C99454951", "wikidata": "https://www.wikidata.org/wiki/Q932068", "display_name": "Environmental health", "level": 1, "score": "0.0"}], "mesh": [{"descriptor_ui": "D008954", "descriptor_name": "Models, Biological", "qualifier_ui": "", "qualifier_name": null, "is_major_topic": true}, {"descriptor_ui": "D010599", "descriptor_name": "Pharmacokinetics", "qualifier_ui": "", "qualifier_name": null, "is_major_topic": true}, {"descriptor_ui": "D001499", "descriptor_name": "Bayes Theorem", "qualifier_ui": "", "qualifier_name": null, "is_major_topic": false}, {"descriptor_ui": "D005260", "descriptor_name": "Female", "qualifier_ui": "", "qualifier_name": null, "is_major_topic": false}, {"descriptor_ui": "D006801", "descriptor_name": "Humans", "qualifier_ui": "", "qualifier_name": null, "is_major_topic": false}, {"descriptor_ui": "D008297", "descriptor_name": "Male", "qualifier_ui": "", "qualifier_name": null, "is_major_topic": false}], "locations": [{"is_oa": true, "landing_page_url": "https://doi.org/10.1371/journal.pone.0058369", "pdf_url": null, "source": {"id": "https://openalex.org/S202381698", "display_name": "PLOS ONE", "issn_l": "1932-6203", "issn": ["1932-6203"], "host_organization": "https://openalex.org/P4310315706", "host_organization_name": "Public Library of Science", "type": "journal"}, "license": "cc-by", "version": "publishedVersion"}, {"is_oa": true, "landing_page_url": "https://europepmc.org/articles/pmc3592804", "pdf_url": "https://europepmc.org/articles/pmc3592804?pdf=render", "source": {"id": "https://openalex.org/S4306400806", "display_name": "Europe PMC (PubMed Central)", "issn_l": null, "issn": null, "host_organization": null, "host_organization_name": "PubMed Central", "type": "repository"}, "license": "cc-by", "version": "publishedVersion"}, {"is_oa": true, "landing_page_url": "https://www.ncbi.nlm.nih.gov/pmc/articles/PMC3592804", "pdf_url": null, "source": {"id": "https://openalex.org/S2764455111", "display_name": "PubMed Central", "issn_l": null, "issn": null, "host_organization": "https://openalex.org/I1299303238", "host_organization_name": null, "type": "repository"}, "license": null, "version": "publishedVersion"}], "best_oa_location": {"is_oa": true, "landing_page_url": "https://doi.org/10.1371/journal.pone.0058369", "pdf_url": null, "source": {"id": "https://openalex.org/S202381698", "display_name": "PLOS ONE", "issn_l": "1932-6203", "issn": ["1932-6203"], "host_organization": "https://openalex.org/P4310315706", "host_organization_name": "Public Library of Science", "type": "journal"}, "license": "cc-by", "version": "publishedVersion"}, "alternate_host_venues": [{"id": "https://openalex.org/S202381698", "display_name": "PLOS ONE", "type": "journal", "url": "https://journals.plos.org/plosone/article/file?id=10.1371/journal.pone.0058369&type=printable", "is_oa": true, "version": "publishedVersion", "license": "cc-by"}, {"id": "https://openalex.org/S4306400806", "display_name": "Europe PMC (PubMed Central)", "type": "repository", "url": "https://europepmc.org/articles/pmc3592804?pdf=render", "is_oa": true, "version": "publishedVersion", "license": "cc-by"}, {"id": "https://openalex.org/S2764455111", "display_name": "PubMed Central", "type": "repository", "url": "https://www.ncbi.nlm.nih.gov/pmc/articles/PMC3592804", "is_oa": true, "version": "publishedVersion", "license": null}], "referenced_works": ["https://openalex.org/W1987411318", "https://openalex.org/W1988356154", "https://openalex.org/W1997792006", "https://openalex.org/W2004096309", "https://openalex.org/W2033174366", "https://openalex.org/W2057108698", "https://openalex.org/W2057481945", "https://openalex.org/W2058713030", "https://openalex.org/W2082246284", "https://openalex.org/W2092154724", "https://openalex.org/W2092226493", "https://openalex.org/W2097909115", "https://openalex.org/W2108668442", "https://openalex.org/W2111143989", "https://openalex.org/W2121662981", "https://openalex.org/W2137311812", "https://openalex.org/W2157298598", "https://openalex.org/W2163200222", "https://openalex.org/W2165330647", "https://openalex.org/W2480595562", "https://openalex.org/W4256431090"], "related_works": ["https://openalex.org/W1589074490", "https://openalex.org/W1903314540", "https://openalex.org/W1972161027", "https://openalex.org/W2022045683", "https://openalex.org/W2057403693", "https://openalex.org/W2099667085", "https://openalex.org/W2144847605", "https://openalex.org/W3166331719", "https://openalex.org/W3168765527", "https://openalex.org/W4226369225"], "ngrams_url": "https://api.openalex.org/works/W2057403693/ngrams", "abstract_inverted_index": {"This": [0], "article": [1], "provides": [2], "a": [3, 16, 32, 45, 52, 108], "fully": [4], "bayesian": [5], "approach": [6], "for": [7], "modeling": [8], "of": [9, 25, 30, 57, 67, 97, 111], "single-dose": [10], "and": [11, 27, 63, 80, 95, 107], "complete": [12], "pharmacokinetic": [13, 18, 75], "data": [14, 106], "in": [15], "population": [17, 74], "(PK)": [19], "model.": [20], "To": [21], "overcome": [22], "the": [23, 28, 39, 42, 65, 68, 81, 89, 98, 104], "impact": [24], "outliers": [26], "difficulty": [29], "computation,": [31], "generalized": [33], "linear": [34], "model": [35, 100], "is": [36, 51, 60], "chosen": [37], "with": [38], "hypothesis": [40], "that": [41], "errors": [43], "follow": [44], "multivariate": [46, 69], "Student": [47], "t": [48, 70], "distribution": [49, 71], "which": [50], "heavy-tailed": [53], "distribution.": [54], "The": [55, 93], "aim": [56], "this": [58], "study": [59], "to": [61, 72, 87], "investigate": [62], "implement": [64], "performance": [66], "analyze": [73], "data.": [76, 113], "Bayesian": [77], "predictive": [78], "inferences": [79], "Metropolis-Hastings": [82], "algorithm": [83], "schemes": [84], "are": [85, 101], "used": [86], "process": [88], "intractable": [90], "posterior": [91], "integration.": [92], "precision": [94], "accuracy": [96], "proposed": [99], "illustrated": [102], "by": [103], "simulating": [105], "real": [109], "example": [110], "theophylline": [112]}, "cited_by_api_url": "https://api.openalex.org/works?filter=cites:W2057403693", "counts_by_year": [{"year": 2022, "cited_by_count": 1}], "updated_date": "2023-03-13T05:15:00.255443", "created_date": "2016-06-24"}]