openalex_id,doi,pmid,lens_id,label_included,label_abstract_included
https://openalex.org/w4400998191,https://doi.org/10.69554/lihr6053,,,0,0
https://openalex.org/w2605726874,https://doi.org/10.1080/13504622.2017.1318114,,,0,0
https://openalex.org/w3110677916,https://doi.org/10.5751/es-11798-260101,,,0,0
https://openalex.org/w3204392539,https://doi.org/10.3390/su131910518,,,0,0
https://openalex.org/w2914555011,https://doi.org/10.1080/17524032.2018.1557726,,,0,0
https://openalex.org/w2795806432,https://doi.org/10.1007/s10584-018-2181-7,,,0,0
https://openalex.org/w1983855211,https://doi.org/10.1016/j.resourpol.2012.10.004,,,0,0
https://openalex.org/w2121600794,https://doi.org/10.1073/pnas.1212740110,,,0,0
https://openalex.org/w2966819723,https://doi.org/10.1017/dmp.2019.71,,,0,0
https://openalex.org/w3191104535,https://doi.org/10.1016/j.scitotenv.2021.149605,,,0,0
https://openalex.org/w1930749556,https://doi.org/10.1027/1864-1105/a000080,,,0,0
https://openalex.org/w2280159595,https://doi.org/10.1016/j.agsy.2016.01.001,,,0,0
https://openalex.org/w4200352570,https://doi.org/10.22323/2.20070208,,,0,1
https://openalex.org/w3184741740,https://doi.org/10.1002/pan3.10241,,,0,0
https://openalex.org/w2797007295,https://doi.org/10.1080/1533015x.2018.1454358,,,0,0
https://openalex.org/w4200480499,https://doi.org/10.1016/j.jarmac.2021.10.002,,,0,1
https://openalex.org/w2893503558,https://doi.org/10.1016/j.erss.2018.08.025,,,0,0
https://openalex.org/w3094328620,https://doi.org/10.1111/soin.12394,,,0,0
https://openalex.org/w3129862549,https://doi.org/10.1016/j.futures.2021.102703,,,0,0
https://openalex.org/w2112536908,https://doi.org/10.1007/s10212-012-0155-0,,,0,0
https://openalex.org/w3158179417,https://doi.org/10.3389/fcomm.2021.586297,,,0,1
https://openalex.org/w3155502095,https://doi.org/10.1080/17524032.2021.1913208,,,0,1
https://openalex.org/w3174394925,https://doi.org/10.1177/00139165211026607,,,0,0
https://openalex.org/w2078933260,https://doi.org/10.1016/j.jenvman.2013.12.033,,,0,0
https://openalex.org/w2221358172,,,,0,0
https://openalex.org/w2012554818,https://doi.org/10.1080/09505431.2014.917620,,,0,0
https://openalex.org/w3082724994,https://doi.org/10.1080/21683565.2020.1812788,,,0,0
https://openalex.org/w2964672349,https://doi.org/10.1080/17524032.2019.1626754,,,0,0
https://openalex.org/w3094015298,https://doi.org/10.1177/0963662520966165,,,0,0
https://openalex.org/w1190620541,https://doi.org/10.1016/j.jort.2015.07.001,,,0,0
https://openalex.org/w3173874193,https://doi.org/10.1007/s10584-021-03138-5,,,0,0
https://openalex.org/w4210814752,https://doi.org/10.1080/20507828.2021.2019975,,,0,0
https://openalex.org/w3201567681,https://doi.org/10.3390/w13182599,,,0,0
https://openalex.org/w3045664473,https://doi.org/10.1177/2393957520936884,,,0,0
https://openalex.org/w2976339468,https://doi.org/10.1016/j.erss.2019.101290,,,0,0
https://openalex.org/w2945458288,https://doi.org/10.1017/s0032247419000093,,,0,0
https://openalex.org/w2729204958,https://doi.org/10.1007/s10098-017-1387-0,,,0,0
https://openalex.org/w3167568033,https://doi.org/10.1177/09636625211020661,,,0,0
https://openalex.org/w1994862624,https://doi.org/10.1016/j.gloenvcha.2013.06.001,,,0,0
https://openalex.org/w2488825334,https://doi.org/10.1371/journal.pone.0157658,,,0,1
https://openalex.org/w3136126186,https://doi.org/10.1177/23294965211001403,,,0,0
https://openalex.org/w3158055046,https://doi.org/10.1002/awwa.1710,,,0,0
https://openalex.org/w2947233133,https://doi.org/10.1080/23311886.2019.1625101,,,0,0
https://openalex.org/w3169072003,https://doi.org/10.1002/nse2.20063,,,0,0
https://openalex.org/w2891375089,https://doi.org/10.1016/j.polgeo.2018.09.006,,,0,1
https://openalex.org/w3132415543,https://doi.org/10.1080/14775700.2021.1875726,,,0,0
https://openalex.org/w2340774665,https://doi.org/10.1108/ijdrbe-07-2013-0028,,,0,0
https://openalex.org/w2471629088,https://doi.org/10.1177/1075547016655357,,,0,0
https://openalex.org/w2509207574,https://doi.org/10.1016/j.envsci.2016.08.007,,,0,0
https://openalex.org/w2746174026,https://doi.org/10.1007/s00267-017-0918-0,,,0,0
https://openalex.org/w2773952454,https://doi.org/10.22323/2.16050204,,,0,0
https://openalex.org/w2102252347,https://doi.org/10.1016/j.jenvman.2013.08.038,,,0,0
https://openalex.org/w3115294418,https://doi.org/10.1177/0963662520981729,,,0,0
https://openalex.org/w2294070459,https://doi.org/10.1016/j.scitotenv.2015.11.125,,,0,0
https://openalex.org/w2542200423,https://doi.org/10.1080/09644016.2016.1244967,,,0,0
https://openalex.org/w2937673812,https://doi.org/10.1177/0963662519840946,,,0,0
https://openalex.org/w1985466277,https://doi.org/10.1017/s1466046613000446,,,0,0
https://openalex.org/w3064129820,https://doi.org/10.1007/s11948-020-00258-6,,,0,0
https://openalex.org/w2080885176,https://doi.org/10.1177/0091450915570308,,,0,0
https://openalex.org/w2075438865,https://doi.org/10.1007/s10584-012-0424-6,,,0,0
https://openalex.org/w2566171376,https://doi.org/10.1177/1075547015611131,,,0,0
https://openalex.org/w3199897302,https://doi.org/10.1177/20563051211038262,,,0,0
https://openalex.org/w4220852511,https://doi.org/10.1007/s10745-022-00307-7,,,0,0
https://openalex.org/w3126032625,https://doi.org/10.1080/13669877.2016.1148067,,,0,0
https://openalex.org/w2092838890,https://doi.org/10.1007/s13412-013-0136-x,,,0,0
https://openalex.org/w1839520785,https://doi.org/10.1016/j.crm.2015.08.001,,,0,0
https://openalex.org/w2995344281,https://doi.org/10.1108/jcom-06-2019-0092,,,0,0
https://openalex.org/w2090464079,https://doi.org/10.1007/s10460-014-9531-5,,,0,0
https://openalex.org/w3023996018,,,,0,0
https://openalex.org/w2584190650,https://doi.org/10.1016/j.geoforum.2017.01.012,,,0,0
https://openalex.org/w2504309071,https://doi.org/10.18848/2325-1077/cgp/v08i03/55051,,,0,0
https://openalex.org/w2077204021,https://doi.org/10.1016/j.gloenvcha.2012.12.012,,,0,0
https://openalex.org/w2158954185,https://doi.org/10.1007/s10584-015-1533-9,,,0,0
https://openalex.org/w3034971944,https://doi.org/10.1080/17524032.2020.1777181,,,0,0
https://openalex.org/w1505464782,,,,0,0
https://openalex.org/w1976177331,https://doi.org/10.1093/jel/eqs027,,,0,0
https://openalex.org/w2965749013,https://doi.org/10.1177/0963662519865448,,,0,0
https://openalex.org/w2729912664,https://doi.org/10.22323/2.15060204,,,0,0
https://openalex.org/w3160245792,https://doi.org/10.1080/15205436.2021.1925300,,,0,0
https://openalex.org/w2440721022,https://doi.org/10.1080/15205436.2016.1183029,,,0,0
https://openalex.org/w2060079273,https://doi.org/10.1080/17524032.2014.906478,,,0,0
https://openalex.org/w3010747518,https://doi.org/10.17645/mac.v8i1.2495,,,0,0
https://openalex.org/w2549485079,https://doi.org/10.1080/17524032.2016.1241814,,,0,0
https://openalex.org/w4246789345,https://doi.org/10.1177/1075547019848766,,,0,0
https://openalex.org/w3181996570,https://doi.org/10.1080/20964471.2021.1936943,,,0,0
https://openalex.org/w2572220117,,,,0,0
https://openalex.org/w2810986115,https://doi.org/10.18174/449786,,,0,0
https://openalex.org/w2791253234,https://doi.org/10.1016/j.exis.2018.03.004,,,0,0
https://openalex.org/w2510125714,,,,0,0
https://openalex.org/w3136701905,https://doi.org/10.3390/su13063406,,,0,0
https://openalex.org/w2578461504,https://doi.org/10.1016/j.ijhydene.2016.12.152,,,0,0
https://openalex.org/w2133491844,https://doi.org/10.1177/1075547013502733,,,0,0
https://openalex.org/w3208108005,https://doi.org/10.14512/gaia.30.3.9,,,0,1
https://openalex.org/w2595649701,https://doi.org/10.1016/j.jenvp.2017.03.010,,,0,1
https://openalex.org/w2913687668,https://doi.org/10.7577/formakademisk.2647,,,0,0
https://openalex.org/w832777451,https://doi.org/10.1016/j.crm.2015.06.005,,,0,0
https://openalex.org/w2998119100,https://doi.org/10.1016/j.envsci.2019.12.012,,,0,0
https://openalex.org/w2015281333,https://doi.org/10.1068/c12133,,,0,0
https://openalex.org/w2921917614,https://doi.org/10.22323/2.18020205,,,0,0
https://openalex.org/w1838338160,https://doi.org/10.1111/j.1539-6924.2012.01856.x,,,0,0
https://openalex.org/w3113161984,,,,0,0
https://openalex.org/w2910731856,https://doi.org/10.1073/pnas.1803726115,,,0,1
https://openalex.org/w2739103730,https://doi.org/10.1175/wcas-d-16-0110.1,,,0,0
https://openalex.org/w2186817494,https://doi.org/10.1016/j.landurbplan.2015.07.006,,,0,0
https://openalex.org/w2320163745,https://doi.org/10.1080/17524032.2016.1149086,,,0,0
https://openalex.org/w2505745731,https://doi.org/10.1515/euco-2016-0007,,,0,0
https://openalex.org/w2122088456,https://doi.org/10.1002/wcc.258,,,0,0
https://openalex.org/w2952198722,https://doi.org/10.3389/fpsyg.2019.00938,,,0,0
https://openalex.org/w2513335368,https://doi.org/10.1016/j.enpol.2016.09.001,,,0,0
https://openalex.org/w2164418972,https://doi.org/10.1177/0963662513482268,,,0,0
https://openalex.org/w2966744529,https://doi.org/10.1007/s11069-019-03706-0,,,0,0
https://openalex.org/w3042625231,https://doi.org/10.1111/ssqu.12843,,,0,1
https://openalex.org/w2992964234,https://doi.org/10.1080/17524032.2019.1696853,,,0,0
https://openalex.org/w2795806790,https://doi.org/10.1007/s10669-018-9683-8,,,0,0
https://openalex.org/w3176030566,https://doi.org/10.1108/jd-03-2021-0072,,,0,0
https://openalex.org/w3015292756,https://doi.org/10.1007/s10584-020-02706-5,,,0,0
https://openalex.org/w2059745460,https://doi.org/10.1371/journal.pbio.1001707,,,0,0
https://openalex.org/w2042040910,https://doi.org/10.1002/meet.14504901367,,,0,0
https://openalex.org/w2273896342,https://doi.org/10.1080/17524032.2015.1094103,,,0,0
https://openalex.org/w2031952006,https://doi.org/10.1016/j.jhydrol.2012.06.006,,,0,0
https://openalex.org/w2017714928,https://doi.org/10.1016/j.landusepol.2013.09.021,,,0,0
https://openalex.org/w2567276604,https://doi.org/10.1080/21711976.2016.1242229,,,0,0
https://openalex.org/w4200406648,https://doi.org/10.1007/s10584-021-03285-9,,,0,0
https://openalex.org/w2799885272,https://doi.org/10.3828/tpr.2018.17,,,0,0
https://openalex.org/w175458479,https://doi.org/10.1017/s1930297500005271,,,0,0
https://openalex.org/w3203097959,https://doi.org/10.1007/s13412-021-00718-w,,,0,1
https://openalex.org/w2797383744,https://doi.org/10.1016/s2095-3119(17)61753-2,,,0,0
https://openalex.org/w3081249129,https://doi.org/10.1080/15487733.2020.1789268,,,1,1
https://openalex.org/w2903297596,,,,0,1
https://openalex.org/w1873947634,https://doi.org/10.1177/1075547015592067,,,0,0
https://openalex.org/w2112781317,https://doi.org/10.1353/lib.2013.0008,,,0,0
https://openalex.org/w3025555236,https://doi.org/10.1080/17565529.2020.1763237,,,0,0
https://openalex.org/w2895417954,,,,0,0
https://openalex.org/w2124011746,https://doi.org/10.1002/wcc.333,,,0,0
https://openalex.org/w3213898045,https://doi.org/10.1111/1745-5871.12514,,,0,0
https://openalex.org/w2500506975,https://doi.org/10.1177/1748048516655728,,,0,1
https://openalex.org/w4205691045,https://doi.org/10.1080/20590776.2021.2018916,,,0,0
https://openalex.org/w3205462096,,,,0,0
https://openalex.org/w2315457610,https://doi.org/10.3390/su8040315,,,0,0
https://openalex.org/w2522302897,https://doi.org/10.1016/j.gloenvcha.2016.09.002,,,0,0
https://openalex.org/w2343711983,https://doi.org/10.1007/s10584-016-1678-1,,,0,1
https://openalex.org/w2511343326,https://doi.org/10.1515/commun-2016-0012,,,0,0
https://openalex.org/w2738347430,https://doi.org/10.1007/s11135-017-0538-z,,,0,0
https://openalex.org/w3016654988,https://doi.org/10.1073/pnas.1912441117,,,0,0
https://openalex.org/w2757710936,https://doi.org/10.1016/j.resconrec.2017.09.003,,,0,0
https://openalex.org/w2746361412,https://doi.org/10.1073/pnas.1704882114,,,0,0
https://openalex.org/w3214908897,https://doi.org/10.3389/feduc.2021.750952,,,0,0
https://openalex.org/w3197717939,https://doi.org/10.1016/j.erss.2021.102236,,,0,0
https://openalex.org/w2886544638,https://doi.org/10.1177/0013916518793482,,,0,0
https://openalex.org/w2523926788,https://doi.org/10.1016/j.gloenvcha.2016.09.004,,,0,0
https://openalex.org/w2800734133,https://doi.org/10.3390/ijerph15050875,,,0,0
https://openalex.org/w3042879525,https://doi.org/10.1111/cobi.13591,,,0,0
https://openalex.org/w2809680237,https://doi.org/10.1016/j.jenvman.2018.06.020,,,1,1
https://openalex.org/w2742760820,https://doi.org/10.1016/j.jaridenv.2017.08.001,,,0,0
https://openalex.org/w1970488360,https://doi.org/10.1080/19480881.2015.1021181,,,0,0
https://openalex.org/w2030528875,https://doi.org/10.1016/j.jenvp.2011.09.002,,,0,0
https://openalex.org/w2523010590,https://doi.org/10.1016/j.appet.2016.09.026,,,0,0
https://openalex.org/w300260255,https://doi.org/10.1016/j.ijdrr.2015.05.002,,,0,0
https://openalex.org/w1545361780,https://doi.org/10.1108/17568691311327604,,,0,0
https://openalex.org/w2537624212,https://doi.org/10.1016/j.crm.2016.10.004,,,0,0
https://openalex.org/w3005956903,https://doi.org/10.1016/j.gloenvcha.2020.102038,,,0,0
https://openalex.org/w3198395086,https://doi.org/10.1080/23251042.2021.1960098,,,0,0
https://openalex.org/w2523460496,https://doi.org/10.1007/s11625-016-0394-0,,,0,0
https://openalex.org/w3026012369,https://doi.org/10.1080/17524032.2020.1746680,,,0,0
https://openalex.org/w2987413554,https://doi.org/10.1111/sipr.12061,,,0,0
https://openalex.org/w1997713148,https://doi.org/10.1126/science.1245724,,034-447-760-578-396,0,0
https://openalex.org/w2574824619,https://doi.org/10.1080/10402381.2016.1264513,,,0,0
https://openalex.org/w3081238000,https://doi.org/10.1080/02650487.2020.1807230,,,0,1
https://openalex.org/w3124290622,https://doi.org/10.1016/j.erss.2021.101947,,,0,0
https://openalex.org/w2763267865,https://doi.org/10.1177/0002716214559002,,,0,1
https://openalex.org/w4220832205,https://doi.org/10.1007/s10584-021-03248-0,,,0,0
https://openalex.org/w2999300534,https://doi.org/10.3389/fmars.2019.00775,,,0,0
https://openalex.org/w2194925229,https://doi.org/10.1177/2158244015579723,,,0,0
https://openalex.org/w2002209546,https://doi.org/10.1016/j.gloenvcha.2011.09.011,,,0,0
https://openalex.org/w2786969459,https://doi.org/10.1016/j.enpol.2018.02.002,,,0,0
https://openalex.org/w3012580605,https://doi.org/10.1007/s00267-020-01283-8,,,0,0
https://openalex.org/w93552856,https://doi.org/10.2112/si65-175.1,,,0,0
https://openalex.org/w2984496996,https://doi.org/10.1016/j.gloenvcha.2019.101965,,,0,0
https://openalex.org/w2280254723,,,,0,0
https://openalex.org/w3154744721,https://doi.org/10.1111/1365-2745.13667,,,0,0
https://openalex.org/w2902975832,https://doi.org/10.3389/fpsyg.2018.02322,,,0,0
https://openalex.org/w2521459088,https://doi.org/10.1177/0013916516664382,,,0,0
https://openalex.org/w2949229422,https://doi.org/10.22323/2.18030204,,,0,0
https://openalex.org/w3193090071,https://doi.org/10.1007/s11948-014-9548-6,,,0,0
https://openalex.org/w2611347283,https://doi.org/10.17323/1996-7845-2017-01-148,,,0,0
https://openalex.org/w4205532207,https://doi.org/10.1007/s11191-021-00304-0,,,0,0
https://openalex.org/w2005503547,https://doi.org/10.1016/j.envsci.2014.07.010,,,0,0
https://openalex.org/w2793952592,https://doi.org/10.3389/fcomm.2018.00004,,,0,0
https://openalex.org/w3027879877,https://doi.org/10.1007/s13412-020-00617-6,,,0,0
https://openalex.org/w2790992485,https://doi.org/10.1080/09644016.2018.1423909,,,0,0
https://openalex.org/w2993936509,https://doi.org/10.1016/j.cliser.2019.100137,,,0,0
https://openalex.org/w2039537600,https://doi.org/10.17730/humo.70.3.v88841235897071m,,,0,0
https://openalex.org/w2724807421,https://doi.org/10.1080/20442041.2017.1326793,,,0,0
https://openalex.org/w2763642544,https://doi.org/10.1177/1075547017735113,,,0,0
https://openalex.org/w2408844150,https://doi.org/10.1002/wcc.410,,,0,0
https://openalex.org/w3109907527,https://doi.org/10.22323/2.19060303,,,0,0
https://openalex.org/w2587798887,https://doi.org/10.1080/00219266.2017.1285806,,,0,0
https://openalex.org/w2043954331,https://doi.org/10.1016/j.gloenvcha.2014.12.011,,,0,0
https://openalex.org/w3126171186,https://doi.org/10.3390/atmos12020241,,,0,0
https://openalex.org/w3007756809,https://doi.org/10.1016/j.landusepol.2020.104483,,,0,0
https://openalex.org/w3143968382,https://doi.org/10.1016/j.ijggc.2021.103312,,,0,0
https://openalex.org/w2257064137,https://doi.org/10.1016/j.crm.2016.01.004,,,0,0
https://openalex.org/w2810831265,https://doi.org/10.22323/2.17030201,,,0,0
https://openalex.org/w3014784043,https://doi.org/10.1016/j.socscimed.2020.112975,,,0,0
https://openalex.org/w2010253983,https://doi.org/10.3390/ijerph110403473,,,0,0
https://openalex.org/w3209640007,https://doi.org/10.1007/s10584-021-03211-z,,,0,0
https://openalex.org/w3181648235,https://doi.org/10.1080/14693062.2021.1947766,,,0,0
https://openalex.org/w2027264170,https://doi.org/10.1007/s10745-013-9605-9,,,0,0
https://openalex.org/w2996127934,https://doi.org/10.1525/elementa.390,,,0,0
https://openalex.org/w2953915679,https://doi.org/10.1016/j.cities.2019.102396,,,0,0
https://openalex.org/w3217008707,https://doi.org/10.1016/j.jhydrol.2021.127230,,,0,0
https://openalex.org/w2884937716,https://doi.org/10.3390/su10082616,,,0,0
https://openalex.org/w3123676583,https://doi.org/10.1177/0963662520985134,,,0,0
https://openalex.org/w3093529767,https://doi.org/10.1007/s10745-020-00186-w,,,0,0
https://openalex.org/w2976441000,https://doi.org/10.1037/a0039448,,,0,0
https://openalex.org/w3083776747,https://doi.org/10.1007/s11191-020-00156-0,,,0,0
https://openalex.org/w2121569339,https://doi.org/10.1177/0963662514545909,,,0,0
https://openalex.org/w2967777539,https://doi.org/10.2134/jeq2019.03.0114,,,0,0
https://openalex.org/w2904026969,https://doi.org/10.3390/su10124791,,,0,0
https://openalex.org/w2951296833,https://doi.org/10.3758/s13421-019-00948-y,,,0,1
https://openalex.org/w2094905698,https://doi.org/10.1088/1748-9326/9/5/054005,,,0,0
https://openalex.org/w2889720833,https://doi.org/10.15666/aeer/1604_40394050,,,0,0
https://openalex.org/w2624525223,https://doi.org/10.4033/iee.2017.10.4.psi,,,0,0
https://openalex.org/w2948836340,,,,0,1
https://openalex.org/w1988867399,https://doi.org/10.5849/jof.13-098,,,0,0
https://openalex.org/w2484085940,https://doi.org/10.1016/j.coal.2016.06.009,,,0,0
https://openalex.org/w3158085280,https://doi.org/10.1086/715153,,,0,0
https://openalex.org/w3017268942,https://doi.org/10.1088/2515-7620/ab89f9,,,0,0
https://openalex.org/w2964773380,https://doi.org/10.1016/j.resconrec.2019.104419,,,0,0
https://openalex.org/w3178867675,https://doi.org/10.1080/17567505.2021.1944571,,,0,0
https://openalex.org/w1553684792,https://doi.org/10.1111/psj.12072,,,0,1
https://openalex.org/w3175076754,https://doi.org/10.1177/19400829211028127,,,0,0
https://openalex.org/w2995466070,https://doi.org/10.1080/17524032.2019.1697326,,,0,0
https://openalex.org/w282188445,https://doi.org/10.1080/00028533.2012.11821761,,,0,0
https://openalex.org/w3034664884,https://doi.org/10.1080/09644016.2020.1778990,,,0,0
https://openalex.org/w2132991386,https://doi.org/10.1080/10357718.2015.1056514,,,0,0
https://openalex.org/w3210455247,https://doi.org/10.3389/fclim.2021.751310,,,0,0
https://openalex.org/w3133750857,https://doi.org/10.1002/ajhb.23592,,,0,0
https://openalex.org/w2034937972,https://doi.org/10.1080/10570314.2013.835065,,,0,0
https://openalex.org/w2600399943,https://doi.org/10.1080/08941920.2017.1295497,,,0,0
https://openalex.org/w3093636764,https://doi.org/10.3390/ijerph17217718,,,0,0
https://openalex.org/w2954824204,https://doi.org/10.1111/cobi.13378,,,0,0
https://openalex.org/w3189158262,https://doi.org/10.1007/s10661-021-09265-x,,,0,0
https://openalex.org/w2147970102,https://doi.org/10.1007/s00267-013-0153-2,,,0,0
https://openalex.org/w2581668568,https://doi.org/10.1080/17524032.2016.1269824,,,0,0
https://openalex.org/w3015596292,https://doi.org/10.3390/su12072955,,,0,0
https://openalex.org/w2606634154,https://doi.org/10.22323/2.16010204,,,0,0
https://openalex.org/w4320400253,https://doi.org/10.53841/bpsspr.2016.18.1.43,,,0,0
https://openalex.org/w2101023317,https://doi.org/10.1177/0002716214559699,,,0,0
https://openalex.org/w3206441782,https://doi.org/10.1038/s41598-021-99438-y,,,0,0
https://openalex.org/w2014929718,https://doi.org/10.1144/sp419.15,,,0,0
https://openalex.org/w2942101477,https://doi.org/10.1007/s10113-019-01492-w,,,0,0
https://openalex.org/w4220746688,https://doi.org/10.1080/09505431.2022.2049597,,,0,0
https://openalex.org/w1995673996,https://doi.org/10.1080/08920753.2013.822288,,,0,0
https://openalex.org/w2780929094,https://doi.org/10.1016/j.gecco.2017.12.001,,,0,0
https://openalex.org/w2529681372,https://doi.org/10.1177/0038038516648547,,,0,0
https://openalex.org/w3173319746,https://doi.org/10.1007/s11192-021-04050-6,,,0,0
https://openalex.org/w2954236824,https://doi.org/10.3389/fmars.2019.00349,,,0,1
https://openalex.org/w3192508916,https://doi.org/10.3389/fenvs.2021.662947,,,0,0
https://openalex.org/w1911705334,https://doi.org/10.1016/j.wace.2015.10.003,,,0,0
https://openalex.org/w3153566436,https://doi.org/10.1080/17524032.2021.1910530,,,0,0
https://openalex.org/w2522996042,https://doi.org/10.5849/jof.14-148,,,0,0
https://openalex.org/w2807067470,https://doi.org/10.1016/b978-0-12-813130-5.00005-9,,,0,0
https://openalex.org/w1931480269,https://doi.org/10.1111/j.1539-6924.2011.01773.x,,,0,0
https://openalex.org/w2906233786,,,,0,0
https://openalex.org/w3137751422,https://doi.org/10.1016/j.pecon.2021.03.003,,,0,0
https://openalex.org/w3190121328,https://doi.org/10.1080/10899995.2021.1949693,,,0,1
https://openalex.org/w3170038300,https://doi.org/10.1016/j.ijgeop.2021.05.004,,,0,0
https://openalex.org/w2968614575,https://doi.org/10.2298/csis180601015g,,,0,0
https://openalex.org/w3214668067,https://doi.org/10.1016/j.envsci.2021.10.031,,,0,0
https://openalex.org/w2802701570,https://doi.org/10.3390/su10051509,,,0,0
https://openalex.org/w4205502329,https://doi.org/10.3390/su14020926,,,0,0
https://openalex.org/w1977629926,https://doi.org/10.1080/14693062.2015.1019822,,,0,0
https://openalex.org/w2771176782,https://doi.org/10.2424/astsn.m.2012.22,,,0,0
https://openalex.org/w3012032833,https://doi.org/10.1080/17524032.2020.1725085,,,0,0
https://openalex.org/w4210650152,https://doi.org/10.1080/10510974.2022.2026426,,,0,0
https://openalex.org/w3156034811,https://doi.org/10.3389/fsufs.2021.661552,,,0,0
https://openalex.org/w2170534691,https://doi.org/10.1016/j.wri.2013.03.003,,,0,0
https://openalex.org/w2042666674,https://doi.org/10.1007/s10734-013-9669-x,,,0,0
https://openalex.org/w2620473443,https://doi.org/10.1080/14606925.2017.1352687,,,0,1
https://openalex.org/w3206411761,https://doi.org/10.1007/s11191-021-00257-4,,,0,0
https://openalex.org/w4206506051,https://doi.org/10.1371/journal.pone.0256082,,,0,0
https://openalex.org/w1155218258,https://doi.org/10.1016/j.geomorph.2015.07.043,,,0,0
https://openalex.org/w2971001315,https://doi.org/10.1177/1075547019870811,,,0,1
https://openalex.org/w2094082449,https://doi.org/10.1080/08941920.2014.929768,,,0,0
https://openalex.org/w2947016024,https://doi.org/10.3390/w11071501,,,0,0
https://openalex.org/w3137179477,https://doi.org/10.24193/ekphrasis.24.3,,,0,0
https://openalex.org/w1596703746,https://doi.org/10.1111/1468-2427.12046,,,0,0
https://openalex.org/w1905279120,https://doi.org/10.1111/bioe.12110,,,0,0
https://openalex.org/w3118396830,https://doi.org/10.1177/0963662520982540,,,0,0
https://openalex.org/w2028877907,https://doi.org/10.1177/1075547012438465,,,0,0
https://openalex.org/w2105146696,https://doi.org/10.1177/0963662511421711,,,0,0
https://openalex.org/w3023832057,,,,0,0
https://openalex.org/w1992380262,https://doi.org/10.1080/1523908x.2015.1040545,,,0,0
https://openalex.org/w2999182785,,,,0,0
https://openalex.org/w2374092408,https://doi.org/10.26879/161e,,,0,0
https://openalex.org/w2516834172,https://doi.org/10.1002/wat2.1174,,,0,0
https://openalex.org/w2488630313,https://doi.org/10.1371/journal.pone.0159885,,,0,0
https://openalex.org/w2774032195,https://doi.org/10.1080/17524032.2017.1406385,,,0,0
https://openalex.org/w2774470758,https://doi.org/10.1080/17524032.2017.1400454,,,0,0
https://openalex.org/w2508845787,https://doi.org/10.1016/j.hal.2016.03.007,,,0,0
https://openalex.org/w2924802347,https://doi.org/10.1080/17524032.2019.1579746,,,0,0
https://openalex.org/w4211258591,https://doi.org/10.1007/s13412-021-00744-8,,,0,0
https://openalex.org/w1585602740,https://doi.org/10.1080/17524032.2014.955039,,,0,0
https://openalex.org/w2582250944,https://doi.org/10.1071/rj16052,,,0,0
https://openalex.org/w3211490689,https://doi.org/10.1111/jpc.15649,,,0,0
https://openalex.org/w2029990381,https://doi.org/10.1175/bams-d-13-00172.1,,,0,0
https://openalex.org/w2057850395,https://doi.org/10.1016/j.gloenvcha.2015.03.006,,,0,0
https://openalex.org/w3092908287,https://doi.org/10.3390/su12208575,,,0,0
https://openalex.org/w2804626848,https://doi.org/10.1007/s10668-018-0173-4,,,0,0
https://openalex.org/w2988294863,https://doi.org/10.1007/s10584-019-02557-9,,,0,0
https://openalex.org/w3016198396,https://doi.org/10.1016/j.geoforum.2020.03.009,,,0,0
https://openalex.org/w1791208535,https://doi.org/10.1002/wcc.234,,,0,0
https://openalex.org/w2806427397,https://doi.org/10.1007/s10584-018-2230-2,,,0,0
https://openalex.org/w2068706332,https://doi.org/10.2166/wst.2013.293,,,0,0
https://openalex.org/w2744833873,https://doi.org/10.1016/j.erss.2017.06.029,,,0,0
https://openalex.org/w2970900037,https://doi.org/10.1186/s12889-019-7373-1,,,0,0
https://openalex.org/w4212949328,https://doi.org/10.1002/pan3.10301,,,0,0
https://openalex.org/w2896894597,https://doi.org/10.1016/j.jclepro.2018.10.164,,,0,0
https://openalex.org/w2969647880,https://doi.org/10.1080/21548455.2019.1654145,,,0,0
https://openalex.org/w1515159739,https://doi.org/10.1111/1749-4877.12151,,,0,0
https://openalex.org/w2002275729,https://doi.org/10.1080/19331681.2015.1034910,,,0,0
https://openalex.org/w2962134048,https://doi.org/10.22323/2.18040202,,,0,0
https://openalex.org/w2790810985,https://doi.org/10.1080/10646175.2018.1439420,,,0,0
https://openalex.org/w3125465655,https://doi.org/10.1007/s11356-021-12427-6,,,0,0
https://openalex.org/w1215202607,https://doi.org/10.1016/j.gloenvcha.2015.07.005,,,0,0
https://openalex.org/w2887224050,https://doi.org/10.1007/s11069-018-3420-y,,,0,0
https://openalex.org/w3111412359,https://doi.org/10.1088/1748-9326/abd4ac,,,0,1
https://openalex.org/w2592610957,https://doi.org/10.1080/17524032.2017.1291101,,,0,1
https://openalex.org/w1993342328,https://doi.org/10.1080/08039410.2014.962599,,,0,0
https://openalex.org/w3037207502,https://doi.org/10.17645/mac.v8i2.2824,,,0,0
https://openalex.org/w3150632517,https://doi.org/10.1175/wcas-d-20-0058.1,,,0,0
https://openalex.org/w2549957496,https://doi.org/10.1108/whatt-06-2016-0035,,,0,0
https://openalex.org/w3082631472,https://doi.org/10.1016/j.erss.2020.101760,,,0,0
https://openalex.org/w1998303415,https://doi.org/10.2174/1874949601407010001,,,0,0
https://openalex.org/w2109588248,https://doi.org/10.1002/met.1366,,,0,0
https://openalex.org/w2796292576,https://doi.org/10.1002/geo2.54,,,0,0
https://openalex.org/w3183447879,https://doi.org/10.1111/csp2.493,,,0,0
https://openalex.org/w2914752414,https://doi.org/10.22323/2.18020203,,,0,1
https://openalex.org/w3036312048,https://doi.org/10.1108/jd-01-2020-0015,,,0,0
https://openalex.org/w2955306099,https://doi.org/10.1080/01944363.2019.1619476,,,0,0
https://openalex.org/w3135455053,https://doi.org/10.3389/fenvs.2021.619606,,,0,0
https://openalex.org/w2523731313,https://doi.org/10.1016/j.enpol.2016.09.026,,,0,0
https://openalex.org/w1628334938,https://doi.org/10.1080/2154896x.2015.1040257,,,0,0
https://openalex.org/w1856407391,https://doi.org/10.1080/17524032.2015.1047885,,,0,0
https://openalex.org/w2997129879,https://doi.org/10.1007/s00267-019-01247-7,,,0,1
https://openalex.org/w3206433115,https://doi.org/10.3390/su132011272,,,0,0
https://openalex.org/w1937551266,https://doi.org/10.1111/cobi.12235,,,0,0
https://openalex.org/w2063214785,https://doi.org/10.1177/0093650211416646,,,0,0
https://openalex.org/w2795516507,https://doi.org/10.1177/1075547018766556,,,0,0
https://openalex.org/w2898775125,https://doi.org/10.1073/pnas.1804698115,,,0,0
https://openalex.org/w2972737359,https://doi.org/10.1163/21659214-00802003,,,0,0
https://openalex.org/w2524530878,https://doi.org/10.1177/1745691616639726,,,0,0
https://openalex.org/w2801531700,https://doi.org/10.1177/1077699018769668,,,0,0
https://openalex.org/w2165282800,https://doi.org/10.1080/10549811.2013.817338,,,0,0
https://openalex.org/w3035768401,https://doi.org/10.1007/s00267-020-01315-3,,,0,0
https://openalex.org/w1901329711,https://doi.org/10.1111/j.1539-6924.2012.01812.x,,,0,0
https://openalex.org/w4224249899,https://doi.org/10.1002/ppp3.10266,,,0,0
https://openalex.org/w3083443712,https://doi.org/10.34068/joe.56.03.26,,,0,0
https://openalex.org/w2738380662,https://doi.org/10.1037/a0040437,,,0,0
https://openalex.org/w2138052443,https://doi.org/10.1088/1748-9326/10/3/034004,,,0,1
https://openalex.org/w3004493427,https://doi.org/10.1136/medethics-2019-105866,,,0,0
https://openalex.org/w2941706968,https://doi.org/10.1177/0963662519844131,,,0,0
https://openalex.org/w2937337384,https://doi.org/10.3390/en12081499,,,0,0
https://openalex.org/w2747976013,https://doi.org/10.22323/2.16040201,,,0,0
https://openalex.org/w2946930482,https://doi.org/10.1016/j.jenvman.2019.04.008,,,0,0
https://openalex.org/w2810148669,https://doi.org/10.3390/jmse6030076,,,0,0
https://openalex.org/w4210670875,https://doi.org/10.1080/00295450.2021.1996842,,,0,0
https://openalex.org/w2917308476,https://doi.org/10.1029/2018wr024211,,,0,0
https://openalex.org/w2526238886,https://doi.org/10.1098/rsos.160360,,,0,0
https://openalex.org/w3126881915,https://doi.org/10.1080/17524032.2020.1871051,,,0,0
https://openalex.org/w3123358042,https://doi.org/10.1007/s10584-021-02966-9,,,0,0
https://openalex.org/w2168844347,https://doi.org/10.2134/agronj15.0152,,,0,0
https://openalex.org/w2028348699,https://doi.org/10.1007/s10113-011-0253-6,,,0,0
https://openalex.org/w3170465994,https://doi.org/10.1007/s10584-021-03101-4,,,0,0
https://openalex.org/w2364444592,https://doi.org/10.1080/17524032.2016.1176946,,,0,1
https://openalex.org/w1978368834,https://doi.org/10.1016/j.jenvman.2015.04.001,,,0,0
https://openalex.org/w2295560269,https://doi.org/10.1111/risa.12601,,,0,1
https://openalex.org/w2900670278,https://doi.org/10.1080/14660466.2018.1533348,,,0,0
https://openalex.org/w2740062638,https://doi.org/10.1073/pnas.1711790114,,120-130-621-559-410,0,0
https://openalex.org/w2743412247,https://doi.org/10.5408/16-220.1,,,0,1
https://openalex.org/w2486920810,https://doi.org/10.18848/2325-1212/cgp/v08i01/55269,,,0,0
https://openalex.org/w344435189,https://doi.org/10.1007/s10584-015-1424-0,,,0,0
https://openalex.org/w2970384143,https://doi.org/10.22323/2.18040207,,,0,0
https://openalex.org/w2127346901,https://doi.org/10.1111/geoj.12116,,,0,0
https://openalex.org/w3189219212,https://doi.org/10.1080/17524032.2021.1942117,,,0,0
https://openalex.org/w3133735523,https://doi.org/10.1016/j.scitotenv.2021.146076,,,0,0
https://openalex.org/w3028537706,https://doi.org/10.1002/sce.21581,,,0,0
https://openalex.org/w3083316681,https://doi.org/10.1007/s10584-020-02845-9,,,0,0
https://openalex.org/w2045171632,https://doi.org/10.1073/pnas.1320868111,,,0,0
https://openalex.org/w2313448033,https://doi.org/10.3354/cr01142,,,0,0
https://openalex.org/w2928114059,https://doi.org/10.1080/08941920.2019.1584343,,,0,0
https://openalex.org/w2252592691,https://doi.org/10.3197/096327114x13947900181077,,,0,0
https://openalex.org/w2885955256,https://doi.org/10.1177/1075547018793427,,,0,0
https://openalex.org/w2765190053,https://doi.org/10.1080/13549839.2017.1391188,,,0,1
https://openalex.org/w2148186201,https://doi.org/10.1177/0956797612457686,,,0,0
https://openalex.org/w3197390813,https://doi.org/10.1080/13546783.2021.1979651,,,0,0
https://openalex.org/w2721971813,https://doi.org/10.22323/2.16020203,,,0,0
https://openalex.org/w2952124430,https://doi.org/10.1002/fsh.10310,,,0,0
https://openalex.org/w2109911750,https://doi.org/10.1016/j.gloenvcha.2014.09.006,,,0,0
https://openalex.org/w3090079940,https://doi.org/10.1007/s12045-020-1010-2,,,0,0
https://openalex.org/w2291686022,https://doi.org/10.1016/j.scitotenv.2016.02.128,,,0,0
https://openalex.org/w3033598177,https://doi.org/10.1007/s10113-020-01649-y,,,0,0
https://openalex.org/w3174139790,https://doi.org/10.1108/ijccsm-09-2020-0100,,,0,0
https://openalex.org/w3143580710,https://doi.org/10.1007/s10584-021-03218-6,,,0,0
https://openalex.org/w3048897030,https://doi.org/10.1186/s12889-021-10614-1,,,0,0
https://openalex.org/w3066808921,https://doi.org/10.1007/s10668-020-00942-4,,,0,0
https://openalex.org/w3022708383,https://doi.org/10.3390/su12093782,,,0,0
https://openalex.org/w2626975519,https://doi.org/10.22323/2.13040202,,,0,0
https://openalex.org/w3167717367,https://doi.org/10.1007/s10584-021-03109-w,,,0,0
https://openalex.org/w2553268738,https://doi.org/10.1016/j.enpol.2016.11.013,,,0,0
https://openalex.org/w2119877134,https://doi.org/10.1007/s10584-014-1177-1,,,0,0
https://openalex.org/w3196587520,https://doi.org/10.1007/s10584-021-03186-x,,,0,0
https://openalex.org/w4236285241,https://doi.org/10.5194/gc-3-381-2020,,,0,0
https://openalex.org/w2894977067,https://doi.org/10.1080/10382046.2018.1513447,,,0,0
https://openalex.org/w3202609635,https://doi.org/10.1109/mim.2021.9549127,,,0,0
https://openalex.org/w3124437002,https://doi.org/10.22323/2.16050203,,,0,0
https://openalex.org/w2971192660,https://doi.org/10.1007/s10530-019-02087-6,,,0,0
https://openalex.org/w2021940426,https://doi.org/10.1177/1075547014560828,,,0,0
https://openalex.org/w2155838412,https://doi.org/10.1111/rec.12069,,,0,0
https://openalex.org/w2523883893,https://doi.org/10.1109/jsyst.2015.2466439,,,0,0
https://openalex.org/w2999495418,https://doi.org/10.22323/2.19010201,,,0,0
https://openalex.org/w2925773328,https://doi.org/10.1007/s10584-019-02414-9,,,0,0
https://openalex.org/w2991359261,https://doi.org/10.3389/feduc.2019.00138,,,0,1
https://openalex.org/w2890778202,https://doi.org/10.4324/9781315851853,,,0,0
https://openalex.org/w2620752166,https://doi.org/10.1097/nt.0000000000000214,,,0,0
https://openalex.org/w2103313681,https://doi.org/10.1016/j.gloenvcha.2012.11.006,,,0,0
https://openalex.org/w2754650345,https://doi.org/10.1007/s13412-017-0442-9,,,0,0
https://openalex.org/w4210477094,https://doi.org/10.3389/fmars.2021.812216,,,0,0
https://openalex.org/w2960618417,https://doi.org/10.1073/pnas.1906589116,,,0,0
https://openalex.org/w3173151272,https://doi.org/10.1175/bams-d-20-0035.1,,,0,0
https://openalex.org/w2883903197,https://doi.org/10.1177/0013916518790590,,,0,0
https://openalex.org/w2988921563,https://doi.org/10.1080/17524032.2019.1664607,,,0,0
https://openalex.org/w3108861003,https://doi.org/10.1525/abt.2020.82.8.535,,,0,0
https://openalex.org/w3003234700,https://doi.org/10.3390/f11020168,,,0,0
https://openalex.org/w2914211394,https://doi.org/10.1075/jaic.18008.goo,,,0,0
https://openalex.org/w4210948765,https://doi.org/10.1016/j.wasman.2022.01.036,,,0,0
https://openalex.org/w3213078971,https://doi.org/10.1111/camh.12520,,,0,0
https://openalex.org/w2991461654,https://doi.org/10.1007/s10584-019-02609-0,,,0,1
https://openalex.org/w1594195588,https://doi.org/10.1080/17524032.2015.1016544,,,0,0
https://openalex.org/w3157585501,https://doi.org/10.1016/j.copsyc.2021.03.012,,,0,0
https://openalex.org/w3089112631,https://doi.org/10.1080/17524032.2020.1814377,,,0,0
https://openalex.org/w3020592471,https://doi.org/10.1007/s10584-020-02707-4,,,0,0
https://openalex.org/w3042601668,https://doi.org/10.1080/23743670.2020.1770114,,,0,0
https://openalex.org/w2986849632,https://doi.org/10.1016/j.scs.2019.101888,,,0,0
https://openalex.org/w2530097329,https://doi.org/10.1080/2154896x.2016.1241488,,,0,0
https://openalex.org/w3155100517,https://doi.org/10.1002/pld3.316,,,0,0
https://openalex.org/w3014716097,https://doi.org/10.1080/17524032.2020.1741420,,,0,0
https://openalex.org/w3101527495,https://doi.org/10.1080/13504622.2020.1838447,,,0,0
https://openalex.org/w2610282795,https://doi.org/10.1080/17524032.2017.1308406,,,0,0
https://openalex.org/w2342848948,https://doi.org/10.1016/j.jenvp.2016.04.005,,,0,0
https://openalex.org/w2478526852,https://doi.org/10.1108/ijccsm-10-2014-0127,,,0,0
https://openalex.org/w3030895054,https://doi.org/10.1515/jcde-2020-0007,,,0,0
https://openalex.org/w2902892184,https://doi.org/10.1007/s00016-018-0229-8,,,0,0
https://openalex.org/w3206001866,,,,0,0
https://openalex.org/w1808979920,https://doi.org/10.1016/j.erss.2015.08.012,,,0,0
https://openalex.org/w2914556635,https://doi.org/10.1007/s10584-019-02375-z,,,0,0
https://openalex.org/w3045004110,https://doi.org/10.1111/ajes.12347,,,0,0
https://openalex.org/w3047463335,https://doi.org/10.18280/ijsdp.150504,,,0,0
https://openalex.org/w2219498167,https://doi.org/10.1016/j.accre.2015.09.008,,,0,0
https://openalex.org/w3216417374,https://doi.org/10.2495/sc210011,,,0,0
https://openalex.org/w3082996819,https://doi.org/10.1016/j.jenvman.2020.111304,,,0,0
https://openalex.org/w1979038108,https://doi.org/10.1007/s10708-014-9547-9,,,0,0
https://openalex.org/w2119914246,https://doi.org/10.1080/13504622.2013.812720,,,0,0
https://openalex.org/w2777017007,https://doi.org/10.1080/10042857.2017.1418276,,,0,0
https://openalex.org/w3027063299,https://doi.org/10.5334/aogh.2900,,,0,0
https://openalex.org/w2954021422,https://doi.org/10.1037/aca0000247,,,0,0
https://openalex.org/w3165665947,https://doi.org/10.1016/j.cognition.2021.104768,,,0,0
https://openalex.org/w3036940385,https://doi.org/10.1080/17524032.2020.1776359,,,0,0
https://openalex.org/w2883677642,https://doi.org/10.1007/s10584-018-2253-8,,,0,0
https://openalex.org/w3158178296,https://doi.org/10.1021/acs.jchemed.1c00138,,,0,0
https://openalex.org/w4205215893,https://doi.org/10.4324/9780367441265,,,0,0
https://openalex.org/w3198341292,https://doi.org/10.3390/atmos12091160,,,0,0
https://openalex.org/w2993459704,https://doi.org/10.1007/s10584-019-02537-z,,,0,0
https://openalex.org/w3112176736,https://doi.org/10.3390/su122410611,,,0,0
https://openalex.org/w3016555299,https://doi.org/10.1080/13669877.2020.1749118,,,0,0
https://openalex.org/w1994890708,https://doi.org/10.1080/17524032.2014.906483,,,0,0
https://openalex.org/w2789998859,https://doi.org/10.1016/j.gloenvcha.2018.01.004,,,0,0
https://openalex.org/w2791216329,https://doi.org/10.1016/j.gloenvcha.2018.02.007,,,0,1
https://openalex.org/w2339062005,https://doi.org/10.1002/wcc.403,,,0,0
https://openalex.org/w2559720126,https://doi.org/10.1016/j.crm.2016.11.003,,,0,0
https://openalex.org/w3127842689,https://doi.org/10.3389/fcomm.2021.613167,,,0,0
https://openalex.org/w2912664701,https://doi.org/10.5840/eps201956115,,,0,0
https://openalex.org/w3203869848,https://doi.org/10.12681/mms.27949,,,0,0
https://openalex.org/w2263308712,https://doi.org/10.1016/j.scitotenv.2016.02.034,,,0,0
https://openalex.org/w2979744833,https://doi.org/10.3390/h8040159,,,0,0
https://openalex.org/w2516969223,https://doi.org/10.3390/cli4030038,,,0,0
https://openalex.org/w2070002029,https://doi.org/10.1016/j.erss.2015.03.001,,,0,0
https://openalex.org/w4220929099,https://doi.org/10.1177/09636625221077826,,,0,0
https://openalex.org/w2750733363,,,,0,0
https://openalex.org/w2802831585,https://doi.org/10.1021/acs.jchemed.7b00948,,,0,0
https://openalex.org/w2341281825,https://doi.org/10.1177/0963662515600965,,,0,0
https://openalex.org/w3167861293,https://doi.org/10.1371/journal.pone.0252952,,,0,0
https://openalex.org/w2109134162,https://doi.org/10.1080/17524032.2012.719532,,,0,0
https://openalex.org/w2040403711,https://doi.org/10.1016/j.gloenvcha.2015.02.010,,,0,0
https://openalex.org/w3152712596,https://doi.org/10.1371/journal.pone.0250656,,,0,0
https://openalex.org/w3207597388,https://doi.org/10.1002/agj2.20930,,,0,0
https://openalex.org/w2071335884,https://doi.org/10.5408/13-046.1,,,0,0
https://openalex.org/w2792541701,https://doi.org/10.1080/17583004.2018.1435960,,,0,0
https://openalex.org/w2022175771,https://doi.org/10.1177/0741088314557623,,,0,0
https://openalex.org/w2607800260,https://doi.org/10.1016/j.envsci.2017.04.011,,,0,0
https://openalex.org/w3142786361,https://doi.org/10.5334/aogh.2647,,,0,0
https://openalex.org/w3034292528,https://doi.org/10.1146/annurev-phyto-030320-041359,,,0,0
https://openalex.org/w2766763369,https://doi.org/10.1007/s10584-017-2088-8,,,0,0
https://openalex.org/w2547264213,https://doi.org/10.1080/13549839.2016.1250736,,,0,0
https://openalex.org/w2921357946,https://doi.org/10.1177/0963662519833903,,,0,1
https://openalex.org/w2965699317,https://doi.org/10.33915/etd.4117,,,0,0
https://openalex.org/w2888334614,https://doi.org/10.1080/17524032.2018.1508047,,,0,0
https://openalex.org/w923878853,https://doi.org/10.1016/j.erss.2015.05.008,,,0,1
https://openalex.org/w3024278360,https://doi.org/10.1080/14693062.2020.1757399,,,0,0
https://openalex.org/w3023778579,https://doi.org/10.1016/j.hal.2020.101740,,,0,0
https://openalex.org/w3107543147,https://doi.org/10.1007/s00267-020-01393-3,,,0,0
https://openalex.org/w2531882354,https://doi.org/10.1108/ijccsm-06-2015-0084,,,0,0
https://openalex.org/w2755088315,https://doi.org/10.1080/17524032.2017.1371050,,,0,0
https://openalex.org/w3049345025,https://doi.org/10.3389/fcomm.2020.00059,,,0,0
https://openalex.org/w2980074504,https://doi.org/10.1007/s11842-019-09426-4,,,0,0
https://openalex.org/w3094838546,https://doi.org/10.16995/olh.569,,,0,0
https://openalex.org/w3200486555,https://doi.org/10.1177/09567976211007788,,,0,1
https://openalex.org/w2293094400,https://doi.org/10.1177/0963662516631289,,,0,0
https://openalex.org/w2312840656,https://doi.org/10.1177/0963662514565332,,,0,0
https://openalex.org/w3081489075,https://doi.org/10.1007/s10584-020-02830-2,,,0,0
https://openalex.org/w3108716115,https://doi.org/10.1080/17513057.2020.1850844,,,0,0
https://openalex.org/w2824719325,https://doi.org/10.4314/jae.v22i2.16,,,0,0
https://openalex.org/w2013542349,https://doi.org/10.1007/s10668-014-9551-8,,,0,0
https://openalex.org/w3107582864,https://doi.org/10.1175/wcas-d-20-0035.1,,,0,0
https://openalex.org/w3043604080,https://doi.org/10.3389/fcomm.2021.581302,,,0,0
https://openalex.org/w2788486882,https://doi.org/10.3390/atmos9010022,,,0,0
https://openalex.org/w2138055291,https://doi.org/10.5751/es-04670-170203,,,0,0
https://openalex.org/w3164615518,https://doi.org/10.1093/icb/icab104,,,0,0
https://openalex.org/w2982161839,,,,0,0
https://openalex.org/w3113240697,https://doi.org/10.1177/0196859920977150,,,0,0
https://openalex.org/w1973039821,https://doi.org/10.5751/es-06320-190138,,,0,0
https://openalex.org/w2945962415,,,,0,0
https://openalex.org/w3108121803,https://doi.org/10.1016/j.geoforum.2020.11.006,,,0,0
https://openalex.org/w2795972534,https://doi.org/10.1080/17524032.2018.1438302,,,0,0
https://openalex.org/w2972061783,https://doi.org/10.7717/peerj.9044,,,0,0
https://openalex.org/w3209807616,https://doi.org/10.1007/s10584-021-03224-8,,,1,1
https://openalex.org/w2012989232,https://doi.org/10.1016/j.erss.2014.03.007,,,0,0
https://openalex.org/w3197132683,https://doi.org/10.1080/10598650.2021.1937791,,,0,0
https://openalex.org/w3183661241,https://doi.org/10.1016/j.gloenvcha.2021.102324,,,0,0
https://openalex.org/w2035827999,https://doi.org/10.1007/s10584-014-1108-1,,,0,0
https://openalex.org/w2980853257,https://doi.org/10.1175/wcas-d-19-0049.1,,,0,0
https://openalex.org/w2143820656,https://doi.org/10.1177/0963662512467732,,,0,0
https://openalex.org/w2758205197,https://doi.org/10.1007/s11356-017-0188-7,,,0,0
https://openalex.org/w1885248171,https://doi.org/10.1089/sus.2015.29023,,,0,0
https://openalex.org/w2913206197,https://doi.org/10.1175/bams-d-17-0332.1,,,0,1
https://openalex.org/w2791208221,https://doi.org/10.1177/1075547018760334,,,0,0
https://openalex.org/w2947532261,https://doi.org/10.1002/wcc.590,,,0,0
https://openalex.org/w2991379086,https://doi.org/10.1002/mar.21302,,,0,0
https://openalex.org/w3011673163,https://doi.org/10.1080/24694452.2020.1768822,,,0,0
https://openalex.org/w2024732043,https://doi.org/10.1073/pnas.1317505111,,,0,0
https://openalex.org/w2911577768,https://doi.org/10.3389/fpsyg.2019.00187,,,0,0
https://openalex.org/w3120931575,https://doi.org/10.1093/abm/kaaa087,,,0,0
https://openalex.org/w2153211768,https://doi.org/10.1177/0002716214559887,,,0,0
https://openalex.org/w2212177018,https://doi.org/10.1177/1745691615598516,,,0,0
https://openalex.org/w3087866496,https://doi.org/10.3390/su12197990,,,0,0
https://openalex.org/w4213324597,https://doi.org/10.1002/ar.24894,,,0,0
https://openalex.org/w1980194667,https://doi.org/10.1080/15230406.2013.826479,,,0,0
https://openalex.org/w3200412091,https://doi.org/10.1016/j.jenvp.2021.101685,,,0,0
https://openalex.org/w2998113724,https://doi.org/10.1080/17524032.2019.1699137,,,0,0
https://openalex.org/w3010161703,https://doi.org/10.1016/j.landusepol.2020.104547,,,0,0
https://openalex.org/w2990441847,https://doi.org/10.1177/0963662519888599,,,0,0
https://openalex.org/w2332081465,https://doi.org/10.3167/nc.2012.070203,,,0,0
https://openalex.org/w3119615351,https://doi.org/10.1080/17524032.2020.1863826,,,0,0
https://openalex.org/w2154409937,https://doi.org/10.1016/j.respol.2013.12.006,,,0,0
https://openalex.org/w3205344465,https://doi.org/10.3389/fclim.2021.674718,,,0,0
https://openalex.org/w3183924554,https://doi.org/10.1007/s10584-021-03165-2,,,0,0
https://openalex.org/w2028317989,https://doi.org/10.1386/macp.9.1.7_1,,,0,0
https://openalex.org/w2596150917,https://doi.org/10.3390/ijerph14030298,,,0,0
https://openalex.org/w3160757144,https://doi.org/10.1080/08838151.2021.1923716,,,0,0
https://openalex.org/w3182294759,https://doi.org/10.1016/j.agsy.2021.103222,,,0,0
https://openalex.org/w3036321992,https://doi.org/10.22323/2.19030304,,,1,1
https://openalex.org/w2098786089,https://doi.org/10.1177/0013916513503832,,,0,0
https://openalex.org/w2915591346,https://doi.org/10.3389/fcomm.2019.00006,,,0,0
https://openalex.org/w2485443982,https://doi.org/10.4018/978-1-4666-6046-5.ch083,,,0,0
https://openalex.org/w3123884570,https://doi.org/10.1111/pops.12244,,,0,0
https://openalex.org/w3195823099,https://doi.org/10.1007/s10584-021-03200-2,,,0,1
https://openalex.org/w2110481920,https://doi.org/10.1371/journal.pone.0052882,,,0,0
https://openalex.org/w2808507229,https://doi.org/10.5194/gc-2-69-2019,,,0,0
https://openalex.org/w3110575193,https://doi.org/10.24135/pjr.v26i2.1137,,,0,0
https://openalex.org/w2905061024,https://doi.org/10.1215/22011919-7156848,,,0,0
https://openalex.org/w2168821125,https://doi.org/10.3390/ijerph111010694,,,0,0
https://openalex.org/w3201799134,https://doi.org/10.3366/scot.2021.0386,,,0,0
https://openalex.org/w3199438565,,,,0,0
https://openalex.org/w2594766624,https://doi.org/10.1111/soc4.12482,,,0,0
https://openalex.org/w3163660411,https://doi.org/10.22323/2.20030209,,,0,0
https://openalex.org/w3088133355,https://doi.org/10.1108/ijccsm-01-2020-0010,,,0,0
https://openalex.org/w4220759678,https://doi.org/10.1016/j.ocecoaman.2022.106122,,,0,0
https://openalex.org/w2575340924,https://doi.org/10.1080/08941920.2016.1264653,,,0,0
https://openalex.org/w2946687659,https://doi.org/10.1016/j.shpsa.2019.05.006,,,0,0
https://openalex.org/w4235367673,https://doi.org/10.1080/13504622.2020.1828834,,,0,1
https://openalex.org/w3187374329,https://doi.org/10.1016/j.jenvman.2021.113475,,,0,0
https://openalex.org/w3048650419,https://doi.org/10.1080/17512786.2020.1798272,,,0,0
https://openalex.org/w2602064407,https://doi.org/10.1177/1075547017697980,,,0,1
https://openalex.org/w3209972708,https://doi.org/10.1016/j.forpol.2021.102625,,,0,0
https://openalex.org/w2040772416,https://doi.org/10.1186/1471-2458-13-208,,,0,0
https://openalex.org/w1545869994,https://doi.org/10.1111/1468-2427.12032,,,0,0
https://openalex.org/w2982707333,https://doi.org/10.15581/003.32.4.275-290,,,0,0
https://openalex.org/w3148182339,https://doi.org/10.1073/pnas.1912444117,,,0,0
https://openalex.org/w2559981520,https://doi.org/10.1002/tea.21334,,,0,0
https://openalex.org/w2793265654,https://doi.org/10.1016/j.crm.2018.01.001,,,1,1
https://openalex.org/w2035854836,https://doi.org/10.1038/nclimate1807,,,0,0
https://openalex.org/w2037306518,https://doi.org/10.1016/j.enpol.2013.08.079,,,0,0
https://openalex.org/w2887796391,https://doi.org/10.1016/j.ijggc.2018.07.030,,,0,0
https://openalex.org/w2166930161,https://doi.org/10.2489/jswc.69.6.505,,,0,0
https://openalex.org/w2974094547,https://doi.org/10.1088/1748-9326/ab466a,,,0,0
https://openalex.org/w3186940186,https://doi.org/10.3389/fenvs.2021.678938,,,0,0
https://openalex.org/w2948520817,https://doi.org/10.1080/2040610x.2019.1623513,,,0,0
https://openalex.org/w4249252495,https://doi.org/10.1111/tops.12215,,,0,0
https://openalex.org/w2892027768,https://doi.org/10.1073/pnas.1722664115,,,0,0
https://openalex.org/w2607882109,https://doi.org/10.2489/jswc.72.3.205,,,0,0
https://openalex.org/w3094248785,https://doi.org/10.1177/0963662520966690,,,0,0
https://openalex.org/w2012596280,https://doi.org/10.1007/s10584-013-0979-x,,,0,0
https://openalex.org/w3080841764,https://doi.org/10.1088/2515-7620/abae77,,,0,0
https://openalex.org/w3081412876,https://doi.org/10.2495/st200101,,,0,0
https://openalex.org/w2988492058,https://doi.org/10.1016/j.gloenvcha.2019.101992,,,0,0
https://openalex.org/w1993279684,https://doi.org/10.1016/j.envsci.2012.07.008,,,0,0
https://openalex.org/w2288209006,https://doi.org/10.1007/s10584-016-1631-3,,,0,0
https://openalex.org/w2883527326,https://doi.org/10.1016/j.erss.2018.06.023,,,0,1
https://openalex.org/w2273090417,https://doi.org/10.1080/08941920.2015.1095380,,,0,0
https://openalex.org/w2952505577,https://doi.org/10.3389/fpsyg.2019.01541,,,0,0
https://openalex.org/w2806111584,https://doi.org/10.1177/1075547018776019,,,0,0
https://openalex.org/w2059720664,https://doi.org/10.1177/0963662512444682,,,0,0
https://openalex.org/w2010573153,https://doi.org/10.1177/0963662514521542,,,0,0
https://openalex.org/w2968177209,https://doi.org/10.1108/cpoib-05-2018-0039,,,0,0
https://openalex.org/w2606474086,https://doi.org/10.1007/s10584-017-1952-x,,,0,0
https://openalex.org/w2195925105,https://doi.org/10.1016/j.eja.2015.11.011,,,0,0
https://openalex.org/w3150289450,,,,0,0
https://openalex.org/w1985479414,https://doi.org/10.1038/nclimate2507,,,0,0
https://openalex.org/w2804045696,https://doi.org/10.1016/j.resconrec.2018.05.012,,,0,0
https://openalex.org/w2044868209,https://doi.org/10.1177/0963662513517848,,,0,0
https://openalex.org/w3171512678,https://doi.org/10.1016/j.gloenvcha.2021.102308,,,0,0
https://openalex.org/w3119710171,https://doi.org/10.3390/land10010048,,,0,0
https://openalex.org/w3100428622,https://doi.org/10.53841/bpscpf.2020.1.332.70,,,0,0
https://openalex.org/w2760380201,https://doi.org/10.1016/j.jclepro.2017.09.210,,,0,0
https://openalex.org/w2971573640,https://doi.org/10.3167/th.2019.6616003,,,0,0
https://openalex.org/w2087036491,https://doi.org/10.1007/s10657-012-9376-6,,,0,0
https://openalex.org/w2345686940,https://doi.org/10.1038/nclimate3005,,,0,0
https://openalex.org/w3016005546,https://doi.org/10.1016/j.gloenvcha.2020.102070,,,0,0
https://openalex.org/w2036943524,https://doi.org/10.1175/bams-d-12-00129.1,,,0,0
https://openalex.org/w3159215749,https://doi.org/10.1175/bams-d-21-0035.1,,,0,0
https://openalex.org/w2921586172,https://doi.org/10.1093/biosci/biz004,,,0,0
https://openalex.org/w2265720802,https://doi.org/10.1080/13669877.2015.1042507,,,0,0
https://openalex.org/w3010482810,https://doi.org/10.3390/cli8030038,,,0,0
https://openalex.org/w3112711050,https://doi.org/10.3389/fcomm.2020.601177,,,0,0
https://openalex.org/w3048976747,https://doi.org/10.5817/cpr2020-1-8,,,0,0
https://openalex.org/w2035626045,https://doi.org/10.1016/j.wsif.2015.02.015,,,0,0
https://openalex.org/w2894700115,https://doi.org/10.1016/j.jenvp.2018.09.002,,,0,0
https://openalex.org/w2594381096,https://doi.org/10.26686/wgtn.17019926,,,0,1
https://openalex.org/w2966909095,https://doi.org/10.1080/13669877.2019.1646313,,,0,0
https://openalex.org/w2614476183,https://doi.org/10.60910/77qc-hns5,,,0,0
https://openalex.org/w2803995986,https://doi.org/10.3390/su10051687,,,0,0
https://openalex.org/w2968951188,https://doi.org/10.3138/ctr.179.003,,,0,0
https://openalex.org/w3210289367,https://doi.org/10.7717/peerj.12407,,,0,0
https://openalex.org/w4206639980,https://doi.org/10.1016/j.heliyon.2022.e08773,,,0,0
https://openalex.org/w2278573884,https://doi.org/10.1080/00938157.2015.1116325,,,0,0
https://openalex.org/w2626540209,https://doi.org/10.1080/08920753.2017.1327344,,,0,1
https://openalex.org/w3000697005,https://doi.org/10.1016/j.jenvp.2020.101388,,,0,0
https://openalex.org/w3194649310,https://doi.org/10.1590/0001-3765202120200204,,,0,0
https://openalex.org/w3202979044,https://doi.org/10.3389/fpsyg.2021.644240,,,0,0
https://openalex.org/w2160486243,https://doi.org/10.1109/mic.2013.59,,,0,0
https://openalex.org/w3207242067,https://doi.org/10.1016/j.gloenvcha.2021.102390,,,0,0
https://openalex.org/w1994134877,https://doi.org/10.1080/09537325.2012.751012,,,0,0
https://openalex.org/w2492054209,https://doi.org/10.1177/0963721416654436,,,0,0
https://openalex.org/w2939901259,https://doi.org/10.1007/s00267-019-01158-7,,,0,0
https://openalex.org/w2132212562,https://doi.org/10.1007/s10584-015-1475-2,,,0,0
https://openalex.org/w3035103062,https://doi.org/10.1177/1075547020927017,,,0,0
https://openalex.org/w2970477926,https://doi.org/10.1007/s10584-019-02504-8,,,0,0
https://openalex.org/w4210846047,https://doi.org/10.1007/s11069-022-05225-x,,,0,0
https://openalex.org/w2301781657,,,,0,1
https://openalex.org/w578475403,https://doi.org/10.1007/s10584-015-1425-z,,,0,0
https://openalex.org/w2588566895,https://doi.org/10.1093/conphys/cox003,,,0,0
https://openalex.org/w3021484320,https://doi.org/10.1016/j.jclepro.2020.121933,,,0,0
https://openalex.org/w4210245357,https://doi.org/10.1332/204378921x16345524513807,,,0,0
https://openalex.org/w2283878175,https://doi.org/10.1016/j.jhydrol.2016.02.032,,,0,0
https://openalex.org/w2891399541,https://doi.org/10.1071/rj18023,,,0,0
https://openalex.org/w2621872929,https://doi.org/10.1016/j.erss.2017.06.011,,,0,0
https://openalex.org/w3013602278,https://doi.org/10.1016/j.crm.2020.100223,,,0,0
https://openalex.org/w2162255016,https://doi.org/10.1080/13669877.2011.601319,,,0,0
https://openalex.org/w3087332630,https://doi.org/10.1007/s10584-020-02860-w,,,0,0
https://openalex.org/w3135807772,https://doi.org/10.1038/s41560-020-00762-w,,,0,0
https://openalex.org/w2761686730,https://doi.org/10.1017/s0376892917000443,,,0,0
https://openalex.org/w2025370224,https://doi.org/10.1080/17524032.2012.753634,,,0,0
https://openalex.org/w2038259448,https://doi.org/10.1177/1469540514553691,,,0,0
https://openalex.org/w4211033146,https://doi.org/10.3390/su14031804,,,0,1
https://openalex.org/w2907585790,https://doi.org/10.1088/1748-9326/aafbb6,,,0,0
https://openalex.org/w2004160814,https://doi.org/10.1007/s10584-013-0707-6,,,0,0
https://openalex.org/w3212834133,https://doi.org/10.1007/s10584-021-03219-5,,,0,1
https://openalex.org/w1910390499,https://doi.org/10.1002/ieam.1668,,,0,0
https://openalex.org/w4213237952,https://doi.org/10.1088/1748-9326/ac5715,,,0,0
https://openalex.org/w2887058782,https://doi.org/10.1002/aqc.2958,,,0,0
https://openalex.org/w3217119285,https://doi.org/10.1080/20590776.2021.2001295,,,0,0
https://openalex.org/w2984909795,https://doi.org/10.1177/0963662519886474,,,0,0
https://openalex.org/w2755410129,https://doi.org/10.1080/17524032.2017.1371054,,,0,0
https://openalex.org/w2220848894,https://doi.org/10.1111/tops.12173,,,0,0
https://openalex.org/w2955904667,https://doi.org/10.1108/bij-12-2018-0431,,,0,0
https://openalex.org/w4220902275,https://doi.org/10.1016/j.envsci.2022.02.031,,,0,0
https://openalex.org/w1967886881,https://doi.org/10.1016/j.jenvp.2013.07.003,,,0,0
https://openalex.org/w3114825274,https://doi.org/10.1016/j.scs.2020.102687,,,0,0
https://openalex.org/w2070076239,https://doi.org/10.1007/s13384-014-0156-x,,,0,0
https://openalex.org/w2106203255,https://doi.org/10.1177/1470594x14538570,,,0,0
https://openalex.org/w1997350664,https://doi.org/10.1016/j.marpol.2014.01.004,,,0,0
https://openalex.org/w3005015929,https://doi.org/10.1144/sp499-2019-215,,,0,0
https://openalex.org/w2568883667,https://doi.org/10.3390/su9010068,,,0,0
https://openalex.org/w3047171476,https://doi.org/10.1016/j.janxdis.2020.102282,,,0,0
https://openalex.org/w1990578110,https://doi.org/10.5194/sd-16-21-2013,,,0,0
https://openalex.org/w3041647025,https://doi.org/10.1080/10810730.2020.1785060,,,0,0
https://openalex.org/w2888774328,https://doi.org/10.1177/0963662518795397,,,0,0
https://openalex.org/w3046525048,https://doi.org/10.1080/17524032.2020.1799836,,,0,0
https://openalex.org/w2761531049,https://doi.org/10.1108/ijccsm-03-2017-0058,,,0,0
https://openalex.org/w2542434023,https://doi.org/10.1016/j.gloenvcha.2016.10.003,,,0,0
https://openalex.org/w2001782276,https://doi.org/10.5849/jof.10-114,,,0,0
https://openalex.org/w3200925888,https://doi.org/10.1111/csp2.540,,,0,0
https://openalex.org/w3026573624,https://doi.org/10.14288/acme.v17i2.1554,,,0,0
https://openalex.org/w2117528058,https://doi.org/10.1177/1075547011422957,,,0,0
https://openalex.org/w2965174199,https://doi.org/10.1080/17524032.2019.1610022,,,0,1
https://openalex.org/w3210388980,https://doi.org/10.1080/08941920.2021.1991066,,,0,0
https://openalex.org/w2946701019,https://doi.org/10.1080/17405904.2019.1617757,,,0,0
https://openalex.org/w3110097604,https://doi.org/10.1088/1748-9326/abcd5a,,,0,0
https://openalex.org/w3209264840,https://doi.org/10.1007/s10584-021-03222-w,,,0,0
https://openalex.org/w2028827469,https://doi.org/10.1108/sampj-09-2012-0033,,,0,0
https://openalex.org/w2888865327,https://doi.org/10.1016/j.envsci.2018.08.007,,,0,0
https://openalex.org/w3196837339,https://doi.org/10.3390/w13172434,,,0,0
https://openalex.org/w2463151761,https://doi.org/10.1007/s11625-016-0376-2,,,0,0
https://openalex.org/w2957333724,https://doi.org/10.3389/fcomm.2019.00033,,,0,0
https://openalex.org/w1544464165,https://doi.org/10.1080/20430795.2012.702497,,,0,0
https://openalex.org/w2903778838,https://doi.org/10.1080/17524032.2018.1533877,,,0,0
https://openalex.org/w2952971183,https://doi.org/10.1007/s10584-019-02455-0,,,0,0
https://openalex.org/w2519818096,https://doi.org/10.5751/es-08626-210330,,,1,1
https://openalex.org/w2153789194,https://doi.org/10.1002/wcc.269,,,0,0
https://openalex.org/w3199676230,https://doi.org/10.1016/j.envsci.2021.08.017,,,0,0
https://openalex.org/w3044060845,https://doi.org/10.1007/s00267-020-01328-y,,,0,0
https://openalex.org/w3190963326,https://doi.org/10.1002/ajhb.23659,,,0,0
https://openalex.org/w2950582496,https://doi.org/10.1080/10402381.2019.1622612,,,0,0
https://openalex.org/w2314813803,https://doi.org/10.1177/0002764214550297,,,0,0
https://openalex.org/w3038131949,https://doi.org/10.17645/mac.v8i2.2937,,,0,0
https://openalex.org/w2571462394,https://doi.org/10.1016/j.gloenvcha.2016.12.008,,,0,0
https://openalex.org/w2078542055,https://doi.org/10.1080/21548455.2015.1027320,,,0,0
https://openalex.org/w3166577648,https://doi.org/10.1177/03091333211017698,,,0,0
https://openalex.org/w4200349475,https://doi.org/10.3390/su132413871,,,0,0
https://openalex.org/w2940589644,https://doi.org/10.3389/fcomm.2019.00020,,,0,0
https://openalex.org/w2946823648,https://doi.org/10.1016/j.scitotenv.2019.05.191,,,0,0
https://openalex.org/w2041484892,https://doi.org/10.1016/j.entcom.2014.10.007,,,0,1
https://openalex.org/w2397390021,https://doi.org/10.17660/actahortic.2016.1132.26,,,0,0
https://openalex.org/w2896960893,https://doi.org/10.3390/f9100626,,,0,0
https://openalex.org/w1955040935,https://doi.org/10.1111/j.1539-6924.2012.01771.x,,,0,1
https://openalex.org/w2800795532,https://doi.org/10.1016/j.scitotenv.2018.04.050,,,0,0
https://openalex.org/w2937117517,https://doi.org/10.1016/j.biocon.2019.03.028,,,0,0
https://openalex.org/w2207620258,https://doi.org/10.5194/we-15-49-2015,,,0,0
https://openalex.org/w2755662856,https://doi.org/10.18848/1835-7156/cgp/v09i03/1-9,,,0,1
https://openalex.org/w2099228368,https://doi.org/10.1038/nclimate2610,,,0,0
https://openalex.org/w2791913851,https://doi.org/10.1175/wcas-d-17-0025.1,,,0,0
https://openalex.org/w2559298198,https://doi.org/10.1016/j.crm.2016.11.001,,,0,0
https://openalex.org/w1995726594,https://doi.org/10.1073/pnas.1212729110,,,0,0
https://openalex.org/w3013685893,https://doi.org/10.1016/j.jclepro.2020.121212,,,0,0
https://openalex.org/w2937477923,https://doi.org/10.3390/su11072120,,,0,0
https://openalex.org/w2890202322,https://doi.org/10.1029/2018gh000154,,,0,1
https://openalex.org/w2884863023,https://doi.org/10.1177/1075547018786560,,,0,0
https://openalex.org/w3203431721,https://doi.org/10.22323/2.20050208,,,0,0
https://openalex.org/w2024217035,https://doi.org/10.1080/14693062.2012.702982,,,0,0
https://openalex.org/w2196600089,https://doi.org/10.1038/nclimate2728,,,0,0
https://openalex.org/w3199414837,https://doi.org/10.1016/j.cobeha.2021.08.002,,,0,0
https://openalex.org/w2151581734,https://doi.org/10.1080/09644016.2014.921456,,,0,0
https://openalex.org/w3214951406,,,,0,0
https://openalex.org/w2550498075,https://doi.org/10.1177/2158244016676296,,,0,0
https://openalex.org/w3205972808,https://doi.org/10.3390/su132011420,,,0,0
https://openalex.org/w2790112797,https://doi.org/10.1016/j.envsci.2018.01.001,,,0,0
https://openalex.org/w2982468658,https://doi.org/10.2478/boku-2019-0010,,,0,0
https://openalex.org/w3092165964,,,,0,0
https://openalex.org/w2791055347,https://doi.org/10.1016/j.envsci.2018.01.005,,,0,0
https://openalex.org/w3011134504,https://doi.org/10.3390/su12062323,,,1,1
https://openalex.org/w3008631456,https://doi.org/10.1108/srj-11-2019-0376,,,0,0
https://openalex.org/w3111126709,https://doi.org/10.1080/21550085.2020.1864800,,,0,0
https://openalex.org/w3013829016,https://doi.org/10.3390/su12072659,,,0,0
https://openalex.org/w3119088445,https://doi.org/10.1016/j.landusepol.2020.105268,,,0,0
https://openalex.org/w3169633731,https://doi.org/10.2478/rela-2019-0010,,,0,0
https://openalex.org/w2903890557,https://doi.org/10.1177/0741088318804822,,,0,0
https://openalex.org/w3192269744,https://doi.org/10.3167/latiss.2021.140205,,,0,0
https://openalex.org/w3209920336,https://doi.org/10.1080/15405702.2021.1994576,,,0,0
https://openalex.org/w4214717790,https://doi.org/10.1007/s12144-022-02804-w,,,0,0
https://openalex.org/w3117728232,https://doi.org/10.1177/1075547020980443,,,0,0
https://openalex.org/w1828131764,https://doi.org/10.5565/rev/papers.2230,,,0,0
https://openalex.org/w2169497336,https://doi.org/10.1016/j.gloenvcha.2013.06.002,,,0,0
https://openalex.org/w2911310781,https://doi.org/10.1108/ijccsm-05-2017-0117,,,0,0
https://openalex.org/w2903541925,https://doi.org/10.1016/j.enpol.2018.11.040,,,0,0
https://openalex.org/w2921453371,https://doi.org/10.3390/su11061619,,,0,0
https://openalex.org/w2735432936,https://doi.org/10.3389/fmars.2017.00206,,,0,0
https://openalex.org/w3081500909,https://doi.org/10.17269/s41997-020-00352-z,,,0,0
https://openalex.org/w1946721877,https://doi.org/10.1016/j.habitatint.2015.09.001,,,0,0
https://openalex.org/w3046115958,https://doi.org/10.1080/1088937x.2020.1798540,,,0,0
https://openalex.org/w3136769419,https://doi.org/10.3389/fpos.2021.606829,,,0,1
https://openalex.org/w2344008811,https://doi.org/10.1080/13504622.2016.1177712,,,0,0
https://openalex.org/w2593815276,https://doi.org/10.1080/17524032.2017.1289111,,,0,0
https://openalex.org/w3201122879,https://doi.org/10.7717/peerj.11975,,,0,0
https://openalex.org/w1978337795,https://doi.org/10.1016/j.ecoleng.2015.01.021,,,0,0
https://openalex.org/w2009684161,https://doi.org/10.1080/08920753.2013.803926,,,0,1
https://openalex.org/w2094291381,https://doi.org/10.1371/journal.pone.0075637,,,0,0
https://openalex.org/w3118415129,https://doi.org/10.1007/s11422-020-09989-1,,,0,0
https://openalex.org/w1999068017,https://doi.org/10.1177/1075547014568418,,,0,0
https://openalex.org/w887454524,https://doi.org/10.1016/j.uclim.2015.06.006,,,0,0
https://openalex.org/w4214904634,https://doi.org/10.1016/j.gloenvcha.2022.102492,,,0,0
https://openalex.org/w3082706409,https://doi.org/10.1186/s42408-020-00078-w,,,0,0
https://openalex.org/w2139327724,https://doi.org/10.1007/s10806-011-9358-7,,,0,0
https://openalex.org/w2936026567,https://doi.org/10.22323/2.18020207,,,0,1
https://openalex.org/w2263408052,https://doi.org/10.1177/0963662516628477,,,0,1
https://openalex.org/w2740649455,https://doi.org/10.1093/oxfordhb/9780190497620.001.0001,,,0,0
https://openalex.org/w2621087289,https://doi.org/10.1007/s10584-017-1994-0,,,0,0
