[{"id": "https://openalex.org/W2064462697", "doi": "https://doi.org/10.1111/j.1460-9568.2005.04057.x", "title": "Controlling pathological pain by adenovirally driven spinal production of the anti-inflammatory cytokine, interleukin-10", "display_name": "Controlling pathological pain by adenovirally driven spinal production of the anti-inflammatory cytokine, interleukin-10", "publication_year": 2005, "publication_date": "2005-04-01", "ids": {"openalex": "https://openalex.org/W2064462697", "doi": "https://doi.org/10.1111/j.1460-9568.2005.04057.x", "mag": "2064462697", "pmid": "https://pubmed.ncbi.nlm.nih.gov/15869510"}, "primary_location": {"is_oa": false, "landing_page_url": "https://doi.org/10.1111/j.1460-9568.2005.04057.x", "pdf_url": null, "source": {"id": "https://openalex.org/S171130801", "display_name": "European Journal of Neuroscience", "issn_l": "0953-816X", "issn": ["0953-816X", "1460-9568"], "host_organization": "https://openalex.org/P4310320503", "type": "journal"}, "license": null, "version": null}, "host_venue": {"id": "https://openalex.org/S171130801", "issn_l": "0953-816X", "issn": ["0953-816X", "1460-9568"], "display_name": "European Journal of Neuroscience", "publisher": "Wiley-Blackwell", "type": "journal", "url": null, "is_oa": false, "version": null, "license": null}, "type": "journal-article", "open_access": {"is_oa": false, "oa_status": "closed", "oa_url": null}, "authorships": [{"author_position": "first", "author": {"id": "https://openalex.org/A2125257549", "display_name": "Erin D. Milligan", "orcid": null}, "institutions": [{"id": "https://openalex.org/I188538660", "display_name": "University of Colorado Boulder", "ror": "https://ror.org/02ttsq026", "country_code": "US", "type": "education"}], "raw_affiliation_string": "Department of Psychology and the Center for Neuroscience, University of CO at Boulder, Boulder, CO 80309, USA"}, {"author_position": "middle", "author": {"id": "https://openalex.org/A2144943837", "display_name": "Stephen A. Langer", "orcid": null}, "institutions": [{"id": "https://openalex.org/I188538660", "display_name": "University of Colorado Boulder", "ror": "https://ror.org/02ttsq026", "country_code": "US", "type": "education"}], "raw_affiliation_string": "Department of Molecular, Cellular & Developmental Biology, University of CO at Boulder, Boulder, CO 80309 USA"}, {"author_position": "middle", "author": {"id": "https://openalex.org/A2084562656", "display_name": "Evan M. Sloane", "orcid": null}, "institutions": [{"id": "https://openalex.org/I188538660", "display_name": "University of Colorado Boulder", "ror": "https://ror.org/02ttsq026", "country_code": "US", "type": "education"}], "raw_affiliation_string": "Department of Psychology and the Center for Neuroscience, University of CO at Boulder, Boulder, CO 80309, USA"}, {"author_position": "middle", "author": {"id": "https://openalex.org/A2302318995", "display_name": "Lin He", "orcid": "https://orcid.org/0000-0001-5251-1687"}, "institutions": [{"id": null, "display_name": "Avigen, Alameda, CA 94502, USA", "ror": null, "country_code": null, "type": null}], "raw_affiliation_string": "Avigen, Alameda, CA 94502, USA"}, {"author_position": "middle", "author": {"id": "https://openalex.org/A427021561", "display_name": "Julie Wieseler-Frank", "orcid": null}, "institutions": [{"id": "https://openalex.org/I188538660", "display_name": "University of Colorado Boulder", "ror": "https://ror.org/02ttsq026", "country_code": "US", "type": "education"}], "raw_affiliation_string": "Department of Psychology and the Center for Neuroscience, University of CO at Boulder, Boulder, CO 80309, USA"}, {"author_position": "middle", "author": {"id": "https://openalex.org/A2128454092", "display_name": "Kevin O'Connor", "orcid": "https://orcid.org/0000-0002-7931-3231"}, "institutions": [{"id": "https://openalex.org/I188538660", "display_name": "University of Colorado Boulder", "ror": "https://ror.org/02ttsq026", "country_code": "US", "type": "education"}], "raw_affiliation_string": "Department of Psychology and the Center for Neuroscience, University of CO at Boulder, Boulder, CO 80309, USA"}, {"author_position": "middle", "author": {"id": "https://openalex.org/A2124458367", "display_name": "David C. Martin", "orcid": "https://orcid.org/0000-0003-1195-3838"}, "institutions": [{"id": "https://openalex.org/I1320553840", "display_name": "Amgen", "ror": "https://ror.org/03g03ge92", "country_code": "US", "type": "company"}], "raw_affiliation_string": "Dept of Pharmacology, Amgen, Thousand Oaks, CA 21320, USA"}, {"author_position": "middle", "author": {"id": "https://openalex.org/A1909453468", "display_name": "John Forsayeth", "orcid": null}, "institutions": [{"id": null, "display_name": "Avigen, Alameda, CA 94502, USA", "ror": null, "country_code": null, "type": null}], "raw_affiliation_string": "Avigen, Alameda, CA 94502, USA"}, {"author_position": "middle", "author": {"id": "https://openalex.org/A2124786799", "display_name": "Steven F. Maier", "orcid": "https://orcid.org/0000-0002-3370-6160"}, "institutions": [{"id": "https://openalex.org/I188538660", "display_name": "University of Colorado Boulder", "ror": "https://ror.org/02ttsq026", "country_code": "US", "type": "education"}], "raw_affiliation_string": "Department of Psychology and the Center for Neuroscience, University of CO at Boulder, Boulder, CO 80309, USA"}, {"author_position": "middle", "author": {"id": "https://openalex.org/A2180903530", "display_name": "Kirk R. Johnson", "orcid": "https://orcid.org/0000-0002-3253-4280"}, "institutions": [{"id": null, "display_name": "Avigen, Alameda, CA 94502, USA", "ror": null, "country_code": null, "type": null}], "raw_affiliation_string": "Avigen, Alameda, CA 94502, USA"}, {"author_position": "middle", "author": {"id": "https://openalex.org/A2151480717", "display_name": "Raymond A. Chavez", "orcid": null}, "institutions": [{"id": null, "display_name": "Avigen, Alameda, CA 94502, USA", "ror": null, "country_code": null, "type": null}], "raw_affiliation_string": "Avigen, Alameda, CA 94502, USA"}, {"author_position": "middle", "author": {"id": "https://openalex.org/A1956128977", "display_name": "Leslie A. Leinwand", "orcid": "https://orcid.org/0000-0003-1470-4810"}, "institutions": [{"id": "https://openalex.org/I188538660", "display_name": "University of Colorado Boulder", "ror": "https://ror.org/02ttsq026", "country_code": "US", "type": "education"}], "raw_affiliation_string": "Department of Molecular, Cellular & Developmental Biology, University of CO at Boulder, Boulder, CO 80309 USA"}, {"author_position": "last", "author": {"id": "https://openalex.org/A2140607908", "display_name": "Linda R. Watkins", "orcid": "https://orcid.org/0000-0002-5870-388X"}, "institutions": [{"id": "https://openalex.org/I188538660", "display_name": "University of Colorado Boulder", "ror": "https://ror.org/02ttsq026", "country_code": "US", "type": "education"}], "raw_affiliation_string": "Department of Psychology and the Center for Neuroscience, University of CO at Boulder, Boulder, CO 80309, USA"}], "cited_by_count": 202, "biblio": {"volume": "21", "issue": "8", "first_page": "2136", "last_page": "2148"}, "is_retracted": false, "is_paratext": false, "concepts": [{"id": "https://openalex.org/C164027704", "wikidata": "https://www.wikidata.org/wiki/Q3491837", "display_name": "Proinflammatory cytokine", "level": 3, "score": "0.7366893"}, {"id": "https://openalex.org/C71924100", "wikidata": "https://www.wikidata.org/wiki/Q11190", "display_name": "Medicine", "level": 0, "score": "0.722969"}, {"id": "https://openalex.org/C2779245659", "wikidata": "https://www.wikidata.org/wiki/Q1633866", "display_name": "Hyperalgesia", "level": 4, "score": "0.580868"}, {"id": "https://openalex.org/C2780775167", "wikidata": "https://www.wikidata.org/wiki/Q9606", "display_name": "Spinal cord", "level": 2, "score": "0.53067994"}, {"id": "https://openalex.org/C2777883359", "wikidata": "https://www.wikidata.org/wiki/Q1888634", "display_name": "Allodynia", "level": 5, "score": "0.47584534"}, {"id": "https://openalex.org/C2777107010", "wikidata": "https://www.wikidata.org/wiki/Q2798704", "display_name": "Neuropathic pain", "level": 2, "score": "0.43410444"}, {"id": "https://openalex.org/C187316574", "wikidata": "https://www.wikidata.org/wiki/Q423698", "display_name": "Interleukin 10", "level": 3, "score": "0.427161"}, {"id": "https://openalex.org/C2778690821", "wikidata": "https://www.wikidata.org/wiki/Q212354", "display_name": "Cytokine", "level": 2, "score": "0.40560347"}, {"id": "https://openalex.org/C42219234", "wikidata": "https://www.wikidata.org/wiki/Q131130", "display_name": "Anesthesia", "level": 1, "score": "0.38398257"}, {"id": "https://openalex.org/C2776914184", "wikidata": "https://www.wikidata.org/wiki/Q101991", "display_name": "Inflammation", "level": 2, "score": "0.37940288"}, {"id": "https://openalex.org/C203014093", "wikidata": "https://www.wikidata.org/wiki/Q101929", "display_name": "Immunology", "level": 1, "score": "0.35956442"}, {"id": "https://openalex.org/C98274493", "wikidata": "https://www.wikidata.org/wiki/Q128406", "display_name": "Pharmacology", "level": 1, "score": "0.3265868"}, {"id": "https://openalex.org/C15490471", "wikidata": "https://www.wikidata.org/wiki/Q2734305", "display_name": "Nociception", "level": 3, "score": "0.2833873"}, {"id": "https://openalex.org/C126322002", "wikidata": "https://www.wikidata.org/wiki/Q11180", "display_name": "Internal medicine", "level": 1, "score": "0.25129658"}, {"id": "https://openalex.org/C170493617", "wikidata": "https://www.wikidata.org/wiki/Q208467", "display_name": "Receptor", "level": 2, "score": "0.11904648"}, {"id": "https://openalex.org/C118552586", "wikidata": "https://www.wikidata.org/wiki/Q7867", "display_name": "Psychiatry", "level": 1, "score": "0.0"}], "mesh": [{"descriptor_ui": "D015316", "descriptor_name": "Genetic Therapy", "qualifier_ui": "Q000379", "qualifier_name": "methods", "is_major_topic": true}, {"descriptor_ui": "D016753", "descriptor_name": "Interleukin-10", "qualifier_ui": "Q000627", "qualifier_name": "therapeutic use", "is_major_topic": true}, {"descriptor_ui": "D059408", "descriptor_name": "Pain Management", "qualifier_ui": "", "qualifier_name": null, "is_major_topic": true}, {"descriptor_ui": "D000256", "descriptor_name": "Adenoviridae", "qualifier_ui": "Q000235", "qualifier_name": "genetics", "is_major_topic": false}, {"descriptor_ui": "D000256", "descriptor_name": "Adenoviridae", "qualifier_ui": "", "qualifier_name": null, "is_major_topic": false}, {"descriptor_ui": "D000818", "descriptor_name": "Animals", "qualifier_ui": "", "qualifier_name": null, "is_major_topic": false}, {"descriptor_ui": "D001522", "descriptor_name": "Behavior, Animal", "qualifier_ui": "", "qualifier_name": null, "is_major_topic": false}, {"descriptor_ui": "D004305", "descriptor_name": "Dose-Response Relationship, Drug", "qualifier_ui": "", "qualifier_name": null, "is_major_topic": false}, {"descriptor_ui": "D007839", "descriptor_name": "Functional Laterality", "qualifier_ui": "Q000502", "qualifier_name": "physiology", "is_major_topic": false}, {"descriptor_ui": "D007839", "descriptor_name": "Functional Laterality", "qualifier_ui": "", "qualifier_name": null, "is_major_topic": false}, {"descriptor_ui": "D015316", "descriptor_name": "Genetic Therapy", "qualifier_ui": "", "qualifier_name": null, "is_major_topic": false}, {"descriptor_ui": "D005822", "descriptor_name": "Genetic Vectors", "qualifier_ui": "", "qualifier_name": null, "is_major_topic": false}, {"descriptor_ui": "D006614", "descriptor_name": "Hindlimb", "qualifier_ui": "", "qualifier_name": null, "is_major_topic": false}, {"descriptor_ui": "D006614", "descriptor_name": "Hindlimb", "qualifier_ui": "Q000503", "qualifier_name": "physiopathology", "is_major_topic": false}, {"descriptor_ui": "D006614", "descriptor_name": "Hindlimb", "qualifier_ui": "Q000294", "qualifier_name": "innervation", "is_major_topic": false}, {"descriptor_ui": "D006614", "descriptor_name": "Hindlimb", "qualifier_ui": "Q000187", "qualifier_name": "drug effects", "is_major_topic": false}, {"descriptor_ui": "D006801", "descriptor_name": "Humans", "qualifier_ui": "", "qualifier_name": null, "is_major_topic": false}, {"descriptor_ui": "D007278", "descriptor_name": "Injections, Spinal", "qualifier_ui": "", "qualifier_name": null, "is_major_topic": false}, {"descriptor_ui": "D007278", "descriptor_name": "Injections, Spinal", "qualifier_ui": "Q000379", "qualifier_name": "methods", "is_major_topic": false}, {"descriptor_ui": "D007375", "descriptor_name": "Interleukin-1", "qualifier_ui": "Q000096", "qualifier_name": "biosynthesis", "is_major_topic": false}, {"descriptor_ui": "D007375", "descriptor_name": "Interleukin-1", "qualifier_ui": "", "qualifier_name": null, "is_major_topic": false}, {"descriptor_ui": "D007375", "descriptor_name": "Interleukin-1", "qualifier_ui": "Q000627", "qualifier_name": "therapeutic use", "is_major_topic": false}, {"descriptor_ui": "D016753", "descriptor_name": "Interleukin-10", "qualifier_ui": "", "qualifier_name": null, "is_major_topic": false}, {"descriptor_ui": "D016753", "descriptor_name": "Interleukin-10", "qualifier_ui": "Q000235", "qualifier_name": "genetics", "is_major_topic": false}, {"descriptor_ui": "D016753", "descriptor_name": "Interleukin-10", "qualifier_ui": "Q000134", "qualifier_name": "cerebrospinal fluid", "is_major_topic": false}, {"descriptor_ui": "D016753", "descriptor_name": "Interleukin-10", "qualifier_ui": "Q000096", "qualifier_name": "biosynthesis", "is_major_topic": false}, {"descriptor_ui": "D008297", "descriptor_name": "Male", "qualifier_ui": "", "qualifier_name": null, "is_major_topic": false}, {"descriptor_ui": "D008845", "descriptor_name": "Microinjections", "qualifier_ui": "Q000379", "qualifier_name": "methods", "is_major_topic": false}, {"descriptor_ui": "D008845", "descriptor_name": "Microinjections", "qualifier_ui": "", "qualifier_name": null, "is_major_topic": false}, {"descriptor_ui": "D010146", "descriptor_name": "Pain", "qualifier_ui": "Q000145", "qualifier_name": "classification", "is_major_topic": false}, {"descriptor_ui": "D010146", "descriptor_name": "Pain", "qualifier_ui": "", "qualifier_name": null, "is_major_topic": false}, {"descriptor_ui": "D010146", "descriptor_name": "Pain", "qualifier_ui": "Q000209", "qualifier_name": "etiology", "is_major_topic": false}, {"descriptor_ui": "D010147", "descriptor_name": "Pain Measurement", "qualifier_ui": "", "qualifier_name": null, "is_major_topic": false}, {"descriptor_ui": "D010147", "descriptor_name": "Pain Measurement", "qualifier_ui": "Q000379", "qualifier_name": "methods", "is_major_topic": false}, {"descriptor_ui": "D017288", "descriptor_name": "Pain Threshold", "qualifier_ui": "", "qualifier_name": null, "is_major_topic": false}, {"descriptor_ui": "D017288", "descriptor_name": "Pain Threshold", "qualifier_ui": "Q000187", "qualifier_name": "drug effects", "is_major_topic": false}, {"descriptor_ui": "D051381", "descriptor_name": "Rats", "qualifier_ui": "", "qualifier_name": null, "is_major_topic": false}, {"descriptor_ui": "D017207", "descriptor_name": "Rats, Sprague-Dawley", "qualifier_ui": "", "qualifier_name": null, "is_major_topic": false}, {"descriptor_ui": "D017472", "descriptor_name": "Receptors, Interleukin-1", "qualifier_ui": "", "qualifier_name": null, "is_major_topic": false}, {"descriptor_ui": "D017472", "descriptor_name": "Receptors, Interleukin-1", "qualifier_ui": "Q000008", "qualifier_name": "administration & dosage", "is_major_topic": false}, {"descriptor_ui": "D053573", "descriptor_name": "Receptors, Interleukin-1 Type I", "qualifier_ui": "", "qualifier_name": null, "is_major_topic": false}, {"descriptor_ui": "D013997", "descriptor_name": "Time Factors", "qualifier_ui": "", "qualifier_name": null, "is_major_topic": false}, {"descriptor_ui": "D015054", "descriptor_name": "Zymosan", "qualifier_ui": "", "qualifier_name": null, "is_major_topic": false}, {"descriptor_ui": "D015054", "descriptor_name": "Zymosan", "qualifier_ui": "Q000627", "qualifier_name": "therapeutic use", "is_major_topic": false}], "locations": [{"is_oa": false, "landing_page_url": "https://doi.org/10.1111/j.1460-9568.2005.04057.x", "pdf_url": null, "source": {"id": "https://openalex.org/S171130801", "display_name": "European Journal of Neuroscience", "issn_l": "0953-816X", "issn": ["0953-816X", "1460-9568"], "host_organization": "https://openalex.org/P4310320503", "type": "journal"}, "license": null, "version": null}], "best_oa_location": null, "alternate_host_venues": [{"id": "https://openalex.org/S171130801", "display_name": "European Journal of Neuroscience", "type": "journal", "url": null, "is_oa": false, "version": null, "license": null}], "referenced_works": ["https://openalex.org/W4584224", "https://openalex.org/W83282783", "https://openalex.org/W239813727", "https://openalex.org/W252062138", "https://openalex.org/W1509401342", "https://openalex.org/W1509474425", "https://openalex.org/W1528762868", "https://openalex.org/W1548862642", "https://openalex.org/W1557181127", "https://openalex.org/W1588041244", "https://openalex.org/W1606157168", "https://openalex.org/W1704090069", "https://openalex.org/W1964785994", "https://openalex.org/W1971891998", "https://openalex.org/W1972467982", "https://openalex.org/W1974093633", "https://openalex.org/W1986180047", "https://openalex.org/W1992206444", "https://openalex.org/W1996016174", "https://openalex.org/W1997283068", "https://openalex.org/W2002299024", "https://openalex.org/W2002611474", "https://openalex.org/W2003716726", "https://openalex.org/W2011409010", "https://openalex.org/W2012219502", "https://openalex.org/W2013358248", "https://openalex.org/W2014007136", "https://openalex.org/W2015756509", "https://openalex.org/W2018322869", "https://openalex.org/W2021132159", "https://openalex.org/W2021750135", "https://openalex.org/W2025293020", "https://openalex.org/W2028726738", "https://openalex.org/W2029893881", "https://openalex.org/W2031036912", "https://openalex.org/W2035880016", "https://openalex.org/W2036033786", "https://openalex.org/W2038669938", "https://openalex.org/W2042324518", "https://openalex.org/W2042432068", "https://openalex.org/W2045740669", "https://openalex.org/W2045957990", "https://openalex.org/W2046558464", "https://openalex.org/W2046804167", "https://openalex.org/W2047844415", "https://openalex.org/W2049059411", "https://openalex.org/W2049625461", "https://openalex.org/W2050318359", "https://openalex.org/W2053721756", "https://openalex.org/W2054128284", "https://openalex.org/W2057621238", "https://openalex.org/W2058020736", "https://openalex.org/W2058176336", "https://openalex.org/W2063722071", "https://openalex.org/W2067384813", "https://openalex.org/W2077139485", "https://openalex.org/W2081693044", "https://openalex.org/W2081887464", "https://openalex.org/W2084979172", "https://openalex.org/W2090521351", "https://openalex.org/W2106100751", "https://openalex.org/W2106478195", "https://openalex.org/W2110921202", "https://openalex.org/W2116903459", "https://openalex.org/W2123219540", "https://openalex.org/W2126575561", "https://openalex.org/W2126895216", "https://openalex.org/W2137214483", "https://openalex.org/W2156364336", "https://openalex.org/W2161074777", "https://openalex.org/W2168156678", "https://openalex.org/W2170019750", "https://openalex.org/W2170271954", "https://openalex.org/W2172201406", "https://openalex.org/W4294253695"], "related_works": ["https://openalex.org/W1990377901", "https://openalex.org/W2003793821", "https://openalex.org/W2008175324", "https://openalex.org/W2025235669", "https://openalex.org/W2045131333", "https://openalex.org/W2070633611", "https://openalex.org/W2073293271", "https://openalex.org/W2099849259", "https://openalex.org/W2128198029", "https://openalex.org/W3005091961"], "ngrams_url": "https://api.openalex.org/works/W2064462697/ngrams", "abstract_inverted_index": {"Gene": [0], "therapy": [1, 119, 200], "for": [2, 212], "the": [3, 23, 31, 38, 103, 110], "control": [4, 192], "of": [5, 27, 33, 37, 40, 69, 80, 105, 165, 188], "pain": [6, 28, 61, 64, 143, 214], "has,": [7], "to": [8, 22, 43, 133, 158, 191, 205], "date,": [9], "targeted": [10], "neurons.": [11], "However,": [12], "recent": [13], "evidence": [14], "supports": [15], "that": [16, 197], "spinal": [17, 74, 155], "cord": [18, 156], "glia": [19], "are": [20, 71], "critical": [21], "creation": [24], "and": [25, 59, 92, 122, 126, 209], "maintenance": [26], "facilitation": [29], "through": [30], "release": [32], "proinflammatory": [34, 45], "cytokines.": [35, 76], "Because": [36], "ability": [39], "interleukin-10": [41], "(IL-10)": [42], "suppress": [44], "cytokines,": [46], "we": [47], "tested": [48], "whether": [49], "an": [50, 203], "adenoviral": [51], "vector": [52], "encoding": [53], "human": [54, 106, 166, 171], "IL-10": [55, 82, 100, 107, 117, 172], "(AD-h-IL10)": [56], "would": [57], "block": [58], "reverse": [60], "facilitation.": [62], "Three": [63], "models": [65], "were": [66, 145], "examined,": [67], "all": [68], "which": [70], "mediated": [72], "by": [73, 99, 147], "pro-inflammatory": [75], "Acute": [77], "intrathecal": [78, 111], "administration": [79], "rat": [81], "protein": [83, 101, 108], "itself": [84], "briefly": [85], "reversed": [86, 123, 146], "chronic": [87], "constriction": [88], "injury-induced": [89], "mechanical": [90, 127, 136], "allodynia": [91], "thermal": [93, 124, 134], "hyperalgesia.": [94], "The": [95], "transient": [96], "reversal": [97], "caused": [98], "paralleled": [102], "half-life": [104], "in": [109, 174], "space": [112], "(t1/2": [113], "\u223c": [114], "2": [115], "h).": [116], "gene": [118, 199, 210], "both": [120], "prevented": [121], "hyperalgesia": [125], "allodynia,": [128], "without": [129], "affecting": [130], "basal": [131], "responses": [132], "or": [135], "stimuli.": [137], "Extra-territorial,": [138], "as": [139, 141], "well": [140], "territorial,": [142], "changes": [144], "this": [148, 198], "treatment.": [149], "Intrathecal": [150], "AD-h-IL10": [151, 184], "injected": [152], "over": [153], "lumbosacral": [154, 160], "led": [157], "elevated": [159], "cerebrospinal": [161], "fluid": [162], "(CSF)": [163], "levels": [164, 187], "IL-10,": [167], "with": [168, 179], "far": [169], "less": [170], "observed": [173], "cervical": [175], "CSF.": [176], "In": [177], "keeping": [178], "IL-10's": [180], "known": [181], "anti-inflammatory": [182], "actions,": [183], "lowered": [185], "CSF": [186], "IL-1,": [189], "relative": [190], "AD.": [193], "These": [194], "studies": [195], "support": [196], "approach": [201], "provides": [202], "alternative": [204], "neuronally": [206], "focused": [207], "drug": [208], "therapies": [211], "clinical": [213], "control.": [215]}, "cited_by_api_url": "https://api.openalex.org/works?filter=cites:W2064462697", "counts_by_year": [{"year": 2022, "cited_by_count": 5}, {"year": 2021, "cited_by_count": 11}, {"year": 2020, "cited_by_count": 5}, {"year": 2019, "cited_by_count": 9}, {"year": 2018, "cited_by_count": 11}, {"year": 2017, "cited_by_count": 6}, {"year": 2016, "cited_by_count": 15}, {"year": 2015, "cited_by_count": 13}, {"year": 2014, "cited_by_count": 13}, {"year": 2013, "cited_by_count": 10}, {"year": 2012, "cited_by_count": 19}], "updated_date": "2023-03-06T23:49:43.647517", "created_date": "2016-06-24"}, {"id": "https://openalex.org/W2110818257", "doi": "https://doi.org/10.1037/a0013971", "title": "Mediators of change for multisystemic therapy with juvenile sexual offenders.", "display_name": "Mediators of change for multisystemic therapy with juvenile sexual offenders.", "publication_year": 2009, "publication_date": "2009-06-01", "ids": {"openalex": "https://openalex.org/W2110818257", "doi": "https://doi.org/10.1037/a0013971", "mag": "2110818257", "pmid": "https://pubmed.ncbi.nlm.nih.gov/19485587", "pmcid": "https://www.ncbi.nlm.nih.gov/pmc/articles/2744326"}, "primary_location": {"is_oa": null, "landing_page_url": "https://doi.org/10.1037/a0013971", "pdf_url": null, "source": {"id": "https://openalex.org/S118719888", "display_name": "Journal of Consulting and Clinical Psychology", "issn_l": "0022-006X", "issn": ["0022-006X", "1939-2117"], "host_organization": "https://openalex.org/P4310320262", "type": "journal"}, "license": null, "version": null}, "host_venue": {"id": "https://openalex.org/S118719888", "issn_l": "0022-006X", "issn": ["0022-006X", "1939-2117"], "display_name": "Journal of Consulting and Clinical Psychology", "publisher": "American Psychological Association", "type": "journal", "url": null, "is_oa": false, "version": null, "license": null}, "type": "journal-article", "open_access": {"is_oa": true, "oa_status": "green", "oa_url": "https://europepmc.org/articles/pmc2744326?pdf=render"}, "authorships": [{"author_position": "first", "author": {"id": "https://openalex.org/A192582163", "display_name": "Scott W. Henggeler", "orcid": null}, "institutions": [{"id": "https://openalex.org/I153297377", "display_name": "Medical University of South Carolina", "ror": "https://ror.org/012jban78", "country_code": "US", "type": "education"}], "raw_affiliation_string": "Family Services Research Center, Department of Psychiatry and Behavioral Sciences, Medical University of South Carolina, Charleston, South Carolina 29425, USA."}, {"author_position": "middle", "author": {"id": "https://openalex.org/A2192718316", "display_name": "Elizabeth J. Letourneau", "orcid": null}, "institutions": [{"id": "https://openalex.org/I153297377", "display_name": "Medical University of South Carolina", "ror": "https://ror.org/012jban78", "country_code": "US", "type": "education"}], "raw_affiliation_string": "Family Services Research Center, Department of Psychiatry and Behavioral Sciences, Medical University of South Carolina, Charleston, SC, US"}, {"author_position": "middle", "author": {"id": "https://openalex.org/A2161209548", "display_name": "Jason W. Chapman", "orcid": "https://orcid.org/0000-0002-7475-4441"}, "institutions": [{"id": "https://openalex.org/I153297377", "display_name": "Medical University of South Carolina", "ror": "https://ror.org/012jban78", "country_code": "US", "type": "education"}], "raw_affiliation_string": "Family Services Research Center, Department of Psychiatry and Behavioral Sciences, Medical University of South Carolina, Charleston, SC, US"}, {"author_position": "middle", "author": {"id": "https://openalex.org/A257022390", "display_name": "Charles M. Borduin", "orcid": "https://orcid.org/0000-0002-1002-5020"}, "institutions": [{"id": "https://openalex.org/I76835614", "display_name": "University of Missouri", "ror": "https://ror.org/02ymw8z06", "country_code": "US", "type": "education"}], "raw_affiliation_string": "Department of Psychological Sciences, University of Missouri-Columbia, Columbia, MO, US"}, {"author_position": "middle", "author": {"id": "https://openalex.org/A624549004", "display_name": "Paul A. Schewe", "orcid": null}, "institutions": [{"id": "https://openalex.org/I39422238", "display_name": "University of Illinois at Chicago", "ror": "https://ror.org/02mpq6x41", "country_code": "US", "type": "education"}], "raw_affiliation_string": "Department of Criminology, Law, and Justice, University of Illinois\u2014Chicago, Chicago, IL, US"}, {"author_position": "last", "author": {"id": "https://openalex.org/A2191292120", "display_name": "Michael R. McCart", "orcid": "https://orcid.org/0000-0002-7043-8572"}, "institutions": [{"id": "https://openalex.org/I153297377", "display_name": "Medical University of South Carolina", "ror": "https://ror.org/012jban78", "country_code": "US", "type": "education"}], "raw_affiliation_string": "Family Services Research Center, Department of Psychiatry and Behavioral Sciences, Medical University of South Carolina, Charleston, SC, US"}], "cited_by_count": 147, "biblio": {"volume": "77", "issue": "3", "first_page": "451", "last_page": "462"}, "is_retracted": false, "is_paratext": false, "concepts": [{"id": "https://openalex.org/C71376074", "wikidata": "https://www.wikidata.org/wiki/Q1001125", "display_name": "Juvenile delinquency", "level": 2, "score": "0.8532313"}, {"id": "https://openalex.org/C15744967", "wikidata": "https://www.wikidata.org/wiki/Q9418", "display_name": "Psychology", "level": 0, "score": "0.80701244"}, {"id": "https://openalex.org/C115961737", "wikidata": "https://www.wikidata.org/wiki/Q1516282", "display_name": "Juvenile", "level": 2, "score": "0.67153513"}, {"id": "https://openalex.org/C2779343474", "wikidata": "https://www.wikidata.org/wiki/Q3109175", "display_name": "Context (archaeology)", "level": 2, "score": "0.6371324"}, {"id": "https://openalex.org/C138496976", "wikidata": "https://www.wikidata.org/wiki/Q175002", "display_name": "Developmental psychology", "level": 1, "score": "0.54395175"}, {"id": "https://openalex.org/C70410870", "wikidata": "https://www.wikidata.org/wiki/Q199906", "display_name": "Clinical psychology", "level": 1, "score": "0.5429719"}, {"id": "https://openalex.org/C178300618", "wikidata": "https://www.wikidata.org/wiki/Q1898509", "display_name": "Extant taxon", "level": 2, "score": "0.510164"}, {"id": "https://openalex.org/C3017944768", "wikidata": "https://www.wikidata.org/wiki/Q1450463", "display_name": "Poison control", "level": 2, "score": "0.41696474"}, {"id": "https://openalex.org/C71924100", "wikidata": "https://www.wikidata.org/wiki/Q11190", "display_name": "Medicine", "level": 0, "score": "0.10365668"}, {"id": "https://openalex.org/C151730666", "wikidata": "https://www.wikidata.org/wiki/Q7205", "display_name": "Paleontology", "level": 1, "score": "0.0"}, {"id": "https://openalex.org/C54355233", "wikidata": "https://www.wikidata.org/wiki/Q7162", "display_name": "Genetics", "level": 1, "score": "0.0"}, {"id": "https://openalex.org/C78458016", "wikidata": "https://www.wikidata.org/wiki/Q840400", "display_name": "Evolutionary biology", "level": 1, "score": "0.0"}, {"id": "https://openalex.org/C86803240", "wikidata": "https://www.wikidata.org/wiki/Q420", "display_name": "Biology", "level": 0, "score": "0.0"}, {"id": "https://openalex.org/C99454951", "wikidata": "https://www.wikidata.org/wiki/Q932068", "display_name": "Environmental health", "level": 1, "score": "0.0"}], "mesh": [{"descriptor_ui": "D005196", "descriptor_name": "Family Therapy", "qualifier_ui": "Q000379", "qualifier_name": "methods", "is_major_topic": true}, {"descriptor_ui": "D012742", "descriptor_name": "Sex Offenses", "qualifier_ui": "Q000523", "qualifier_name": "psychology", "is_major_topic": true}, {"descriptor_ui": "D013598", "descriptor_name": "Systems Theory", "qualifier_ui": "", "qualifier_name": null, "is_major_topic": true}, {"descriptor_ui": "D000293", "descriptor_name": "Adolescent", "qualifier_ui": "", "qualifier_name": null, "is_major_topic": false}, {"descriptor_ui": "D000987", "descriptor_name": "Antisocial Personality Disorder", "qualifier_ui": "Q000453", "qualifier_name": "epidemiology", "is_major_topic": false}, {"descriptor_ui": "D000987", "descriptor_name": "Antisocial Personality Disorder", "qualifier_ui": "Q000523", "qualifier_name": "psychology", "is_major_topic": false}, {"descriptor_ui": "D000987", "descriptor_name": "Antisocial Personality Disorder", "qualifier_ui": "Q000534", "qualifier_name": "rehabilitation", "is_major_topic": false}, {"descriptor_ui": "D000987", "descriptor_name": "Antisocial Personality Disorder", "qualifier_ui": "", "qualifier_name": null, "is_major_topic": false}, {"descriptor_ui": "D015897", "descriptor_name": "Comorbidity", "qualifier_ui": "", "qualifier_name": null, "is_major_topic": false}, {"descriptor_ui": "D019955", "descriptor_name": "Conduct Disorder", "qualifier_ui": "Q000453", "qualifier_name": "epidemiology", "is_major_topic": false}, {"descriptor_ui": "D019955", "descriptor_name": "Conduct Disorder", "qualifier_ui": "Q000523", "qualifier_name": "psychology", "is_major_topic": false}, {"descriptor_ui": "D019955", "descriptor_name": "Conduct Disorder", "qualifier_ui": "Q000534", "qualifier_name": "rehabilitation", "is_major_topic": false}, {"descriptor_ui": "D019955", "descriptor_name": "Conduct Disorder", "qualifier_ui": "", "qualifier_name": null, "is_major_topic": false}, {"descriptor_ui": "D004493", "descriptor_name": "Education", "qualifier_ui": "", "qualifier_name": null, "is_major_topic": false}, {"descriptor_ui": "D005196", "descriptor_name": "Family Therapy", "qualifier_ui": "", "qualifier_name": null, "is_major_topic": false}, {"descriptor_ui": "D005260", "descriptor_name": "Female", "qualifier_ui": "", "qualifier_name": null, "is_major_topic": false}, {"descriptor_ui": "D005500", "descriptor_name": "Follow-Up Studies", "qualifier_ui": "", "qualifier_name": null, "is_major_topic": false}, {"descriptor_ui": "D006801", "descriptor_name": "Humans", "qualifier_ui": "", "qualifier_name": null, "is_major_topic": false}, {"descriptor_ui": "D007389", "descriptor_name": "Internal-External Control", "qualifier_ui": "", "qualifier_name": null, "is_major_topic": false}, {"descriptor_ui": "D007604", "descriptor_name": "Juvenile Delinquency", "qualifier_ui": "Q000523", "qualifier_name": "psychology", "is_major_topic": false}, {"descriptor_ui": "D007604", "descriptor_name": "Juvenile Delinquency", "qualifier_ui": "Q000534", "qualifier_name": "rehabilitation", "is_major_topic": false}, {"descriptor_ui": "D007604", "descriptor_name": "Juvenile Delinquency", "qualifier_ui": "Q000706", "qualifier_name": "statistics & numerical data", "is_major_topic": false}, {"descriptor_ui": "D007604", "descriptor_name": "Juvenile Delinquency", "qualifier_ui": "", "qualifier_name": null, "is_major_topic": false}, {"descriptor_ui": "D008297", "descriptor_name": "Male", "qualifier_ui": "", "qualifier_name": null, "is_major_topic": false}, {"descriptor_ui": "D009042", "descriptor_name": "Motivation", "qualifier_ui": "", "qualifier_name": null, "is_major_topic": false}, {"descriptor_ui": "D010287", "descriptor_name": "Parent-Child Relations", "qualifier_ui": "", "qualifier_name": null, "is_major_topic": false}, {"descriptor_ui": "D016487", "descriptor_name": "Parenting", "qualifier_ui": "", "qualifier_name": null, "is_major_topic": false}, {"descriptor_ui": "D016487", "descriptor_name": "Parenting", "qualifier_ui": "Q000523", "qualifier_name": "psychology", "is_major_topic": false}, {"descriptor_ui": "D010379", "descriptor_name": "Peer Group", "qualifier_ui": "", "qualifier_name": null, "is_major_topic": false}, {"descriptor_ui": "D011209", "descriptor_name": "Power, Psychological", "qualifier_ui": "", "qualifier_name": null, "is_major_topic": false}, {"descriptor_ui": "D012742", "descriptor_name": "Sex Offenses", "qualifier_ui": "Q000706", "qualifier_name": "statistics & numerical data", "is_major_topic": false}, {"descriptor_ui": "D012742", "descriptor_name": "Sex Offenses", "qualifier_ui": "", "qualifier_name": null, "is_major_topic": false}, {"descriptor_ui": "D012742", "descriptor_name": "Sex Offenses", "qualifier_ui": "Q000517", "qualifier_name": "prevention & control", "is_major_topic": false}, {"descriptor_ui": "D012725", "descriptor_name": "Sexual Behavior", "qualifier_ui": "", "qualifier_name": null, "is_major_topic": false}, {"descriptor_ui": "D019966", "descriptor_name": "Substance-Related Disorders", "qualifier_ui": "Q000453", "qualifier_name": "epidemiology", "is_major_topic": false}, {"descriptor_ui": "D019966", "descriptor_name": "Substance-Related Disorders", "qualifier_ui": "Q000523", "qualifier_name": "psychology", "is_major_topic": false}, {"descriptor_ui": "D019966", "descriptor_name": "Substance-Related Disorders", "qualifier_ui": "Q000534", "qualifier_name": "rehabilitation", "is_major_topic": false}, {"descriptor_ui": "D019966", "descriptor_name": "Substance-Related Disorders", "qualifier_ui": "", "qualifier_name": null, "is_major_topic": false}], "locations": [{"is_oa": null, "landing_page_url": "https://doi.org/10.1037/a0013971", "pdf_url": null, "source": {"id": "https://openalex.org/S118719888", "display_name": "Journal of Consulting and Clinical Psychology", "issn_l": "0022-006X", "issn": ["0022-006X", "1939-2117"], "host_organization": "https://openalex.org/P4310320262", "type": "journal"}, "license": null, "version": null}, {"is_oa": true, "landing_page_url": "https://europepmc.org/articles/pmc2744326", "pdf_url": "https://europepmc.org/articles/pmc2744326?pdf=render", "source": {"id": "https://openalex.org/S4306400806", "display_name": "Europe PMC (PubMed Central)", "issn_l": null, "issn": null, "host_organization": null, "type": "repository"}, "license": null, "version": "acceptedVersion"}, {"is_oa": true, "landing_page_url": "https://www.ncbi.nlm.nih.gov/pmc/articles/PMC2744326", "pdf_url": null, "source": {"id": "https://openalex.org/S2764455111", "display_name": "PubMed Central", "issn_l": null, "issn": null, "host_organization": "https://openalex.org/I1299303238", "type": "repository"}, "license": null, "version": "acceptedVersion"}], "best_oa_location": {"is_oa": true, "landing_page_url": "https://europepmc.org/articles/pmc2744326", "pdf_url": "https://europepmc.org/articles/pmc2744326?pdf=render", "source": {"id": "https://openalex.org/S4306400806", "display_name": "Europe PMC (PubMed Central)", "issn_l": null, "issn": null, "host_organization": null, "type": "repository"}, "license": null, "version": "acceptedVersion"}, "alternate_host_venues": [{"id": "https://openalex.org/S118719888", "display_name": "Journal of Consulting and Clinical Psychology", "type": "journal", "url": null, "is_oa": false, "version": null, "license": null}, {"id": "https://openalex.org/S4306400806", "display_name": "Europe PMC (PubMed Central)", "type": "repository", "url": "https://europepmc.org/articles/pmc2744326?pdf=render", "is_oa": true, "version": "acceptedVersion", "license": null}, {"id": "https://openalex.org/S2764455111", "display_name": "PubMed Central", "type": "repository", "url": "https://www.ncbi.nlm.nih.gov/pmc/articles/PMC2744326", "is_oa": true, "version": "acceptedVersion", "license": null}], "referenced_works": ["https://openalex.org/W598258213", "https://openalex.org/W619133584", "https://openalex.org/W1480546572", "https://openalex.org/W1493962155", "https://openalex.org/W1502583968", "https://openalex.org/W1568390176", "https://openalex.org/W1579861080", "https://openalex.org/W1599198009", "https://openalex.org/W1625559907", "https://openalex.org/W1789090165", "https://openalex.org/W1970051298", "https://openalex.org/W1970333822", "https://openalex.org/W1971440513", "https://openalex.org/W1988584484", "https://openalex.org/W1991882055", "https://openalex.org/W1992590313", "https://openalex.org/W2011792098", "https://openalex.org/W2012047417", "https://openalex.org/W2023470064", "https://openalex.org/W2026131866", "https://openalex.org/W2027402538", "https://openalex.org/W2029035844", "https://openalex.org/W2050141335", "https://openalex.org/W2051621821", "https://openalex.org/W2068719957", "https://openalex.org/W2070812814", "https://openalex.org/W2074414186", "https://openalex.org/W2081031152", "https://openalex.org/W2084537816", "https://openalex.org/W2094384961", "https://openalex.org/W2103337852", "https://openalex.org/W2103884262", "https://openalex.org/W2104324806", "https://openalex.org/W2106149795", "https://openalex.org/W2107445624", "https://openalex.org/W2109588748", "https://openalex.org/W2111459052", "https://openalex.org/W2112146495", "https://openalex.org/W2113168655", "https://openalex.org/W2120897808", "https://openalex.org/W2131533248", "https://openalex.org/W2137132481", "https://openalex.org/W2144098291", "https://openalex.org/W2146394313", "https://openalex.org/W2157773071", "https://openalex.org/W2171065533", "https://openalex.org/W2185340275", "https://openalex.org/W2324299619", "https://openalex.org/W2324392187", "https://openalex.org/W2403350552", "https://openalex.org/W2498699822", "https://openalex.org/W2591701394", "https://openalex.org/W2729520369", "https://openalex.org/W2748379078", "https://openalex.org/W2788474822", "https://openalex.org/W2974725476", "https://openalex.org/W3013479585", "https://openalex.org/W3150522604"], "related_works": ["https://openalex.org/W1934506237", "https://openalex.org/W1987114843", "https://openalex.org/W2070396935", "https://openalex.org/W2082021846", "https://openalex.org/W2119209084", "https://openalex.org/W2162108740", "https://openalex.org/W2614530485", "https://openalex.org/W3080763379", "https://openalex.org/W4251942616", "https://openalex.org/W4293180410"], "ngrams_url": "https://api.openalex.org/works/W2110818257/ngrams", "abstract_inverted_index": {"The": [0], "mediators": [1, 46], "of": [2, 18, 49, 71, 81, 113, 133], "favorable": [3, 86], "multisystemic": [4], "therapy": [5], "(MST)": [6], "outcomes": [7], "achieved": [8], "at": [9, 57], "12": [10, 63], "months": [11, 60, 64], "postrecruitment": [12], "were": [13, 55, 98], "examined": [14], "within": [15], "the": [16, 68, 74, 117, 122, 130], "context": [17], "a": [19], "randomized": [20], "effectiveness": [21], "trial": [22], "with": [23, 67], "127": [24], "juvenile": [25, 134], "sexual": [26, 42, 95, 135], "offenders": [27], "and": [28, 40, 51, 62, 73, 93, 114], "their": [29], "caregivers.": [30], "Outcome": [31], "measures": [32, 48], "assessed": [33], "youth": [34, 90], "delinquency,": [35], "substance": [36], "use,": [37], "externalizing": [38], "symptoms,": [39], "deviant": [41, 94], "interest/risk": [43, 96], "behaviors;": [44], "hypothesized": [45], "included": [47], "parenting": [50], "peer": [52], "relations.": [53], "Data": [54], "collected": [56], "pretreatment,": [58], "6": [59], "postrecruitment,": [61], "postrecruitment.": [65], "Consistent": [66], "MST": [69, 87], "theory": [70], "change": [72], "small": [75], "extant": [76], "literature": [77], "in": [78], "this": [79], "area": [80], "research,": [82], "analyses": [83], "showed": [84], "that": [85], "effects": [88], "on": [89, 104], "antisocial": [91], "behavior": [92], "behaviors": [97], "mediated": [99], "by": [100], "increased": [101], "caregiver": [102, 111], "follow-through": [103], "discipline": [105], "practices": [106], "as": [107, 109], "well": [108], "decreased": [110], "disapproval": [112], "concern": [115], "about": [116], "youth's": [118], "bad": [119], "friends": [120], "during": [121], "follow-up.": [123], "These": [124], "findings": [125], "have": [126], "important": [127], "implications": [128], "for": [129], "community-based": [131], "treatment": [132], "offenders.": [136]}, "cited_by_api_url": "https://api.openalex.org/works?filter=cites:W2110818257", "counts_by_year": [{"year": 2023, "cited_by_count": 2}, {"year": 2022, "cited_by_count": 4}, {"year": 2021, "cited_by_count": 3}, {"year": 2020, "cited_by_count": 7}, {"year": 2019, "cited_by_count": 6}, {"year": 2018, "cited_by_count": 10}, {"year": 2017, "cited_by_count": 13}, {"year": 2016, "cited_by_count": 16}, {"year": 2015, "cited_by_count": 15}, {"year": 2014, "cited_by_count": 15}, {"year": 2013, "cited_by_count": 13}, {"year": 2012, "cited_by_count": 16}], "updated_date": "2023-02-25T19:30:58.388643", "created_date": "2016-06-24"}, {"id": "https://openalex.org/W2171929104", "doi": "https://doi.org/10.1080/07474938.2012.690653", "title": "Stochastic Dominance with Ordinal Variables: Conditions and a Test", "display_name": "Stochastic Dominance with Ordinal Variables: Conditions and a Test", "publication_year": 2013, "publication_date": "2013-01-01", "ids": {"openalex": "https://openalex.org/W2171929104", "doi": "https://doi.org/10.1080/07474938.2012.690653", "mag": "2171929104"}, "primary_location": {"is_oa": false, "landing_page_url": "https://doi.org/10.1080/07474938.2012.690653", "pdf_url": null, "source": {"id": "https://openalex.org/S134988049", "display_name": "Econometric Reviews", "issn_l": "0747-4938", "issn": ["0747-4938", "1532-4168"], "host_organization": "https://openalex.org/P4310320547", "type": "journal"}, "license": null, "version": null}, "host_venue": {"id": "https://openalex.org/S4210194081", "issn_l": "0747-4938", "issn": ["1532-4168", "0747-4938"], "display_name": "Econometric reviews", "publisher": "Taylor & Francis", "type": "journal", "url": null, "is_oa": false, "version": null, "license": null}, "type": "journal-article", "open_access": {"is_oa": false, "oa_status": "closed", "oa_url": null}, "authorships": [{"author_position": "first", "author": {"id": "https://openalex.org/A2443924180", "display_name": "Gaston Yalonetzky", "orcid": "https://orcid.org/0000-0003-2438-0223"}, "institutions": [{"id": null, "display_name": "Oxford Poverty and Human Development (OPHI) , University of Oxford , Oxford , England , UK", "ror": null, "country_code": null, "type": null}], "raw_affiliation_string": "Oxford Poverty and Human Development (OPHI) , University of Oxford , Oxford , England , UK"}], "cited_by_count": 35, "biblio": {"volume": "32", "issue": "1", "first_page": "126", "last_page": "163"}, "is_retracted": false, "is_paratext": false, "concepts": [{"id": "https://openalex.org/C33252445", "wikidata": "https://www.wikidata.org/wiki/Q3713315", "display_name": "Stochastic dominance", "level": 2, "score": "0.8474525"}, {"id": "https://openalex.org/C85461838", "wikidata": "https://www.wikidata.org/wiki/Q7100785", "display_name": "Ordinal data", "level": 2, "score": "0.745303"}, {"id": "https://openalex.org/C149782125", "wikidata": "https://www.wikidata.org/wiki/Q160039", "display_name": "Econometrics", "level": 1, "score": "0.6183394"}, {"id": "https://openalex.org/C110313322", "wikidata": "https://www.wikidata.org/wiki/Q7100793", "display_name": "Ordinal regression", "level": 2, "score": "0.61253107"}, {"id": "https://openalex.org/C33923547", "wikidata": "https://www.wikidata.org/wiki/Q395", "display_name": "Mathematics", "level": 0, "score": "0.60984755"}, {"id": "https://openalex.org/C161584116", "wikidata": "https://www.wikidata.org/wiki/Q1952580", "display_name": "Multivariate statistics", "level": 2, "score": "0.58006704"}, {"id": "https://openalex.org/C102366305", "wikidata": "https://www.wikidata.org/wiki/Q1097688", "display_name": "Nonparametric statistics", "level": 2, "score": "0.55789185"}, {"id": "https://openalex.org/C105795698", "wikidata": "https://www.wikidata.org/wiki/Q12483", "display_name": "Statistics", "level": 1, "score": "0.5085381"}, {"id": "https://openalex.org/C151913843", "wikidata": "https://www.wikidata.org/wiki/Q3454555", "display_name": "Dominance (genetics)", "level": 3, "score": "0.4848312"}, {"id": "https://openalex.org/C118671147", "wikidata": "https://www.wikidata.org/wiki/Q578714", "display_name": "Quantile", "level": 2, "score": "0.4306858"}, {"id": "https://openalex.org/C192065140", "wikidata": "https://www.wikidata.org/wiki/Q1147928", "display_name": "Multinomial distribution", "level": 2, "score": "0.4167918"}, {"id": "https://openalex.org/C32645036", "wikidata": "https://www.wikidata.org/wiki/Q475164", "display_name": "Stochastic ordering", "level": 2, "score": "0.41441438"}, {"id": "https://openalex.org/C55493867", "wikidata": "https://www.wikidata.org/wiki/Q7094", "display_name": "Biochemistry", "level": 1, "score": "0.0"}, {"id": "https://openalex.org/C185592680", "wikidata": "https://www.wikidata.org/wiki/Q2329", "display_name": "Chemistry", "level": 0, "score": "0.0"}, {"id": "https://openalex.org/C104317684", "wikidata": "https://www.wikidata.org/wiki/Q7187", "display_name": "Gene", "level": 2, "score": "0.0"}], "mesh": [], "locations": [{"is_oa": false, "landing_page_url": "https://doi.org/10.1080/07474938.2012.690653", "pdf_url": null, "source": {"id": "https://openalex.org/S134988049", "display_name": "Econometric Reviews", "issn_l": "0747-4938", "issn": ["0747-4938", "1532-4168"], "host_organization": "https://openalex.org/P4310320547", "type": "journal"}, "license": null, "version": null}], "best_oa_location": null, "alternate_host_venues": [{"id": "https://openalex.org/S4210194081", "display_name": "Econometric reviews", "type": "journal", "url": null, "is_oa": false, "version": null, "license": null}], "referenced_works": ["https://openalex.org/W1972557934", "https://openalex.org/W1985696049", "https://openalex.org/W1998356377", "https://openalex.org/W1998691944", "https://openalex.org/W2006998008", "https://openalex.org/W2015363455", "https://openalex.org/W2032948466", "https://openalex.org/W2034828694", "https://openalex.org/W2039239153", "https://openalex.org/W2046200558", "https://openalex.org/W2050234078", "https://openalex.org/W2051589331", "https://openalex.org/W2054063527", "https://openalex.org/W2058690280", "https://openalex.org/W2081266298", "https://openalex.org/W2085581015", "https://openalex.org/W2087303472", "https://openalex.org/W2117139323", "https://openalex.org/W2117278512", "https://openalex.org/W3121641555", "https://openalex.org/W3121928014", "https://openalex.org/W3123832841", "https://openalex.org/W3125488060", "https://openalex.org/W4231172988", "https://openalex.org/W4233014035", "https://openalex.org/W4242883546", "https://openalex.org/W4250943512", "https://openalex.org/W4251398181"], "related_works": ["https://openalex.org/W1597202970", "https://openalex.org/W1773038173", "https://openalex.org/W2052388428", "https://openalex.org/W2064829129", "https://openalex.org/W2519585288", "https://openalex.org/W2904132618", "https://openalex.org/W3195517856", "https://openalex.org/W4243466924", "https://openalex.org/W4248032484", "https://openalex.org/W4250590348"], "ngrams_url": "https://api.openalex.org/works/W2171929104/ngrams", "abstract_inverted_index": {"A": [0], "re-emerging": [1], "literature": [2], "on": [3], "robustness": [4], "in": [5, 14, 25, 30, 80, 101, 114], "multidimensional": [6, 15, 112], "welfare": [7], "and": [8, 28, 55, 57, 97], "poverty": [9], "comparisons": [10], "has": [11], "revived": [12], "interest": [13], "stochastic": [16, 36], "dominance.": [17], "Considering": [18], "the": [19, 44, 47, 93], "widespread": [20], "use": [21, 94], "of": [22, 46, 69, 76, 95, 99], "ordinal": [23, 40, 87], "variables": [24, 51], "wellbeing": [26, 113], "measurement,": [27], "particularly": [29], "composite": [31], "indices,": [32], "I": [33, 72, 91], "derive": [34], "multivariate": [35], "dominance": [37], "conditions": [38, 48, 65, 85], "for": [39, 49, 66, 86], "variables.": [41, 88], "These": [42], "are": [43], "analogues": [45], "continuous": [50], "(e.g.,": [52], "Bawa,": [53], "1975,": [54], "Atkinson": [56], "Bourguignon,": [58], "1982).": [59], "The": [60], "article": [61], "also": [62], "derives": [63], "mixed-order-of-dominance": [64], "any": [67], "type": [68], "variable.": [70], "Then": [71], "propose": [73, 92], "an": [74], "extension": [75], "Anderson's": [77], "nonparametric": [78], "test": [79, 83], "order": [81, 102], "to": [82, 103, 111], "these": [84, 117], "In": [89], "addition,": [90], "vectors": [96], "matrices": [98], "positions": [100], "handle": [104], "multivariate,": [105], "multinomial": [106], "distributions.": [107], "An": [108], "empirical": [109], "application": [110], "Peru": [115], "illustrates": [116], "tests.": [118]}, "cited_by_api_url": "https://api.openalex.org/works?filter=cites:W2171929104", "counts_by_year": [{"year": 2022, "cited_by_count": 2}, {"year": 2020, "cited_by_count": 6}, {"year": 2019, "cited_by_count": 1}, {"year": 2018, "cited_by_count": 7}, {"year": 2017, "cited_by_count": 3}, {"year": 2016, "cited_by_count": 2}, {"year": 2015, "cited_by_count": 5}, {"year": 2014, "cited_by_count": 3}, {"year": 2013, "cited_by_count": 2}, {"year": 2012, "cited_by_count": 1}], "updated_date": "2023-03-06T16:59:16.626773", "created_date": "2016-06-24"}, {"id": "https://openalex.org/W2234353815", "doi": "https://doi.org/10.3389/fpsyg.2015.01963", "title": "Psychometric Evaluation of the Overexcitability Questionnaire-Two Applying Bayesian Structural Equation Modeling (BSEM) and Multiple-Group BSEM-Based Alignment with Approximate Measurement Invariance", "display_name": "Psychometric Evaluation of the Overexcitability Questionnaire-Two Applying Bayesian Structural Equation Modeling (BSEM) and Multiple-Group BSEM-Based Alignment with Approximate Measurement Invariance", "publication_year": 2015, "publication_date": "2015-12-24", "ids": {"openalex": "https://openalex.org/W2234353815", "doi": "https://doi.org/10.3389/fpsyg.2015.01963", "mag": "2234353815", "pmid": "https://pubmed.ncbi.nlm.nih.gov/26733931", "pmcid": "https://www.ncbi.nlm.nih.gov/pmc/articles/4689874"}, "primary_location": {"is_oa": true, "landing_page_url": "https://doi.org/10.3389/fpsyg.2015.01963", "pdf_url": "https://www.frontiersin.org/articles/10.3389/fpsyg.2015.01963/pdf", "source": {"id": "https://openalex.org/S9692511", "display_name": "Frontiers in Psychology", "issn_l": "1664-1078", "issn": ["1664-1078"], "host_organization": "https://openalex.org/P4310320527", "type": "journal"}, "license": "cc-by", "version": "publishedVersion"}, "host_venue": {"id": "https://openalex.org/S9692511", "issn_l": "1664-1078", "issn": ["1664-1078"], "display_name": "Frontiers in Psychology", "publisher": "Frontiers Media", "type": "journal", "url": "https://www.frontiersin.org/articles/10.3389/fpsyg.2015.01963/pdf", "is_oa": true, "version": "publishedVersion", "license": "cc-by"}, "type": "journal-article", "open_access": {"is_oa": true, "oa_status": "gold", "oa_url": "https://www.frontiersin.org/articles/10.3389/fpsyg.2015.01963/pdf"}, "authorships": [{"author_position": "first", "author": {"id": "https://openalex.org/A3187131167", "display_name": "Niki eDe Bondt", "orcid": null}, "institutions": [{"id": "https://openalex.org/I149213910", "display_name": "University of Antwerp", "ror": "https://ror.org/008x57b05", "country_code": "BE", "type": "education"}], "raw_affiliation_string": "Department of Instructional and Educational Sciences, Faculty of Social Sciences, University of Antwerp, Antwerp, Belgium"}, {"author_position": "last", "author": {"id": "https://openalex.org/A3193279882", "display_name": "Peter eVan Petegem", "orcid": null}, "institutions": [{"id": "https://openalex.org/I149213910", "display_name": "University of Antwerp", "ror": "https://ror.org/008x57b05", "country_code": "BE", "type": "education"}], "raw_affiliation_string": "Department of Instructional and Educational Sciences, Faculty of Social Sciences, University of Antwerp, Antwerp, Belgium"}], "cited_by_count": 27, "biblio": {"volume": "6", "issue": null, "first_page": null, "last_page": null}, "is_retracted": false, "is_paratext": false, "concepts": [{"id": "https://openalex.org/C71104824", "wikidata": "https://www.wikidata.org/wiki/Q1476639", "display_name": "Structural equation modeling", "level": 2, "score": "0.8511119"}, {"id": "https://openalex.org/C15744967", "wikidata": "https://www.wikidata.org/wiki/Q9418", "display_name": "Psychology", "level": 0, "score": "0.7558238"}, {"id": "https://openalex.org/C40722632", "wikidata": "https://www.wikidata.org/wiki/Q5160137", "display_name": "Confirmatory factor analysis", "level": 3, "score": "0.6874757"}, {"id": "https://openalex.org/C1589151", "wikidata": "https://www.wikidata.org/wiki/Q6804207", "display_name": "Measurement invariance", "level": 4, "score": "0.6308119"}, {"id": "https://openalex.org/C107673813", "wikidata": "https://www.wikidata.org/wiki/Q812534", "display_name": "Bayesian probability", "level": 2, "score": "0.5630835"}, {"id": "https://openalex.org/C10879293", "wikidata": "https://www.wikidata.org/wiki/Q726474", "display_name": "Factor analysis", "level": 2, "score": "0.45863545"}, {"id": "https://openalex.org/C105795698", "wikidata": "https://www.wikidata.org/wiki/Q12483", "display_name": "Statistics", "level": 1, "score": "0.41795155"}, {"id": "https://openalex.org/C33923547", "wikidata": "https://www.wikidata.org/wiki/Q395", "display_name": "Mathematics", "level": 0, "score": "0.19714105"}], "mesh": [], "locations": [{"is_oa": true, "landing_page_url": "https://doi.org/10.3389/fpsyg.2015.01963", "pdf_url": "https://www.frontiersin.org/articles/10.3389/fpsyg.2015.01963/pdf", "source": {"id": "https://openalex.org/S9692511", "display_name": "Frontiers in Psychology", "issn_l": "1664-1078", "issn": ["1664-1078"], "host_organization": "https://openalex.org/P4310320527", "type": "journal"}, "license": "cc-by", "version": "publishedVersion"}, {"is_oa": true, "landing_page_url": "https://europepmc.org/articles/pmc4689874", "pdf_url": "https://europepmc.org/articles/pmc4689874?pdf=render", "source": {"id": "https://openalex.org/S4306400806", "display_name": "Europe PMC (PubMed Central)", "issn_l": null, "issn": null, "host_organization": null, "type": "repository"}, "license": "cc-by", "version": "publishedVersion"}, {"is_oa": true, "landing_page_url": "https://hdl.handle.net/10067/1310420151162165141", "pdf_url": "https://repository.uantwerpen.be/docman/irua/a064e0/131042.pdf", "source": {"id": "https://openalex.org/S4306401849", "display_name": "Institutional Repository University of Antwerp (University of Antwerp)", "issn_l": null, "issn": null, "host_organization": "https://openalex.org/I149213910", "type": "repository"}, "license": "cc-by", "version": "publishedVersion"}, {"is_oa": true, "landing_page_url": "https://www.ncbi.nlm.nih.gov/pmc/articles/PMC4689874", "pdf_url": null, "source": {"id": "https://openalex.org/S2764455111", "display_name": "PubMed Central", "issn_l": null, "issn": null, "host_organization": "https://openalex.org/I1299303238", "type": "repository"}, "license": null, "version": "publishedVersion"}], "best_oa_location": {"is_oa": true, "landing_page_url": "https://doi.org/10.3389/fpsyg.2015.01963", "pdf_url": "https://www.frontiersin.org/articles/10.3389/fpsyg.2015.01963/pdf", "source": {"id": "https://openalex.org/S9692511", "display_name": "Frontiers in Psychology", "issn_l": "1664-1078", "issn": ["1664-1078"], "host_organization": "https://openalex.org/P4310320527", "type": "journal"}, "license": "cc-by", "version": "publishedVersion"}, "alternate_host_venues": [{"id": "https://openalex.org/S9692511", "display_name": "Frontiers in Psychology", "type": "journal", "url": "https://www.frontiersin.org/articles/10.3389/fpsyg.2015.01963/pdf", "is_oa": true, "version": "publishedVersion", "license": "cc-by"}, {"id": "https://openalex.org/S4306400806", "display_name": "Europe PMC (PubMed Central)", "type": "repository", "url": "https://europepmc.org/articles/pmc4689874?pdf=render", "is_oa": true, "version": "publishedVersion", "license": "cc-by"}, {"id": "https://openalex.org/S4306401849", "display_name": "Institutional Repository University of Antwerp (University of Antwerp)", "type": "repository", "url": "https://repository.uantwerpen.be/docman/irua/a064e0/131042.pdf", "is_oa": true, "version": "publishedVersion", "license": "cc-by"}, {"id": "https://openalex.org/S2764455111", "display_name": "PubMed Central", "type": "repository", "url": "https://www.ncbi.nlm.nih.gov/pmc/articles/PMC4689874", "is_oa": true, "version": "publishedVersion", "license": null}], "referenced_works": ["https://openalex.org/W1842068267", "https://openalex.org/W1983098731", "https://openalex.org/W1996394985", "https://openalex.org/W1999291824", "https://openalex.org/W1999857498", "https://openalex.org/W2002538709", "https://openalex.org/W2008661876", "https://openalex.org/W2011080042", "https://openalex.org/W2018201949", "https://openalex.org/W2020999234", "https://openalex.org/W2036197233", "https://openalex.org/W2040890982", "https://openalex.org/W2045635348", "https://openalex.org/W2057765075", "https://openalex.org/W2064346900", "https://openalex.org/W2069052687", "https://openalex.org/W2070368476", "https://openalex.org/W2072587330", "https://openalex.org/W2074526772", "https://openalex.org/W2083382890", "https://openalex.org/W2097405914", "https://openalex.org/W2106400906", "https://openalex.org/W2113437839", "https://openalex.org/W2122436965", "https://openalex.org/W2125514837", "https://openalex.org/W2130653485", "https://openalex.org/W2130783497", "https://openalex.org/W2144487201", "https://openalex.org/W2144492336", "https://openalex.org/W2147981382", "https://openalex.org/W2148534890", "https://openalex.org/W2154237788", "https://openalex.org/W2154354718", "https://openalex.org/W2154941670", "https://openalex.org/W2157335584", "https://openalex.org/W2163297822", "https://openalex.org/W2165202100", "https://openalex.org/W2316175917", "https://openalex.org/W2567089098", "https://openalex.org/W2973627903", "https://openalex.org/W4211084607"], "related_works": ["https://openalex.org/W1988599776", "https://openalex.org/W2014659263", "https://openalex.org/W2039891327", "https://openalex.org/W2047528399", "https://openalex.org/W2301870933", "https://openalex.org/W2527587447", "https://openalex.org/W2574643688", "https://openalex.org/W2770731422", "https://openalex.org/W3130399617", "https://openalex.org/W3202055829"], "ngrams_url": "https://api.openalex.org/works/W2234353815/ngrams", "abstract_inverted_index": {"The": [0], "Overexcitability": [1], "Questionnaire-Two": [2], "(OEQ-II)": [3], "measures": [4], "the": [5, 15, 58, 107, 111, 121, 134, 138], "degree": [6], "and": [7, 45, 68, 79, 85, 127, 149, 152], "nature": [8], "of": [9, 18, 25, 49, 60, 88, 97, 110, 123, 133, 137], "overexcitability,": [10, 151], "which": [11, 36], "assists": [12], "in": [13, 70, 100], "determining": [14], "developmental": [16], "potential": [17], "an": [19], "individual": [20], "according": [21], "to": [22, 42, 81, 141], "Dabrowski's": [23], "Theory": [24], "Positive": [26], "Disintegration.": [27], "Previous": [28], "validation": [29], "studies": [30], "using": [31], "frequentist": [32], "confirmatory": [33], "factor": [34, 89, 125], "analysis,": [35], "postulates": [37], "exact": [38], "parameter": [39], "constraints,": [40], "led": [41], "model": [43, 50, 83], "rejection": [44], "a": [46, 95], "long": [47], "series": [48], "modifications.": [51], "Bayesian": [52], "structural": [53], "equation": [54], "modeling": [55], "(BSEM)": [56], "allows": [57], "application": [59], "zero-mean,": [61], "small-variance": [62], "priors": [63], "for": [64], "cross-loadings,": [65], "residual": [66], "covariances,": [67], "differences": [69], "measurement": [71, 119], "parameters": [72], "across": [73, 129], "groups,": [74], "better": [75, 82], "reflecting": [76], "substantive": [77], "theory": [78], "leading": [80], "fit": [84], "less": [86], "overestimation": [87], "correlations.": [90], "Our": [91], "BSEM": [92], "analysis": [93], "with": [94, 117], "sample": [96], "516": [98], "students": [99], "higher": [101, 146], "education": [102], "yields": [103], "positive": [104], "results": [105], "regarding": [106], "factorial": [108], "validity": [109], "OEQ-II.": [112, 139], "Likewise,": [113], "applying": [114], "BSEM-based": [115], "alignment": [116], "approximate": [118], "invariance,": [120], "absence": [122], "non-invariant": [124], "loadings": [126], "intercepts": [128], "gender": [130], "is": [131], "supportive": [132], "psychometric": [135], "quality": [136], "Compared": [140], "males,": [142], "females": [143], "scored": [144], "significantly": [145, 153], "on": [147, 155], "emotional": [148], "sensual": [150], "lower": [154], "psychomotor": [156], "overexcitability.": [157]}, "cited_by_api_url": "https://api.openalex.org/works?filter=cites:W2234353815", "counts_by_year": [{"year": 2022, "cited_by_count": 2}, {"year": 2021, "cited_by_count": 7}, {"year": 2020, "cited_by_count": 7}, {"year": 2019, "cited_by_count": 4}, {"year": 2018, "cited_by_count": 5}, {"year": 2017, "cited_by_count": 2}], "updated_date": "2023-02-21T18:29:55.029150", "created_date": "2016-06-24"}, {"id": "https://openalex.org/W2057403693", "doi": "https://doi.org/10.1371/journal.pone.0058369", "title": "Bayesian Inference for Generalized Linear Mixed Model Based on the Multivariate t Distribution in Population Pharmacokinetic Study", "display_name": "Bayesian Inference for Generalized Linear Mixed Model Based on the Multivariate t Distribution in Population Pharmacokinetic Study", "publication_year": 2013, "publication_date": "2013-03-08", "ids": {"openalex": "https://openalex.org/W2057403693", "doi": "https://doi.org/10.1371/journal.pone.0058369", "mag": "2057403693", "pmid": "https://pubmed.ncbi.nlm.nih.gov/23520504", "pmcid": "https://www.ncbi.nlm.nih.gov/pmc/articles/3592804"}, "primary_location": {"is_oa": true, "landing_page_url": "https://doi.org/10.1371/journal.pone.0058369", "pdf_url": "https://journals.plos.org/plosone/article/file?id=10.1371/journal.pone.0058369&type=printable", "source": {"id": "https://openalex.org/S202381698", "display_name": "PLOS ONE", "issn_l": "1932-6203", "issn": ["1932-6203"], "host_organization": "https://openalex.org/P4310315706", "type": "journal"}, "license": "cc-by", "version": "publishedVersion"}, "host_venue": {"id": "https://openalex.org/S202381698", "issn_l": "1932-6203", "issn": ["1932-6203"], "display_name": "PLOS ONE", "publisher": "Public Library of Science", "type": "journal", "url": "https://journals.plos.org/plosone/article/file?id=10.1371/journal.pone.0058369&type=printable", "is_oa": true, "version": "publishedVersion", "license": "cc-by"}, "type": "journal-article", "open_access": {"is_oa": true, "oa_status": "gold", "oa_url": "https://journals.plos.org/plosone/article/file?id=10.1371/journal.pone.0058369&type=printable"}, "authorships": [{"author_position": "first", "author": {"id": "https://openalex.org/A2637629049", "display_name": "Fangrong Yan", "orcid": "https://orcid.org/0000-0003-1654-681X"}, "institutions": [{"id": "https://openalex.org/I76569877", "display_name": "Southeast University", "ror": "https://ror.org/04ct4d772", "country_code": "CN", "type": "education"}, {"id": "https://openalex.org/I161716053", "display_name": "China Pharmaceutical University", "ror": "https://ror.org/01sfm2718", "country_code": "CN", "type": "education"}], "raw_affiliation_string": "Department of Mathematics, Southeast University, Nanjing, China; State Key Laboratory of Natural Medicines, China Pharmaceutical University, Nanjing, China"}, {"author_position": "middle", "author": {"id": "https://openalex.org/A2165919176", "display_name": "Yuan Huang", "orcid": "https://orcid.org/0000-0001-7683-9193"}, "institutions": [{"id": "https://openalex.org/I161716053", "display_name": "China Pharmaceutical University", "ror": "https://ror.org/01sfm2718", "country_code": "CN", "type": "education"}], "raw_affiliation_string": "State Key Laboratory of Natural Medicines, China Pharmaceutical University, Nanjing, China"}, {"author_position": "middle", "author": {"id": "https://openalex.org/A2123209836", "display_name": "Junlin Liu", "orcid": null}, "institutions": [{"id": "https://openalex.org/I161716053", "display_name": "China Pharmaceutical University", "ror": "https://ror.org/01sfm2718", "country_code": "CN", "type": "education"}], "raw_affiliation_string": "State Key Laboratory of Natural Medicines, China Pharmaceutical University, Nanjing, China"}, {"author_position": "middle", "author": {"id": "https://openalex.org/A2237062588", "display_name": "Tao Lu", "orcid": null}, "institutions": [{"id": "https://openalex.org/I161716053", "display_name": "China Pharmaceutical University", "ror": "https://ror.org/01sfm2718", "country_code": "CN", "type": "education"}], "raw_affiliation_string": "State Key Laboratory of Natural Medicines, China Pharmaceutical University, Nanjing, China"}, {"author_position": "last", "author": {"id": "https://openalex.org/A2167232386", "display_name": "Jin-Hong Lin", "orcid": "https://orcid.org/0000-0002-7000-9540"}, "institutions": [{"id": "https://openalex.org/I76569877", "display_name": "Southeast University", "ror": "https://ror.org/04ct4d772", "country_code": "CN", "type": "education"}], "raw_affiliation_string": "Department of Mathematics, Southeast University, Nanjing , China"}], "cited_by_count": 1, "biblio": {"volume": "8", "issue": "3", "first_page": "e58369", "last_page": "e58369"}, "is_retracted": false, "is_paratext": false, "concepts": [{"id": "https://openalex.org/C161584116", "wikidata": "https://www.wikidata.org/wiki/Q1952580", "display_name": "Multivariate statistics", "level": 2, "score": "0.61896217"}, {"id": "https://openalex.org/C160234255", "wikidata": "https://www.wikidata.org/wiki/Q812535", "display_name": "Bayesian inference", "level": 3, "score": "0.5654902"}, {"id": "https://openalex.org/C79337645", "wikidata": "https://www.wikidata.org/wiki/Q779824", "display_name": "Outlier", "level": 2, "score": "0.549477"}, {"id": "https://openalex.org/C107673813", "wikidata": "https://www.wikidata.org/wiki/Q812534", "display_name": "Bayesian probability", "level": 2, "score": "0.4980967"}, {"id": "https://openalex.org/C41008148", "wikidata": "https://www.wikidata.org/wiki/Q21198", "display_name": "Computer science", "level": 0, "score": "0.49040747"}, {"id": "https://openalex.org/C2908647359", "wikidata": "https://www.wikidata.org/wiki/Q2625603", "display_name": "Population", "level": 2, "score": "0.48040226"}, {"id": "https://openalex.org/C2776214188", "wikidata": "https://www.wikidata.org/wiki/Q408386", "display_name": "Inference", "level": 2, "score": "0.47439125"}, {"id": "https://openalex.org/C105795698", "wikidata": "https://www.wikidata.org/wiki/Q12483", "display_name": "Statistics", "level": 1, "score": "0.47024313"}, {"id": "https://openalex.org/C64946054", "wikidata": "https://www.wikidata.org/wiki/Q4874476", "display_name": "Bayesian multivariate linear regression", "level": 3, "score": "0.4649139"}, {"id": "https://openalex.org/C41587187", "wikidata": "https://www.wikidata.org/wiki/Q1501882", "display_name": "Generalized linear model", "level": 2, "score": "0.4386854"}, {"id": "https://openalex.org/C153720581", "wikidata": "https://www.wikidata.org/wiki/Q5532490", "display_name": "Generalized linear mixed model", "level": 2, "score": "0.42837048"}, {"id": "https://openalex.org/C57830394", "wikidata": "https://www.wikidata.org/wiki/Q278079", "display_name": "Posterior probability", "level": 3, "score": "0.4129555"}, {"id": "https://openalex.org/C33923547", "wikidata": "https://www.wikidata.org/wiki/Q395", "display_name": "Mathematics", "level": 0, "score": "0.38442954"}, {"id": "https://openalex.org/C154945302", "wikidata": "https://www.wikidata.org/wiki/Q11660", "display_name": "Artificial intelligence", "level": 1, "score": "0.26773375"}, {"id": "https://openalex.org/C48921125", "wikidata": "https://www.wikidata.org/wiki/Q10861030", "display_name": "Linear regression", "level": 2, "score": "0.19649339"}, {"id": "https://openalex.org/C71924100", "wikidata": "https://www.wikidata.org/wiki/Q11190", "display_name": "Medicine", "level": 0, "score": "0.11939439"}, {"id": "https://openalex.org/C99454951", "wikidata": "https://www.wikidata.org/wiki/Q932068", "display_name": "Environmental health", "level": 1, "score": "0.0"}], "mesh": [{"descriptor_ui": "D008954", "descriptor_name": "Models, Biological", "qualifier_ui": "", "qualifier_name": null, "is_major_topic": true}, {"descriptor_ui": "D010599", "descriptor_name": "Pharmacokinetics", "qualifier_ui": "", "qualifier_name": null, "is_major_topic": true}, {"descriptor_ui": "D001499", "descriptor_name": "Bayes Theorem", "qualifier_ui": "", "qualifier_name": null, "is_major_topic": false}, {"descriptor_ui": "D005260", "descriptor_name": "Female", "qualifier_ui": "", "qualifier_name": null, "is_major_topic": false}, {"descriptor_ui": "D006801", "descriptor_name": "Humans", "qualifier_ui": "", "qualifier_name": null, "is_major_topic": false}, {"descriptor_ui": "D008297", "descriptor_name": "Male", "qualifier_ui": "", "qualifier_name": null, "is_major_topic": false}], "locations": [{"is_oa": true, "landing_page_url": "https://doi.org/10.1371/journal.pone.0058369", "pdf_url": "https://journals.plos.org/plosone/article/file?id=10.1371/journal.pone.0058369&type=printable", "source": {"id": "https://openalex.org/S202381698", "display_name": "PLOS ONE", "issn_l": "1932-6203", "issn": ["1932-6203"], "host_organization": "https://openalex.org/P4310315706", "type": "journal"}, "license": "cc-by", "version": "publishedVersion"}, {"is_oa": true, "landing_page_url": "https://europepmc.org/articles/pmc3592804", "pdf_url": "https://europepmc.org/articles/pmc3592804?pdf=render", "source": {"id": "https://openalex.org/S4306400806", "display_name": "Europe PMC (PubMed Central)", "issn_l": null, "issn": null, "host_organization": null, "type": "repository"}, "license": "cc-by", "version": "publishedVersion"}, {"is_oa": true, "landing_page_url": "https://www.ncbi.nlm.nih.gov/pmc/articles/PMC3592804", "pdf_url": null, "source": {"id": "https://openalex.org/S2764455111", "display_name": "PubMed Central", "issn_l": null, "issn": null, "host_organization": "https://openalex.org/I1299303238", "type": "repository"}, "license": null, "version": "publishedVersion"}], "best_oa_location": {"is_oa": true, "landing_page_url": "https://doi.org/10.1371/journal.pone.0058369", "pdf_url": "https://journals.plos.org/plosone/article/file?id=10.1371/journal.pone.0058369&type=printable", "source": {"id": "https://openalex.org/S202381698", "display_name": "PLOS ONE", "issn_l": "1932-6203", "issn": ["1932-6203"], "host_organization": "https://openalex.org/P4310315706", "type": "journal"}, "license": "cc-by", "version": "publishedVersion"}, "alternate_host_venues": [{"id": "https://openalex.org/S202381698", "display_name": "PLOS ONE", "type": "journal", "url": "https://journals.plos.org/plosone/article/file?id=10.1371/journal.pone.0058369&type=printable", "is_oa": true, "version": "publishedVersion", "license": "cc-by"}, {"id": "https://openalex.org/S4306400806", "display_name": "Europe PMC (PubMed Central)", "type": "repository", "url": "https://europepmc.org/articles/pmc3592804?pdf=render", "is_oa": true, "version": "publishedVersion", "license": "cc-by"}, {"id": "https://openalex.org/S2764455111", "display_name": "PubMed Central", "type": "repository", "url": "https://www.ncbi.nlm.nih.gov/pmc/articles/PMC3592804", "is_oa": true, "version": "publishedVersion", "license": null}], "referenced_works": ["https://openalex.org/W1987411318", "https://openalex.org/W1988356154", "https://openalex.org/W1997792006", "https://openalex.org/W2004096309", "https://openalex.org/W2033174366", "https://openalex.org/W2057108698", "https://openalex.org/W2057481945", "https://openalex.org/W2058713030", "https://openalex.org/W2082246284", "https://openalex.org/W2092154724", "https://openalex.org/W2092226493", "https://openalex.org/W2097909115", "https://openalex.org/W2108668442", "https://openalex.org/W2111143989", "https://openalex.org/W2121662981", "https://openalex.org/W2137311812", "https://openalex.org/W2157298598", "https://openalex.org/W2163200222", "https://openalex.org/W2165330647", "https://openalex.org/W2480595562", "https://openalex.org/W4256431090"], "related_works": ["https://openalex.org/W1589074490", "https://openalex.org/W1903314540", "https://openalex.org/W1972161027", "https://openalex.org/W2022045683", "https://openalex.org/W2057403693", "https://openalex.org/W2099667085", "https://openalex.org/W2144847605", "https://openalex.org/W3166331719", "https://openalex.org/W3168765527", "https://openalex.org/W4226369225"], "ngrams_url": "https://api.openalex.org/works/W2057403693/ngrams", "abstract_inverted_index": {"This": [0], "article": [1], "provides": [2], "a": [3, 16, 32, 45, 52, 108], "fully": [4], "bayesian": [5], "approach": [6], "for": [7], "modeling": [8], "of": [9, 25, 30, 57, 67, 97, 111], "single-dose": [10], "and": [11, 27, 63, 80, 95, 107], "complete": [12], "pharmacokinetic": [13, 18, 75], "data": [14, 106], "in": [15], "population": [17, 74], "(PK)": [19], "model.": [20], "To": [21], "overcome": [22], "the": [23, 28, 39, 42, 65, 68, 81, 89, 98, 104], "impact": [24], "outliers": [26], "difficulty": [29], "computation,": [31], "generalized": [33], "linear": [34], "model": [35, 100], "is": [36, 51, 60], "chosen": [37], "with": [38], "hypothesis": [40], "that": [41], "errors": [43], "follow": [44], "multivariate": [46, 69], "Student": [47], "t": [48, 70], "distribution": [49, 71], "which": [50], "heavy-tailed": [53], "distribution.": [54], "The": [55, 93], "aim": [56], "this": [58], "study": [59], "to": [61, 72, 87], "investigate": [62], "implement": [64], "performance": [66], "analyze": [73], "data.": [76, 113], "Bayesian": [77], "predictive": [78], "inferences": [79], "Metropolis-Hastings": [82], "algorithm": [83], "schemes": [84], "are": [85, 101], "used": [86], "process": [88], "intractable": [90], "posterior": [91], "integration.": [92], "precision": [94], "accuracy": [96], "proposed": [99], "illustrated": [102], "by": [103], "simulating": [105], "real": [109], "example": [110], "theophylline": [112]}, "cited_by_api_url": "https://api.openalex.org/works?filter=cites:W2057403693", "counts_by_year": [{"year": 2022, "cited_by_count": 1}], "updated_date": "2023-02-26T04:55:09.761391", "created_date": "2016-06-24"}]