id,id_type,label_included
10/f42m63,doi,1
10/fwp4k3,doi,1
10/f7zbcc,doi,1
10/f4257p,doi,1
10/gbfpb7,doi,1
10/c9wbmq,doi,1
10/gg5ffr,doi,1
10/fz3rn7,doi,1
10/gg5fhc,doi,1
10/gg5fhg,doi,1
10/bnhcn6,doi,1
10/f7x96w,doi,1
10/bs6wd4,doi,1
10/f427mn,doi,1
10/gdm4g7,doi,1
10/gf794c,doi,1
10/dx6vx2,doi,1
10/gg5fhh,doi,1
10/gf3zp8,doi,1
10.1080/10705511.2012.659614,doi,1
10.1007/s00180-007-0100-x,doi,1
10.1080/00273171.2016.1167008,doi,1
10.1080/10705511.2014.882688,doi,1
10.3758/s13428-017-0870-1,doi,1
10.1037/a0036635,doi,1
10.1080/00273171.2016.1208074,doi,1
10/fj5g9s,doi,0
10/c73r8n,doi,0
10/bf79cx,doi,0
10/f5z2mw,doi,0
10/b4xf85,doi,0
10/c3c8r2,doi,0
10/ft6rk3,doi,0
10/gg5ffs,doi,0
10/f4qn53,doi,0
10/dh72nc,doi,0
10/f3226h,doi,0
10/dwckc7,doi,0
10/d87phs,doi,0
10/f7b2bw,doi,0
10/f4t828,doi,0
10/d57mvx,doi,0
10/d6rkcs,doi,0
10/c6kc8h,doi,0
10/gg5fft,doi,0
10/dm5hhw,doi,0
10/cc2m82,doi,0
10/bnxc6m,doi,0
10/fcq3sh,doi,0
10/f6rcpq,doi,0
10/gdf369,doi,0
10/c79qq2,doi,0
10/f6wszs,doi,0
10/gckfjf,doi,0
10/fpgsfj,doi,0
10/gg5fhf,doi,0
10.1177/0146621608320760,doi,0
10.1198/016214502753479419,doi,0
10.1111/j.1468-0262.2006.00655.x,doi,0
10.3982/ECTA6474,doi,0
10.1287/mnsc.1100.1161,doi,0
10.1348/014466603322595248,doi,0
10.1111/pere.12065,doi,0
10.1007/978-3-642-29047-3_7,doi,0
10.1007/BF02293108,doi,0
10.1145/358315.358390,doi,0
10.1016/0749-5978(91)90020-T,doi,0
10.1109/TAC.1974.1100705,doi,0
10.1152/jn.00206.2011,doi,0
10.1176/appi.ajp.2007.07040704,doi,0
10.1207/S15328007SEM0801_3,doi,0
10.1111/j.1470-6431.2011.01067.x,doi,0
10.17485/ijst/2015/v8i15/70774,doi,0
10.1007/BF02294170,doi,0
10.5665/sleep.2004,doi,0
10.1509/jmkr.39.4.479.19124,doi,0
10.1509/jmkr.40.2.235.19225,doi,0
10.1016/j.drugalcdep.2014.12.029,doi,0
10.1016/0022-2496(80)90001-2,doi,0
10.1006/jmps.1993.1033,doi,0
10.3758/s13428-011-0138-0,doi,0
10.1037/0033-295X.112.4.744,doi,0
10.1016/j.jmp.2007.11.001,doi,0
10.1002/sim.2328,doi,0
10.1016/j.ecolmodel.2006.07.005,doi,0
10.1016/j.jmp.2010.08.009,doi,0
10.1093/biomet/76.1.1,doi,0
10.1007/s00417-006-0474-4,doi,0
10.1007/s11266-012-9347-0,doi,0
10.1007/978-3-319-01264-3_9,doi,0
10.1037/0022-006X.73.5.924,doi,0
10.1080/10503300701796992,doi,0
10.1037/a0023464,doi,0
10.1080/16506073.2010.520731,doi,0
10.1037/a0035628,doi,0
10.1037/0096-1523.10.3.340,doi,0
10.1080/10705511.2014.859510,doi,0
10.1198/016214503000071,doi,0
10.1037/0022-3514.51.6.1173,doi,0
10.1027/1614-2241.3.1.14,doi,0
10.1348/000711007X230937,doi,0
10.1027/1614-2241.5.1.7,doi,0
10.1177/0146621610370152,doi,0
10.1002/9781119970583,doi,0
10.1007/BF02294195,doi,0
10.1007/978-1-4419-0056-2-5,doi,0
10.1007/978-3-642-12079-4_15,doi,0
10.1016/j.jmp.2012.06.002,doi,0
10.1037/1082-989X.8.3.338,doi,0
10.1207/s15328007sem1204_1,doi,0
10.1037/1082-989X.11.2.142,doi,0
10.1080/00273170802034810,doi,0
10.1080/10705511.2012.659612,doi,0
10.3758/s13428-012-0207-z,doi,0
10.1214/088342304000000116,doi,0
10.1126/science.1158023,doi,0
10.1167/11.10.1,doi,0
10.1016/j.neuropsychologia.2010.12.023,doi,0
10.1038/srep19203,doi,0
10.1214/06-BA128,doi,0
10.1080/00220973.2013.813360,doi,0
10.1207/s15328007sem1302_2,doi,0
10.1111/jasp.12298,doi,0
10.1523/JNEUROSCI.0076-11.2011,doi,0
10.1016/S0047-2727(01)00167-0,doi,0
10.1016/B978-044452044-9/50004-5,doi,0
10.1080/01621459.1993.10476426,doi,0
10.1214/06-BA115,doi,0
10.1214/07-AOS501,doi,0
10.1037/h0023577,doi,0
10.1002/(SICI)1097-0258(19981130)17:22<2537::AID-SIM953>3.0.CO;2-C,doi,0
10.1167/8.2.10,doi,0
10.1348/026151008X329517,doi,0
10.1080/00273171.2010.498292,doi,0
10.1037/a0028087,doi,0
10.1037/1082-989X.9.3.334,doi,0
10.3389/fpsyg.2015.00531,doi,0
10.1093/bioinformatics/btt633,doi,0
10.1007/BF02293801,doi,0
10.1037/0022-3514.77.6.1200,doi,0
10.1080/10705519809540105,doi,0
10.1177/0049124103260222,doi,0
10.1002/0471746096,doi,0
10.1177/0049124107301947,doi,0
10.1177/0146621608329891,doi,0
10.1007/s11336-012-9257-5,doi,0
10.1111/j.1475-6811.2010.01274.x,doi,0
10.1002/sim.1113,doi,0
10.1037/h0045764,doi,0
10.1167/11.5.1,doi,0
10.1177/0956797610397956,doi,0
10.1167/15.15.6,doi,0
10.1037/xlm0000075,doi,0
10.1080/10705511.2014.882660,doi,0
10.1080/00273171.2015.1022639,doi,0
10.1016/j.jbusvent.2011.01.001,doi,0
10.1093/biomet/71.3.545,doi,0
10.1016/j.jpain.2006.11.006,doi,0
10.1016/j.pbb.2013.04.012,doi,0
10.1007/BF01404679,doi,0
10.1177/0193945914548229,doi,0
10.1037/0033-2909.93.3.549,doi,0
10.1002/0470857005.ch1,doi,0
10.15446/rce.v37n2spe.47940,doi,0
10.1007/s11031-015-9494-x,doi,0
10.1167/10.2.11,doi,0
10.1177/1094428114555993,doi,0
10.1080/01650250444000414,doi,0
10.1038/377059a0,doi,0
10.1177/0146621611427898,doi,0
10.1177/0013164410387594,doi,0
10.1080/00031305.1992.10475878,doi,0
10.1093/scan/nsq099,doi,0
10.1214/06-BA122,doi,0
10.1016/S0304-3959(01)00354-2,doi,0
10.1016/j.pain.2003.12.023,doi,0
10.1016/j.pain.2004.06.001,doi,0
10.1016/j.indmarman.2015.04.014,doi,0
10.1007/s00221-012-3354-7,doi,0
10.1177/0146621604271495,doi,0
10.1348/000711007X227067,doi,0
10.1016/j.brainres.2010.07.064,doi,0
10.1348/000711009X430906,doi,0
10.1177/0146621610367788,doi,0
10.3758/s13414-010-0083-5,doi,0
10.1109/WHC.2013.6548417,doi,0
10.1007/s00221-014-3877-1,doi,0
10.1177/0146621613513494,doi,0
10.1103/PhysRevLett.115.211103,doi,0
10.1007/978-3-319-19977-1_17,doi,0
10.1007/978-3-319-19977-1_17,doi,0
10.1177/0146621615605307,doi,0
10.1177/0146621606292933,doi,0
10.1177/0013164410366693,doi,0
10.1111/jopy.12136,doi,0
10.1037/1040-3590.19.1.88,doi,0
10.1037/1082-989X.10.1.40,doi,0
10.1177/1094428107300343,doi,0
10.1080/10705511.2013.797827,doi,0
10.3758/s13428-013-0361-y,doi,0
10.1177/0146167215610520,doi,0
10.1080/00031305.1995.10476177,doi,0
10.1111/bmsp.12051,doi,0
10.1177/0146621615591094,doi,0
10.1016/S0167-9473(03)00149-X,doi,0
10.1007/BF02291477,doi,0
10.1016/j.brat.2013.10.009,doi,0
10.1093/chemse/bjj001,doi,0
10.1111/j.1745-3984.2005.00007,doi,0
10.5465/amj.2006.0241,doi,0
10.1002/9780470035948,doi,0
10.1016/j.jsp.2010.06.003,doi,0
10.1037/h0040633,doi,0
10.1109/TDEI.2009.4784578,doi,0
10.1017/S0140525X01003922,doi,0
10.1007/s11336-010-9172-6,doi,0
10.4324/9780203813409,doi,0
10.1177/0146167206287721,doi,0
10.1080/10503309112331335511,doi,0
10.1007/BF02310555,doi,0
10.1207/s15327906mbr1802_2,doi,0
10.1037//1082-989X.7.1.41,doi,0
10.3102/1076998607313593,doi,0
10.1177/0146621612446806,doi,0
10.1037/0003-066X.60.2.170,doi,0
10.1121/1.3598448,doi,0
10.1016/j.cose.2014.11.002,doi,0
10.4324/9780203879313,doi,0
10.1007/BF02291262,doi,0
10.1016/j.jbtep.2011.12.002,doi,0
10.1198/1085711032697,doi,0
10.1177/0013164411408412,doi,0
10.1080/01621459.1982.10477856,doi,0
10.1177/01466219922031130,doi,0
10.1080/1359432X.2015.1063486,doi,0
10.1080/1359432X.2014.983085,doi,0
10.1007/s11336-014-9417-x,doi,0
10.1177/0146621605282772,doi,0
10.1080/10629360600903866,doi,0
10.1111/j.1745-3984.2010.00109.x,doi,0
10.1186/1742-2094-11-92,doi,0
10.1037/a0031609,doi,0
10.1037/a0035147,doi,0
10.1037/a0029801,doi,0
10.1177/0022022111430254,doi,0
10.1037/apl0000026,doi,0
10.1027/1614-2241.3.3.100,doi,0
10.1207/S15328007SEM0903_2,doi,0
10.3758/s13428-012-0244-7,doi,0
10.1371/journal.pone.0091710,doi,0
10.1002/sim.3380,doi,0
10.1016/j.ijresmar.2009.09.004,doi,0
10.1080/0013791X.2013.859336,doi,0
10.1177/01466210122032046,doi,0
10.1007/978-0-387-73186-5_2,doi,0
10.1037/0022-3514.92.6.990,doi,0
10.1016/0022-2496(92)90038-9,doi,0
10.1016/j.jmp.2003.12.003,doi,0
10.1002/job.529,doi,0
10.1080/01621459.1994.10476768,doi,0
10.1080/10543406.2011.607736,doi,0
10.1037/a0012320,doi,0
10.1016/j.tranpol.2015.07.001,doi,0
10.1097/JOM.0b013e3180329a8d,doi,0
10.1093/biostatistics/kxh022,doi,0
10.1523/JNEUROSCI.4097-14.2015,doi,0
10.1037/1082-989X.12.2.121,doi,0
10.1080/10705510701758281,doi,0
10.1037/a0014877,doi,0
10.1146/annurev-statistics-022513-115701,doi,0
10.4135/9781446247600.n4,doi,0
10.1177/0022022113492892,doi,0
10.1080/10705511.2014.935266,doi,0
10.1207/s15328007sem1203_1,doi,0
10.3102/1076998611422912,doi,0
10.3758/PBR.15.6.1209,doi,0
10.1177/0146621613497532,doi,0
10.1214/08-STS257,doi,0
10.1007/BF02293811,doi,0
10.1037/1082-989X.9.4.466,doi,0
10.1111/j.1467-8624.2007.01091.x,doi,0
10.1167/11.12.1,doi,0
10.4324/9780203882924,doi,0
10.1177/0013164414527448,doi,0
10.1080/00273171.2012.640596,doi,0
10.1007/s11222-007-9030-2,doi,0
10.1167/11.6.1,doi,0
10.1167/14.7.9,doi,0
10.1016/j.conb.2010.03.005,doi,0
10.1186/s40337-014-0028-9,doi,0
10.1016/j.adolescence.2015.08.009,doi,0
10.1037/1082-989X.10.2.227,doi,0
10.1002/(SICI)1097-0258(19960615)15:11<1069::AID-SIM220>3.0.CO;2-Q,doi,0
10.1080/01621459.1973.10481353,doi,0
10.1145/2422105.2422109,doi,0
10.1016/j.cognition.2015.10.005,doi,0
10.1080/14783360903492694,doi,0
10.1016/S0042-6989(97)00340-4,doi,0
10.1163/156856809788746309,doi,0
10.1068/i0411,doi,0
10.1027/1614-2241/a000083,doi,0
10.1016/j.visres.2009.09.021,doi,0
10.1046/j.1529-8027.2001.006001111.x,doi,0
10.1080/01621459.1992.10475235,doi,0
10.1214/08-BA318REJ,doi,0
10.1080/19345747.2011.618213,doi,0
10.1109/TPAMI.1984.4767596,doi,0
10.1037/a0017808,doi,0
10.1037/0012-1649.44.4.1148,doi,0
10.1016/S0167-9473(02)00234-7,doi,0
10.1016/j.brat.2015.11.008,doi,0
10.1007/BF00844756,doi,0
10.1007/BF02294400,doi,0
10.1177/1471082X0800900301,doi,0
10.1016/j.cognition.2009.03.008,doi,0
10.1037/a0013269,doi,0
10.2466/PR0.106.2.519-533,doi,0
10.1080/00273170902949719,doi,0
10.1016/j.jneumeth.2010.08.025,doi,0
10.1016/j.bbi.2010.11.018,doi,0
10.1111/j.1471-4159.2012.07833.x,doi,0
10.1016/j.jpain.2013.10.001,doi,0
10.1016/j.neuroscience.2014.09.020,doi,0
10.1007/s11121-007-0070-9,doi,0
10.1121/1.399058,doi,0
10.1121/1.406696,doi,0
10.1093/biomet/82.4.711,doi,0
10.1080/10508422.2014.951720,doi,0
10.1093/ije/dyi312,doi,0
10.1287/mksc.1040.0070,doi,0
10.1093/oxfordhb/9780199233281.013.0020,doi,0
10.1080/87565640801982486,doi,0
10.1111/j.1467-8624.2011.01630.x,doi,0
10.1001/archgenpsychiatry.2011.132,doi,0
10.1097/01.aud.0000440715.85844.b8,doi,0
10.1016/j.ejphar.2008.07.053,doi,0
10.1097/FBP.0b013e32834eafbc,doi,0
10.1007/BF02288892,doi,0
10.3102/1076998606298041,doi,0
10.1177/0272431614537117,doi,0
10.1016/j.jpain.2010.01.271,doi,0
10.1146/annurev.soc.30.012703.110629,doi,0
10.1214/009053605000000039,doi,0
10.4324/9780203864746,doi,0
10.1007/s11336-009-9113-4,doi,0
10.1177/1754073915590619,doi,0
10.1002/9780470712993.ch4,doi,0
10.1198/016214504000000647,doi,0
10.1198/106186006X137047,doi,0
10.1002/acp.3143,doi,0
10.1207/s15327906mbr4104_7,doi,0
10.3102/1076998609332750,doi,0
10.1037/a0027539,doi,0
10.1177/0013164414565007,doi,0
10.3758/BF03201438,doi,0
10.1037/0096-3445.108.3.356,doi,0
10.1093/biomet/57.1.97,doi,0
10.1016/S0169-7161(07)27013-0,doi,0
10.1016/B978-0-444-53737-9.50010-4,doi,0
10.1177/0956797613480187,doi,0
10.1111/bmsp.12028,doi,0
10.1080/00273171.2014.962683,doi,0
10.1177/0013164413517503,doi,0
10.3758/BF03200523,doi,0
10.1111/j.0081-1750.2006.00163.x,doi,0
10.1002/0470036486,doi,0
10.1111/j.1541-0420.2007.00924.x,doi,0
10.1007/s10162-006-0042-y,doi,0
10.1002/9780470575789,doi,0
10.1111/j.1756-8765.2008.01010.x,doi,0
10.3758/PBR.16.1.80,doi,0
10.3389/fnint.2012.00063,doi,0
10.1080/10705510903439003,doi,0
10.1037/1082-989X.11.1.36,doi,0
10.1023/A:1020371312283,doi,0
10.1037/0278-7393.10.4.598,doi,0
10.1198/016214504000001015,doi,0
10.3389/fpsyg.2015.01680,doi,0
10.1037/h0021740,doi,0
10.1016/j.pain.2004.02.018,doi,0
10.1080/01621459.1986.10478354,doi,0
10.1037/0021-9010.91.1.1,doi,0
10.1016/j.addbeh.2012.03.031,doi,0
10.1080/01621459.1952.10483446,doi,0
10.1207/S15328007SEM0802_1,doi,0
10.1111/j.1467-9574.2009.00445.x,doi,0
10.1080/00273171.2010.483387,doi,0
10.3758/APP.71.7.1664,doi,0
10.1111/bmsp.12040,doi,0
10.1080/00273171.2014.977429,doi,0
10.1177/0011392115589599,doi,0
10.1167/10.2.24,doi,0
10.1080/00273171.2012.673924,doi,0
10.1177/0146621612459552,doi,0
10.1177/1368430215603457,doi,0
10.1111/j.1745-3984.2005.00012.x,doi,0
10.1026/0049-8637/a000051,doi,0
10.1016/j.lindif.2011.09.006,doi,0
10.1177/1948550611407689,doi,0
10.1037/a0034860,doi,0
10.1016/j.bbi.2008.05.004,doi,0
10.1016/j.neuroscience.2009.09.046,doi,0
10.1016/j.neuroscience.2010.02.011,doi,0
10.1124/jpet.114.222315,doi,0
10.4992/jjpsy.85.13077,doi,0
10.1080/10503300802326038,doi,0
10.1002/9780470686621,doi,0
10.1016/0749-596X(91)90025-F,doi,0
10.1016/j.intmar.2010.04.003,doi,0
10.1167/6.11.13,doi,0
10.1037/0021-9010.69.2.307,doi,0
10.1177/1094428105285144,doi,0
10.1016/j.foodqual.2015.05.005,doi,0
10.1080/01621459.1986.10478292,doi,0
10.1080/00031305.1987.10475509,doi,0
10.1016/j.cognition.2011.11.014,doi,0
10.1037/a0035420,doi,0
10.1016/j.jmp.2009.06.006,doi,0
10.1523/JNEUROSCI.1850-04.2004,doi,0
10.1016/j.bbr.2011.08.048,doi,0
10.1016/0893-6080(95)00014-3,doi,0
10.1007/BF00152012,doi,0
10.1007/BF02296131,doi,0
10.1207/S15328007SEM0803_1,doi,0
10.1109/TNSRE.2003.816874,doi,0
10.3758/BF03214307,doi,0
10.1016/S0042-6989(02)00118-9,doi,0
10.1007/s00221-004-1991-1,doi,0
10.1016/j.displa.2015.02.002,doi,0
10.1007/s00221-015-4501-8,doi,0
10.1080/01621459.1995.10476572,doi,0
10.1080/10705511.2014.936096,doi,0
10.1027/1614-2241.4.2.51,doi,0
10.1080/10705511.2011.582408,doi,0
10.3389/fpsyg.2014.00748,doi,0
10.1080/10705511.2014.915379,doi,0
10.1037/a0039251,doi,0
10.1016/S0165-0270(00)00173-4,doi,0
10.1186/s12955-015-0395-1,doi,0
10.1016/S0065-2601(08)60144-6,doi,0
10.1037/0033-2909.96.1.201,doi,0
10.1037//0022-3514.83.1.126,doi,0
10.2307/2533558,doi,0
10.1016/j.csda.2008.12.013,doi,0
10.1016/j.schres.2006.01.022,doi,0
10.1177/0146621612446170,doi,0
10.1207/s15328007sem1203_2,doi,0
10.3102/1076998607302632,doi,0
10.1111/j.1745-3992.2007.00107.x,doi,0
10.1080/16184742.2013.837942,doi,0
10.1093/arclin/acv033,doi,0
10.1348/000711008X374126,doi,0
10.1037/1082-989X.10.4.477,doi,0
10.1111/j.1467-9574.2005.00279.x,doi,0
10.1177/0013164413496812,doi,0
10.1037/met0000034,doi,0
10.1037/a0036635,doi,0
10.1016/j.socnet.2014.02.002,doi,0
10.1080/02699931.2012.667392,doi,0
10.1037/a0024756,doi,0
10.1007/978-3-642-15387-7_32,doi,0
10.1037/a0014990,doi,0
10.1037/0278-6133.27.2(Suppl.).S101,doi,0
10.1207/s15327906mbr3001_1,doi,0
10.1016/S0885-2006(03)00027-9,doi,0
10.1016/j.paid.2015.08.009,doi,0
10.1017/CBO9781107323667.008,doi,0
10.1177/1745691611406925,doi,0
10.1177/1094428112457829,doi,0
10.1007/BF02288391,doi,0
10.1177/0956797610372634,doi,0
10.1037/a0025046,doi,0
10.1037/0033-295X.111.1.94,doi,0
10.1037/0022-3514.94.6.1062,doi,0
10.1177/1094428110391814,doi,0
10.1037/a0037011,doi,0
10.1016/j.humov.2007.07.005,doi,0
10.1037/0893-3200.19.2.314,doi,0
10.2200/S00371ED1V01Y201107AIM013,doi,0
10.1111/1467-985X.0asp2,doi,0
10.1111/j.1460-9568.2005.04379.x,doi,0
10.1016/j.pain.2005.02.009,doi,0
10.1017/S1740925X0700035X,doi,0
10.1016/j.jpain.2006.04.001,doi,0
10.1016/j.bbi.2006.10.012,doi,0
10.1007/BF02293896,doi,0
10.1016/0167-7152(90)90100-L,doi,0
10.1207/S15328007SEM0703_3,doi,0
10.1111/j.0006-341X.2004.00211.x,doi,0
10.1207/s15328007sem1203_5,doi,0
10.1037/0033-295X.112.3.662,doi,0
10.1207/s15516709cog0000_69,doi,0
10.1177/0146621606290248,doi,0
10.3758/PBR.15.1.1,doi,0
10.1177/0013164408322026,doi,0
10.1348/000711008X292343,doi,0
10.1371/journal.pone.0096431,doi,0
10.1080/10705511.2015.1014041,doi,0
10.1111/j.1745-3984.2006.00015.x,doi,0
10.1007/s11135-007-9133-z,doi,0
10.3758/s13428-013-0351-0,doi,0
10.1109/ICSSBE.2012.6396604,doi,0
10.1002/sim.991,doi,0
10.1155/2009/537139,doi,0
10.1080/10705511.2011.607723,doi,0
10.1080/13506285.2013.844963,doi,0
10.4135/9781483349428,doi,0
10.1037/0021-843X.89.2.203,doi,0
10.1207/S15328007SEM0802_2,doi,0
10.1111/j.1745-3984.2005.00013.x,doi,0
10.1002/sim.4475,doi,0
10.1177/0013164409332222,doi,0
10.3758/BF03202110,doi,0
10.1177/0146621606291571,doi,0
10.1198/016214507000000428,doi,0
10.1177/0013164410387336,doi,0
10.1016/0022-2496(75)90053-X,doi,0
10.1111/j.2041-210X.2011.00131.x,doi,0
10.1111/joop.12104,doi,0
10.1207/s15328007sem1304_1,doi,0
10.1016/j.jmp.2008.03.002,doi,0
10.1007/s11121-009-0125-1,doi,0
10.1109/ICEMT.2010.5657604,doi,0
10.1007/BF02289028,doi,0
10.1080/00273171.2014.931798,doi,0
10.1007/s11135-014-0058-z,doi,0
10.1007/978-3-319-07503-7_21,doi,0
10.1037/1082-989X.10.1.21,doi,0
10.1207/s15327906mbr4104_4,doi,0
10.1207/s15328007sem1401_2,doi,0
10.1080/00273170802490673,doi,0
10.1038/36846,doi,0
10.1002/sim.1903,doi,0
10.1002/sim.3680,doi,0
10.1198/tast.2009.08140,doi,0
10.1038/nn.3655,doi,0
10.1027/1614-2241.1.3.86,doi,0
10.1080/07474938.2012.690650,doi,0
10.1037/1082-989X.4.1.84,doi,0
10.1111/obr.12373,doi,0
10.1207/s15327906mbr3001_3,doi,0
10.1037//1082-989X.7.1.83,doi,0
10.1177/1740774507083434,doi,0
10.1146/annurev.psych.58.110405.085542,doi,0
10.1037/a0037244,doi,0
10.1162/089892999563571,doi,0
10.1037/a0023028,doi,0
10.3758/BF03203075,doi,0
10.1037/a0035815,doi,0
10.1371/journal.pone.0120025,doi,0
10.1177/0013164414537491,doi,0
10.1037/pas0000004,doi,0
10.1037/a0013024,doi,0
10.1108/TPM-03-2015-0014,doi,0
10.1037/1082-989X.9.3.275,doi,0
10.1037/0022-0663.96.3.518,doi,0
10.1080/10705511.2014.936340,doi,0
10.1007/BF02296272,doi,0
10.1016/S0169-2607(00)00096-1,doi,0
10.1068/p6134,doi,0
10.1371/journal.pcbi.1004003,doi,0
10.3758/PBR.16.5.798,doi,0
10.3389/fpsyg.2013.00918,doi,0
10.1037/a0030543,doi,0
10.1037/xge0000038,doi,0
10.1037/1082-989X.9.2.147,doi,0
10.1371/journal.pone.0074815,doi,0
10.1177/0047287507299576,doi,0
10.1080/03610739208253917,doi,0
10.1037/a0015857,doi,0
10.1007/s10182-011-0168-z,doi,0
10.1037/a0014686,doi,0
10.1044/2014_JSLHR-H-13-0166,doi,0
10.3758/BF03211350,doi,0
10.3102/1076998615621299,doi,0
10.1016/j.brat.2012.08.003,doi,0
10.1371/journal.pone.0071608,doi,0
10.1037/1082-989X.10.3.259,doi,0
10.1093/biomet/80.2.267,doi,0
10.1007/BF02294746,doi,0
10.1007/978-3-642-19656-0_34,doi,0
10.1080/01621459.1949.10483310,doi,0
10.1016/j.ijresmar.2010.08.001,doi,0
10.1016/j.worlddev.2011.07.013,doi,0
10.1016/S0006-8993(00)02050-3,doi,0
10.1054/jpai.2001.26174,doi,0
10.1111/j.1460-9568.2004.03709.x,doi,0
10.1186/1744-8069-1-9,doi,0
10.1111/j.1460-9568.2005.04057.x,doi,0
10.1111/j.1460-9568.2005.04470.x,doi,0
10.1016/S0895-4356(03)00007-6,doi,0
10.1198/000313005X20727,doi,0
10.1002/dev.20262,doi,0
10.1111/j.1467-8721.2009.01619.x,doi,0
10.1590/1678-7153.201528302,doi,0
10.1080/10705511.2010.488997,doi,0
10.1080/10705511.2011.607714,doi,0
10.1080/01621459.1995.10476487,doi,0
10.1207/S15328007SEM0901_1,doi,0
10.1348/000711003770480075,doi,0
10.1177/0013164411431838,doi,0
10.1007/BF01639850,doi,0
10.1002/sim.2849,doi,0
10.1177/0146621609349804,doi,0
10.1007/BF02293813,doi,0
10.1007/BF02294210,doi,0
10.1007/BF02294365,doi,0
10.1037/1082-989X.8.3.369,doi,0
10.1523/JNEUROSCI.4741-13.2014,doi,0
10.1016/j.jmp.2005.02.004,doi,0
10.1007/s10071-011-0465-7,doi,0
10.1371/journal.pone.0074144,doi,0
10.1007/s10071-012-0582-y,doi,0
10.1016/0042-6989(81)90115-2,doi,0
10.1037/1082-989X.4.2.139,doi,0
10.1016/j.jmp.2005.11.006,doi,0
10.1016/S0022-5371(80)90266-2,doi,0
10.1002/per.1997,doi,0
10.1080/10705511.2014.994744,doi,0
10.1016/j.jmp.2009.04.002,doi,0
10.1037/0021-9010.92.5.1394,doi,0
10.3389/fnbeh.2014.00040,doi,0
10.1007/BF02289400,doi,0
10.1016/j.cyto.2003.08.001,doi,0
10.3758/BF03210858,doi,0
10.1016/S0160-2896(02)00115-0,doi,0
10.1016/j.jml.2006.08.009,doi,0
10.3758/s13414-013-0613-z,doi,0
10.1080/00031305.1992.10475842,doi,0
10.1037/1082-989X.11.2.127,doi,0
10.1080/00401706.1975.10489269,doi,0
10.1207/S15328007SEM0704_3,doi,0
10.1177/0081175014529767,doi,0
10.1177/1525822X13520280,doi,0
10.1007/s11336-013-9379-4,doi,0
10.1177/0963721414529144,doi,0
10.1177/0146621603027004004,doi,0
10.1027/1015-5759/a000062,doi,0
10.1080/01621459.1975.10479871,doi,0
10.1037/a0035889,doi,0
10.1016/j.peptides.2008.05.023,doi,0
10.1598/RRQ.40.2.3,doi,0
10.1037/0022-3514.42.6.1051,doi,0
10.1177/0146621615574694,doi,0
10.1177/1073191111411658,doi,0
10.3102/1076998607302631,doi,0
10.1177/0146621612461727,doi,0
10.1207/S15328007SEM0802_7,doi,0
10.1080/17405629.2015.1040757,doi,0
10.1007/s11336-015-9461-1,doi,0
10.1111/j.1745-3984.2008.00063.x,doi,0
10.1177/0146621609359284,doi,0
10.1177/0013164410387340,doi,0
10.1016/j.foodqual.2012.02.006,doi,0
10.1093/chemse/bjt073,doi,0
10.1080/03637751.2010.498791,doi,0
10.1037/a0026728,doi,0
10.1037/0033-2909.119.1.166,doi,0
10.1080/10618600.1995.10474663,doi,0
10.1207/s15327906mbr4001_1,doi,0
10.1207/s15327906mbr4103_5,doi,0
10.1080/00273170802034844,doi,0
10.1080/00220970903224685,doi,0
10.1177/0049124112460380,doi,0
10.1016/j.obhdp.2005.09.002,doi,0
10.1080/00273171.2014.933762,doi,0
10.3758/BRM.40.3.879,doi,0
10.1037/a0020141,doi,0
10.1080/10705511.2011.557329,doi,0
10.1080/19312458.2012.679848,doi,0
10.1037/met0000028,doi,0
10.1167/12.6.25,doi,0
10.1167/13.7.3,doi,0
10.3102/1076998614547577,doi,0
10.1177/1742715014543579,doi,0
10.1007/BF02294403,doi,0
10.1016/j.neuroscience.2010.06.014,doi,0
10.1007/BF02294494,doi,0
10.1037/a0023002,doi,0
10.1111/j.2044-8317.2011.02032.x,doi,0
10.1080/00273171.2013.796280,doi,0
10.1007/978-3-642-14064-8_30,doi,0
10.1007/978-0-387-73186-5_8,doi,0
10.1037/0033-295X.85.2.59,doi,0
10.1037/0033-2909.86.3.446,doi,0
10.1207/S15328007SEM0902_3,doi,0
10.1348/000711004849295,doi,0
10.1207/s15328007sem1204_2,doi,0
10.1207/s15328007sem1301_7,doi,0
10.1080/10705511.2010.510052,doi,0
10.1016/j.neuroscience.2014.05.036,doi,0
10.1016/j.jvb.2015.12.004,doi,0
10.1037/1082-989X.8.2.164,doi,0
10.1037/1082-989X.8.3.364,doi,0
10.1348/000711007X213963,doi,0
10.1191/1740774505cn076oa,doi,0
10.1016/j.envsoft.2013.10.006,doi,0
10.3758/BF03198390,doi,0
10.1186/s12886-015-0085-0,doi,0
10.1007/978-3-658-07327-5,doi,0
10.1016/j.pain.2014.04.017,doi,0
10.1093/biomet/70.1.41,doi,0
10.1080/01621459.1984.10478078,doi,0
10.1080/00031305.1985.10479383,doi,0
10.1080/01621459.1987.10478441,doi,0
10.1080/01621459.1989.10478868,doi,0
10.1111/j.0963-7214.2005.00354.x,doi,0
10.1006/jmps.1996.0030,doi,0
10.1006/jmps.2000.1319,doi,0
10.1007/s11336-005-1297-7,doi,0
10.1007/s11336-004-1215-4,doi,0
10.3758/PBR.15.6.1201,doi,0
10.1073/pnas.0711295105,doi,0
10.1002/9780470583333.ch6,doi,0
10.1007/s11336-013-9396-3,doi,0
10.1080/00031305.1994.10476079,doi,0
10.1111/j.0006-341X.2003.00097.x,doi,0
10.1037/h0037350,doi,0
10.1093/biomet/79.4.797,doi,0
10.2307/2533160,doi,0
10.1177/0146621608324023,doi,0
10.1037/a0035666,doi,0
10.1002/per.1988,doi,0
10.1037/pspp0000043,doi,0
10.12738/estp.2015.6.0102,doi,0
10.1037/a0020511,doi,0
10.1016/j.cogpsych.2009.07.001,doi,0
10.1177/1534735408322849,doi,0
10.1037/0022-006X.74.3.500,doi,0
10.1002/bimj.201100134,doi,0
10.1177/0013161X11419653,doi,0
10.1007/BF02301417,doi,0
10.1016/j.compedu.2015.05.005,doi,0
10.3389/fpsyg.2014.00181,doi,0
10.1007/BF00144234,doi,0
10.1037/0021-9010.66.2.166,doi,0
10.1037/0096-3445.136.3.414,doi,0
10.1037/a0015730,doi,0
10.1207/s15327906mbr4004_4,doi,0
10.1037/0033-295X.84.1.1,doi,0
10.1016/j.bbi.2006.10.010,doi,0
10.3758/s13428-011-0150-4,doi,0
10.1207/S15328007SEM0901_3,doi,0
10.1006/jmps.1999.1268,doi,0
10.3102/1076998607307359,doi,0
10.1198/000313001300339950,doi,0
10.1177/2158244015605160,doi,0
10.1037/0003-066X.40.1.73,doi,0
10.1037/a0037744,doi,0
10.1177/0146621613508306,doi,0
10.1108/IJPHM-05-2014-0028,doi,0
10.1348/000711009X480640,doi,0
10.1037/a0023322,doi,0
10.1007/s00221-010-2286-3,doi,0
10.3389/fnint.2012.00024,doi,0
10.1177/0013164403258402,doi,0
10.1016/j.lindif.2012.10.002,doi,0
10.1002/jsid.233,doi,0
10.1037//1082-989X.7.4.422,doi,0
10.1007/s11336-008-9101-0,doi,0
10.1037/a0029856,doi,0
10.1167/15.3.2,doi,0
10.1093/acprof:oso/9780195152968.001.0001,doi,0
10.1109/ICCV.2005.77,doi,0
10.3758/PBR.15.4.713,doi,0
10.1016/j.socnet.2009.02.004,doi,0
10.1207/s15327906mbr4002_1,doi,0
10.1207/s15328007sem1303_1,doi,0
10.1002/sim.2713,doi,0
10.1002/sim.2530,doi,0
10.1080/10705510902751275,doi,0
10.1002/9781118358887,doi,0
10.1016/j.jpain.2004.06.006,doi,0
10.1300/J426v02n04_05,doi,0
10.1037/a0017057,doi,0
10.1177/01421602026002007,doi,0
10.1037/fam0000058,doi,0
10.1037/a0018719,doi,0
10.3102/1076998610375835,doi,0
10.1080/00273171.2014.950719,doi,0
10.1080/10705511.2014.936082,doi,0
10.1002/eat.1016,doi,0
10.1002/eat.10109,doi,0
10.1037/0022-006X.74.2.263,doi,0
10.1037/a0016132,doi,0
10.1007/BF02294761,doi,0
10.1080/00401706.1979.10489726,doi,0
10.1007/BF02295291,doi,0
10.1177/1094428107300342,doi,0
10.1002/sim.5904,doi,0
10.1371/journal.pone.0096606,doi,0
10.1167/13.10.9,doi,0
10.1007/s11336-010-9163-7,doi,0
10.1509/jmr.10.0395,doi,0
10.1016/S0169-7161(06)26021-8,doi,0
10.3758/BF03211637,doi,0
10.1111/rssc.12096,doi,0
10.1037/0022-006X.72.2.288,doi,0
10.1037/a0025814,doi,0
10.1080/01621459.1987.10478458,doi,0
10.1177/1094428107300344,doi,0
10.3758/s13428-011-0181-x,doi,0
10.1037/a0038100,doi,0
10.1080/00273171.2011.540475,doi,0
10.1016/0022-2496(80)90003-6,doi,0
10.1016/j.pscychresns.2013.01.009,doi,0
10.1177/0013164408324460,doi,0
10.1093/ije/dyq248,doi,0
10.1007/s00359-006-0189-3,doi,0
10.1177/0272431613511331,doi,0
10.1080/10705511.2015.1057284,doi,0
10.1146/annurev.clinpsy.1.102803.144239,doi,0
10.1111/jopy.12146,doi,0
10.1006/jmps.1994.1001,doi,0
10.1006/jmps.1995.1033,doi,0
10.1016/0010-0285(80)90005-5,doi,0
10.1016/0042-6989(95)00016-X,doi,0
10.1007/s11031-015-9499-5,doi,0
10.1007/BF02293983,doi,0
10.1037/a0038280,doi,0
10.1080/10705511003659318,doi,0
10.1080/10705511.2011.534695,doi,0
10.1191/1740774505cn072oa,doi,0
10.1016/j.jmp.2012.06.004,doi,0
10.1016/j.jmp.2012.02.005,doi,0
10.1037/a0032222,doi,0
10.1007/s11336-013-9381-x,doi,0
10.1007/978-1-4939-2236-9_10,doi,0
10.1037/h0031322,doi,0
10.1007/BF00122574,doi,0
10.1016/j.pain.2004.04.008,doi,0
10.1006/jmps.1993.1032,doi,0
10.3758/APP.72.4.1179,doi,0
10.1007/BF02293687,doi,0
10.1016/j.jbusres.2013.11.012,doi,0
10.1177/0962280206074463,doi,0
10.3758/BRM.40.1.61,doi,0
10.1016/j.jmp.2014.06.004,doi,0
10.1073/pnas.1117465109,doi,0
10.1037/a0035234,doi,0
10.1287/mksc.2014.0859,doi,0
10.1007/s11336-006-1478-z,doi,0
10.3102/1076998606298044,doi,0
10.3102/1076998607302626,doi,0
10.1111/j.1745-3984.2009.00080.x,doi,0
10.1177/0146621609349800,doi,0
10.1037/a0020957,doi,0
10.1016/j.neuroimage.2014.07.022,doi,0
10.1177/01421602026002002,doi,0
10.1007/978-3-642-20074-8_3,doi,0
10.1016/j.actpsy.2014.03.001,doi,0
10.1167/5.3.8,doi,0
10.1111/jsbm.12067,doi,0
10.1371/journal.pbio.0050056,doi,0
10.3758/PBR.17.1.59,doi,0
10.1504/IJIDS.2013.058286,doi,0
10.1348/000711003321645331,doi,0
10.1016/B978-044452044-9/50018-5,doi,0
10.1093/acprof:oso/9780195173444.001.0001,doi,0
10.1016/j.cmpb.2006.02.006,doi,0
10.1080/10705510701758265,doi,0
10.1177/0013164410391575,doi,0
10.1007/s11336-011-9215-7,doi,0
10.1096/fj.12-222992,doi,0
10.1037/a0033656,doi,0
10.3945/jn.113.184317,doi,0
10.1007/s00221-013-3738-3,doi,0
10.1177/0146621614540514,doi,0
10.1111/j.1460-9568.2012.08264.x,doi,0
10.1037/0022-3514.37.10.1742,doi,0
10.1167/iovs.13-12032,doi,0
10.1016/0042-6989(79)90136-6,doi,0
10.3758/BF03202828,doi,0
10.1111/j.1365-2729.2010.00368.x,doi,0
10.1080/01621459.1990.10474930,doi,0
10.1177/1525822X07303502,doi,0
10.1080/08957340701796464,doi,0
10.1080/10705510903438872,doi,0
10.1080/10705511.2014.915205,doi,0
10.1037/met0000029,doi,0
10.1016/j.csda.2010.03.016,doi,0
10.3758/BRM.42.3.884,doi,0
10.1038/npp.2008.66,doi,0
10.1016/j.jad.2009.11.010,doi,0
10.1037/a0025688,doi,0
10.1111/j.2044-8260.2011.02021.x,doi,0
10.1037/a0035904,doi,0
10.1016/j.jneumeth.2009.10.006,doi,0
10.1027/1015-5759.23.4.258,doi,0
10.1167/4.12.11,doi,0
10.1016/j.pain.2012.02.015,doi,0
10.1002/brb3.44,doi,0
10.1016/S0149-2063(03)00084-9,doi,0
10.1186/1471-2458-4-48,doi,0
10.1080/10705510701758166,doi,0
10.1037/1082-989X.12.1.58,doi,0
10.3758/BF03200763,doi,0
10.1093/biomet/80.4.791,doi,0
10.1177/0146621602026003007,doi,0
10.1207/s15324818ame1904_3,doi,0
10.1080/01621459.1982.10477876,doi,0
10.1037/a0019390,doi,0
10.3389/fpsyg.2015.01914,doi,0
10.1080/00273171.2013.816235,doi,0
10.1080/07474938.2012.690653,doi,0
10.1167/15.14.6,doi,0
10.3758/s13414-015-0834-4,doi,0
10.1080/10705511.2010.489003,doi,0
10.1007/BF02294241,doi,0
10.1016/j.obhdp.2011.09.004,doi,0
10.1207/s15327906mbr4001_5,doi,0
10.1016/S0169-7161(06)26010-3,doi,0
10.1037/a0016972,doi,0
10.1348/000711010X497442,doi,0
10.1037/a0033820,doi,0
10.1016/j.jkss.2015.01.002,doi,0
10.1016/j.jmp.2010.04.001,doi,0
10.1038/nature06860,doi,0
10.1080/10705510802339106,doi,0
10.3758/BRM.41.4.1083,doi,0
10.1177/1094428108327450,doi,0
10.3389/fnint.2012.00100,doi,0
10.1007/s11336-012-9301-5,doi,0
10.3389/fnbot.2014.00014,doi,0
10.1007/978-3-319-19977-1_24,doi,0
10.1214/088342306000000015,doi,0
10.1007/s11336-003-0974-7,doi,0
10.1177/0146167215626706,doi,0
10.1080/00223891.2015.1044604,doi,0
10.3758/APP.71.6.1414,doi,0
10.1177/1094428115588570,doi,0
10/c2znwv,doi,0
10/c8cnh8,doi,0
10/gg5ffv,doi,0
10/c2tw3j,doi,0
10/dn59w9,doi,0
10/gfgwmt,doi,0
10/dgkd9w,doi,0
10/bh3qjf,doi,0
10/bh3qjf,doi,0
10/gg2rq8,doi,0
10/df4n7n,doi,0
10/db3xjg,doi,0
10/f6c4q2,doi,0
10/djvp5r,doi,0
10/d5cfjf,doi,0
10/gg5ff9,doi,0
10/gg5fgc,doi,0
10/d4h8t8,doi,0
10/fhjcsh,doi,0
10/gg5fgh,doi,0
10/bvvc9w,doi,0
10/gg5fgk,doi,0
10/dtz35w,doi,0
10/fnwz34,doi,0
10/f36jjz,doi,0
10/b93r2p,doi,0
10/gg47tn,doi,0
10/bdmmr6,doi,0
10/d2hsnx,doi,0
10/gg5fgx,doi,0
10/gg5fg3,doi,0
10/c3cp5d,doi,0
10/chvqbf,doi,0
10/c8pjk5,doi,0
10/dx8drq,doi,0
10/c66f5z,doi,0
10/b75gvj,doi,0
10/gg5fhb,doi,0
10/gf9zq6,doi,0
10/d83wxz,doi,0
10/cb7zrf,doi,0
10/fpm6hz,doi,0
10/c8393m,doi,0
10/cjf4gx,doi,0
10/cfxxt6,doi,0
10/cth6nq,doi,0
10/fc9kx9,doi,0
10/dqmssr,doi,0
10/bphrtk,doi,0
10/dn9pvh,doi,0
10/bwh2qn,doi,0
10/btczbk,doi,0
10/d7qrrs,doi,0
10/gg5fhs,doi,0
10/cwkbtw,doi,0
10/gddtgv,doi,0
10/dfrgt6,doi,0
10/bffkq2,doi,0
10/gg5fht,doi,0
10/bn37gb,doi,0
10/gg5fhv,doi,0
10/bdrkzv,doi,0
10/f4hgjw,doi,0
10/f7tzkf,doi,0
10/gg5fhw,doi,0
10/ct3fvq,doi,0
10/fmwzs9,doi,0
10/d9fwrm,doi,0
10/c46n94,doi,0
10/b8shz4,doi,0
10/dhfzk3,doi,0
10/b8smh7,doi,0
10/fjdvbn,doi,0
10/fhgx6v,doi,0
10/gft3d3,doi,0
10/bjm6xr,doi,0
10/bq4jhg,doi,0
10/ffcngg,doi,0
10/gg5fhx,doi,0
10/gg5fhk,doi,0
10/gg5fhz,doi,0
10/d6sxsf,doi,0
10/ct3vpn,doi,0
10.4310/SII.2013.v6.n1.a4,doi,0
10/cqbxts,doi,0
10/dtj92b,doi,0
10/c6fd9j,doi,0
10/cjgs6j,doi,0
10/f396t7,doi,0
10/dpts8h,doi,0
10/gg5fh2,doi,0
10/f5ksgj,doi,0
10/cg56cg,doi,0
10/gg5fh3,doi,0
10/gcp2sf,doi,0
10/gg5fh4,doi,0
10/c3cqz8,doi,0
10/f67gq8,doi,0
10/ctp64d,doi,0
10/gg5fh5,doi,0
10/bvvh8b,doi,0
10/f5fts8,doi,0
10/fptf5d,doi,0
10/dbm4x4,doi,0
10/bnmq6c,doi,0
10/cz89t3,doi,0
10/cvtqnk,doi,0
10/b22t96,doi,0
10/bpqm9x,doi,0
10/b935d9,doi,0
10/b52x9w,doi,0
10/cbkf86,doi,0
10/bs894r,doi,0
10/gg5fh6,doi,0
10/fsxwwb,doi,0
10/d6pf6n,doi,0
10/dgqhnx,doi,0
10/c4xw59,doi,0
10/gg5fh7,doi,0
10/gfgrh6,doi,0
10/bj7z4f,doi,0
10/bh7j68,doi,0
10/fh4b26,doi,0
10/gg5fh8,doi,0
10/fwzksn,doi,0
10/bb2s9k,doi,0
10/c3wtc6,doi,0
10/c3vz8d,doi,0
10/bz8554,doi,0
10/fm3h46,doi,0
10/d4q47f,doi,0
10/gg5fjb,doi,0
10/ddt9pz,doi,0
10/dh545k,doi,0
10/chxnng,doi,0
10/bh2qjv,doi,0
10/b64zcm,doi,0
10/cbxb,doi,0
10/bkvpmz,doi,0
10/f8b6zk,doi,0
10/d4q47f,doi,0
10/gg5fh9,doi,0
10/gd59hs,doi,0
10/cwj2p9,doi,0
10/gfvqtm,doi,0
10/fr3m5h,doi,0
10/dnd7pk,doi,0
10/bszsh9,doi,0
10/dr4s59,doi,0
10/bn3pr8,doi,0
10/dpp2q6,doi,0
10/dj8tt6,doi,0
10/fm2xkd,doi,0
10/csbfmr,doi,0
10/ggf5xx,doi,0
10.1186/s12868-015-0228-5,doi,0
10.1007/s10198-013-0524-x,doi,0
10.1111/j.1468-0262.2006.00655.x,doi,0
10.1093/pan/mpi033,doi,0
10.2165/00019053-200624010-00001,doi,0
10.1093/ser/mwv017,doi,0
10.3726/978-3-653-04521-5,doi,0
10.1080/01621459.1969.10500979,doi,0
10.1177/1094428108318065,doi,0
10.1002/(SICI)1097-0258(19990715)18:13<1707::AID-SIM138>3.0.CO;2-H,doi,0
10.1093/biomet/71.1.1,doi,0
10.1080/00273171.2013.802978,doi,0
10.1016/j.ssresearch.2014.08.011,doi,0
10.1111/j.1540-5907.2008.00352.x,doi,0
10.1177/0010414007313113,doi,0
10.1509/jmkr.39.4.479.19124,doi,0
10.1509/jmkr.39.1.87.18936,doi,0
10.1509/jmkr.40.2.235.19225,doi,0
10.1016/j.ijresmar.2003.04.001,doi,0
10.2522/ptj.20130302,doi,0
10.1023/A:1020281327116,doi,0
10.1007/s11222-008-9110-y,doi,0
10.3168/jds.2012-6115,doi,0
10.1080/02664760802191397,doi,0
10.1080/01402382.2014.929341,doi,0
10.1037/0021-9010.88.2.234,doi,0
10.1111/j.1540-5907.2009.00369.x,doi,0
10.1080/14616696.2015.1072226,doi,0
10.1007/s10531-014-0741-3,doi,0
10.1177/0958928713511280,doi,0
10.1111/j.1467-9248.2010.00835.x,doi,0
10.1016/j.ijresmar.2009.06.003,doi,0
10.1037/a0030642,doi,0
10.1080/16506073.2010.520731,doi,0
10.1002/sim.4031,doi,0
10.1177/0962280210372453,doi,0
10.1002/env.613,doi,0
10.1198/jasa.2009.ap09068,doi,0
10.1111/j.1467-9868.2008.00663.x,doi,0
10.1111/j.1541-0420.2005.00377.x,doi,0
10.1109/HEALTH.2011.6026776,doi,0
10.1037/0022-3514.51.6.1173,doi,0
10.1002/2014WR016553,doi,0
10.1007/BF00554126,doi,0
10.1080/01621459.1988.10478561,doi,0
10.1037/1082-989X.8.3.338,doi,0
10.1111/ajps.12200,doi,0
10.1093/biomet/92.2.419,doi,0
10.1093/jeg/lbu005,doi,0
10.4054/DemRes.2014.30.11,doi,0
10.1002/bimj.201100055,doi,0
10.1093/ser/mwu039,doi,0
10.1080/15332660802508364,doi,0
10.1214/06-BA115,doi,0
10.1214/009053605000000075,doi,0
10.1214/ss/1177010123,doi,0
10.1037/1082-989X.9.1.30,doi,0
10.1002/(SICI)1097-0258(19970415)16:7<753::AID-SIM494>3.0.CO;2-G,doi,0
10.1177/1073191113509004,doi,0
10.1007/978-94-007-3024-3_5,doi,0
10.1016/j.jclinepi.2010.10.016,doi,0
10.1007/s10461-013-0620-z,doi,0
10.1177/1094428107303155,doi,0
10.1007/BF02293801,doi,0
10.2307/2532834,doi,0
10.1214/14-BA933,doi,0
10.1016/j.tree.2008.10.008,doi,0
10.1002/0471746096,doi,0
10.1016/j.joi.2008.09.003,doi,0
10.1093/biomet/93.1.179,doi,0
10.1002/psp4.12041,doi,0
10.1016/j.jval.2010.12.006,doi,0
10.1007/s11162-011-9232-5,doi,0
10.1186/s12879-015-0855-6,doi,0
10.1177/0022146514557332,doi,0
10.1001/jama.2014.10780,doi,0
10.3168/jds.2008-1497,doi,0
10.1177/0003122415573049,doi,0
10.1215/03616878-3523946,doi,0
10.1080/03050629.2014.948154,doi,0
10.1093/biostatistics/kxq016,doi,0
10.1002/sim.650,doi,0
10.1093/aob/mct176,doi,0
10.1214/07-AOAS138,doi,0
10.1080/00949658408810713,doi,0
10.1016/j.jspi.2004.10.012,doi,0
10.1016/j.csda.2005.02.008,doi,0
10.1214/06-BA117,doi,0
10.1214/06-BA117REJ,doi,0
10.3102/1076998609359788,doi,0
10.1177/1471082X0700700301,doi,0
10.1111/j.1467-985X.2009.00586.x,doi,0
10.1186/2046-4053-3-110,doi,0
10.1093/esr/jcv059,doi,0
10.1016/j.ssresearch.2015.08.003,doi,0
10.1002/sim.6776,doi,0
10.1186/1745-6215-15-346,doi,0
10.1159/000351642,doi,0
10.1002/(SICI)1097-0258(19980615)17:11<1261::AID-SIM846>3.0.CO;2-Z,doi,0
10.1093/ije/dyi069,doi,0
10.1177/0146167215573212,doi,0
10.1111/j.1541-0420.2011.01617.x,doi,0
10.1080/15305058.2013.870903,doi,0
10.1586/14737167.5.5.531,doi,0
10.1007/s11336-009-9136-x,doi,0
10.1002/sim.3915,doi,0
10.1037/0021-9010.66.3.274,doi,0
10.1038/ncomms10985,doi,0
10.1108/S0147-912120140000039004,doi,0
10.1080/00031305.1985.10479400,doi,0
10.1080/00031305.1992.10475878,doi,0
10.1093/ije/dyn088,doi,0
10.1214/06-BA122,doi,0
10.1097/AJP.0b013e3182201983,doi,0
10.1016/S0047-259X(02)00076-3,doi,0
10.1177/0143624414566244,doi,0
10.1177/0143624414566245,doi,0
10.1097/jnr.0000000000000042,doi,0
10.1080/10705511.2014.882688,doi,0
10.1080/19345747.2014.911396,doi,0
10.1080/10705511.2013.742404,doi,0
10.1207/s15328007sem1204_5,doi,0
10.1177/1094428107300343,doi,0
10.1111/j.0269-283X.2004.00511.x,doi,0
10.1037/ccp0000034,doi,0
10.2753/MTP1069-6679160402,doi,0
10.1007/s11336-013-9360-2,doi,0
10.3102/1076998609337138,doi,0
10.1080/00273171.2013.787870,doi,0
10.1016/S0277-9536(02)00370-2,doi,0
10.1111/j.2044-8317.2011.02023.x,doi,0
10.1177/0958928714538214,doi,0
10.1007/978-1-4614-1599-2_23,doi,0
10.1002/(SICI)1097-0258(19971030)16:20<2349::AID-SIM667>3.0.CO;2-E,doi,0
10.1007/s11336-013-9358-9,doi,0
10.1037//0022-006X.70.4.976,doi,0
10.1002/9780470035948,doi,0
10.1080/03610920903009376,doi,0
10.1525/auk.2008.07134,doi,0
10.1214/aos/1065705116,doi,0
10.3168/jds.2015-10264,doi,0
10.1002/hec.1141,doi,0
10.1002/sim.3594,doi,0
10.1080/00401706.1976.10489397,doi,0
10.1177/1094428103257358,doi,0
10.1198/1085711032291,doi,0
10.1198/016214507000001409,doi,0
10.1198/106186007X208768,doi,0
10.1890/07-0744.1,doi,0
10.1177/000312240907400502,doi,0
10.1017/S0266466600011646,doi,0
10.1146/annurev.psych.58.110405.085520,doi,0
10.1198/TECH.2009.08161,doi,0
10.1185/03007995.2012.734798,doi,0
10.1086/680171,doi,0
10.1177/1465116514532556,doi,0
10.1111/rssa.12016,doi,0
10.1016/j.ijforecast.2010.08.002,doi,0
10.1002/sim.1470,doi,0
10.1073/pnas.0407247101,doi,0
10.1198/1085711032697,doi,0
10.1027/1614-2241.2.3.124,doi,0
10.3389/fpsyg.2015.01963,doi,0
10.1371/journal.pone.0060650,doi,0
10.1080/01621459.1981.10477731,doi,0
10.1016/j.jeconom.2004.04.012,doi,0
10.1016/j.socscimed.2015.09.040,doi,0
10.1017/S0003055409090248,doi,0
10.1037/a0031609,doi,0
10.1080/10705511.2014.882686,doi,0
10.1080/10705511.2014.937849,doi,0
10.1007/978-1-137-56077-3_9,doi,0
10.1007/BF00994135,doi,0
10.4324/9780203142738,doi,0
10.3758/s13428-013-0395-1,doi,0
10.1111/j.1467-985X.2010.00639.x,doi,0
10.1177/0049124103260187,doi,0
10.1016/j.rssm.2015.09.005,doi,0
10.1111/rssa.12012,doi,0
10.1186/2046-4053-1-44,doi,0
10.1093/biostatistics/kxg040,doi,0
10.1123/jsep.2013-0043,doi,0
10.1002/jts.22039,doi,0
10.1007/978-0-387-73186-5_2,doi,0
10.1007/978-1-4614-1800-9_17,doi,0
10.1177/1065912913491464,doi,0
10.1177/0962280206075309,doi,0
10.1016/j.leaqua.2004.09.009,doi,0
10.1080/01621459.1987.10478410,doi,0
10.1080/01621459.1994.10476768,doi,0
10.1080/01621459.1972.10481215,doi,0
10.1080/01621459.1975.10479864,doi,0
10.1037/a0020858,doi,0
10.1016/j.tranpol.2015.07.001,doi,0
10.1024/03009831/000149,doi,0
10.1016/j.healthplace.2014.08.009,doi,0
10.1093/acprof:oso/9780199533022.001.0001,doi,0
10.1080/09585192.2011.561227,doi,0
10.1177/1354068813520271,doi,0
10.1016/j.healthplace.2013.07.001,doi,0
10.1016/j.socscimed.2012.09.028,doi,0
10.1093/esr/jcs059,doi,0
10.3758/BRM.42.4.930,doi,0
10.1111/j.1469-7998.2010.00770.x,doi,0
10.1080/10705511.2014.935749,doi,0
10.1080/10705511.2011.557338,doi,0
10.4135/9781446247600.n31,doi,0
10.1016/j.jag.2012.04.007,doi,0
10.1198/108571108X273160,doi,0
10.1198/jasa.2011.ap09653,doi,0
10.1214/09-AOAS250,doi,0
10.1111/1467-9248.12162,doi,0
10.1016/S0197-2456(96)00043-8,doi,0
10.1037/1082-989X.9.4.466,doi,0
10.1186/s13643-016-0186-8,doi,0
10.1590/S0103-90162011000200015,doi,0
10.1037/a0015825,doi,0
10.1007/s11222-010-9210-3,doi,0
10.1139/cjfr-2012-0268,doi,0
10.1016/j.ecolmodel.2009.06.035,doi,0
10.5849/forsci.11-146,doi,0
10.1207/S15328007SEM0703_2,doi,0
10.1186/1744-859X-12-26,doi,0
10.1162/003465304323023697,doi,0
10.1111/j.1368-423X.2007.00212.x,doi,0
10.1017/S0003055409990177,doi,0
10.1186/1297-9686-44-10,doi,0
10.1093/europace/euq450,doi,0
10.1016/j.electstud.2010.04.009,doi,0
10.1080/00273171.2012.640596,doi,0
10.1016/j.jclinepi.2010.08.010,doi,0
10.1111/1365-2745.12421,doi,0
10.1007/s11135-011-9503-4,doi,0
10.1002/sim.6791,doi,0
10.1177/0958928715573478,doi,0
10.1016/j.jretconser.2011.09.003,doi,0
10.1016/S0304-3959(99)00302-4,doi,0
10.1016/j.indmarman.2015.02.042,doi,0
10.1037/a0032138,doi,0
10.1080/01621459.1990.10474968,doi,0
10.1093/biomet/82.3.479,doi,0
10.1214/06-BA117A,doi,0
10.1111/1467-9248.12183,doi,0
10.1002/sim.2671,doi,0
10.1136/bmj.h5392,doi,0
10.1111/j.1540-5907.2010.00452.x,doi,0
10.1287/mksc.1030.0032,doi,0
10.1002/(SICI)1097-0258(20000415)19:7<975::AID-SIM381>3.0.CO;2-9,doi,0
10.1111/jora.12066,doi,0
10.1017/CBO9781139022422,doi,0
10.1037/a0030676,doi,0
10.1093/biomet/73.1.43,doi,0
10.1093/biomet/76.3.622,doi,0
10.3102/1076998606298042,doi,0
10.1002/sim.1264,doi,0
10.1002/0470023724.ch1b(ii),doi,0
10.1177/1471082X0800900301,doi,0
10.1111/j.1467-985X.2008.00576.x,doi,0
10.1007/BF02294400,doi,0
10.1080/0305498930190401,doi,0
10.1080/00273170902949719,doi,0
10.1177/1740774509339977,doi,0
10.1097/MEG.0000000000000376,doi,0
10.1016/j.ophtha.2013.04.010,doi,0
10.1007/978-3-658-06550-8,doi,0
10.1111/j.1467-842X.2005.00405.x,doi,0
10.1017/S0033291713002134,doi,0
10.1007/s10651-009-0119-y,doi,0
10.1080/0924345950060201,doi,0
10.1002/sim.3577,doi,0
10.3168/jds.2007-0107,doi,0
10.3168/jds.2007-0621,doi,0
10.1016/j.prevetmed.2013.10.009,doi,0
10.1051/vetres/2009013,doi,0
10.7326/M14-0511,doi,0
10.1186/2046-4053-1-61,doi,0
10.1080/1369183X.2014.915192,doi,0
10.1002/hec.1531,doi,0
10.1002/hec.1198,doi,0
10.1002/9781119961154.ch19,doi,0
10.1080/00273171.2010.531230,doi,0
10.1111/j.1467-8624.2011.01630.x,doi,0
10.4324/9780203403020,doi,0
10.1080/10705511.2010.489006,doi,0
10.1007/s13253-013-0140-3,doi,0
10.1080/10409289.2015.1012188,doi,0
10.1111/j.1467-842X.2012.00647.x,doi,0
10.3141/2076-20,doi,0
10.1177/0003122416632212,doi,0
10.1186/s12913-015-0686-6,doi,0
10.1037//0021-9010.87.2.377,doi,0
10.4324/9780203864746,doi,0
10.1207/S15328007SEM0803_7,doi,0
10.1002/(SICI)1097-0258(19980430)17:8<841::AID-SIM781>3.0.CO;2-D,doi,0
10.1002/9780470609927,doi,0
10.1093/acprof:oso/9780195339888.001.0001,doi,0
10.1093/biomet/57.1.97,doi,0
10.1016/S0169-7161(07)27013-0,doi,0
10.1016/B978-0-444-53737-9.50010-4,doi,0
10.1136/bmj.i1777,doi,0
10.1123/jsep.2013-0261,doi,0
10.1080/01621459.2014.983229,doi,0
10.1577/T07-012.1,doi,0
10.1080/01621459.1989.10478848,doi,0
10.1016/0169-2607(96)01723-3,doi,0
10.1177/0038040715588603,doi,0
10.1016/j.ecolmodel.2014.01.011,doi,0
10.1016/j.ecolmodel.2012.08.024,doi,0
10.1371/journal.pone.0038306,doi,0
10.1002/sim.3848,doi,0
10.1037/a0013971,doi,0
10.1080/10705510802561279,doi,0
10.1111/jomf.12112,doi,0
10.1177/0022343314551080,doi,0
10.1136/bmjopen-2013-004475,doi,0
10.1016/j.jval.2011.01.011,doi,0
10.1198/016214504000001015,doi,0
10.1037/0021-9010.88.1.100,doi,0
10.1093/pan/mpl013,doi,0
10.1080/01621459.1986.10478354,doi,0
10.1177/0010414008325286,doi,0
10.1023/B:HSOR.0000031402.52155.62,doi,0
10.1007/s10651-012-0209-0,doi,0
10.4324/9780203852279,doi,0
10.4135/9781446247600.n22,doi,0
10.1111/j.1467-9574.2009.00445.x,doi,0
10.3389/fpsyg.2014.00078,doi,0
10.1002/sim.2211,doi,0
10.1177/0011392115589599,doi,0
10.1007/BF00225903,doi,0
10.3168/jds.2011-4629,doi,0
10.1111/j.1541-0420.2010.01463.x,doi,0
10.2165/00019053-200624050-00005,doi,0
10.1037/a0020761,doi,0
10.1017/S0003055411000414,doi,0
10.1214/10-STS321,doi,0
10.1198/016214504000001187,doi,0
10.1093/pan/mps040,doi,0
10.1007/BF02291366,doi,0
10.1002/9780470686621,doi,0
10.1002/sim.6188,doi,0
10.1002/sim.4172,doi,0
10.1002/jrsm.1112,doi,0
10.1177/0958928713507468,doi,0
10.1080/15332861.2015.1080056,doi,0
10.1037/0021-9010.69.2.307,doi,0
10.1016/B978-044452044-9/50005-7,doi,0
10.3102/1076998611417628,doi,0
10.3102/1076998611432173,doi,0
10.1214/aos/1043351257,doi,0
10.1002/sim.6342,doi,0
10.1037/1082-989X.13.1.1,doi,0
10.1037/0022-0167.52.3.310,doi,0
10.1016/S0169-7161(05)25028-9,doi,0
10.1177/0149206314539351,doi,0
10.1093/oxfordhb/9780199286546.003.0026,doi,0
10.1016/S0001-4575(01)00086-0,doi,0
10.1007/s13524-015-0430-1,doi,0
10.1037//0021-9010.87.4.797,doi,0
10.1037/0021-9010.89.1.36,doi,0
10.1207/S15328007SEM0803_1,doi,0
10.1093/pan/mpi030,doi,0
10.3389/fpsyg.2015.00615,doi,0
10.1016/0010-0285(72)90016-3,doi,0
10.1002/cjs.10096,doi,0
10.1037//0021-9010.86.5.837,doi,0
10.1198/jasa.2011.tm09680,doi,0
10.1080/00273171.2014.928492,doi,0
10.1080/01621459.1995.10476572,doi,0
10.1080/01621459.1989.10478825,doi,0
10.1191/1471082X06st119oa,doi,0
10.1007/s11266-014-9496-4,doi,0
10.1007/s00439-007-0445-9,doi,0
10.1007/s10654-007-9145-y,doi,0
10.1093/pan/mpi027,doi,0
10.1002/9780470998137,doi,0
10.1080/10705511.2014.915379,doi,0
10.1027/1614-2241.4.3.97,doi,0
10.1037/0033-2909.96.1.201,doi,0
10.1207/S15328007SEM1003_1,doi,0
10.2307/2533558,doi,0
10.1016/j.csda.2008.12.013,doi,0
10.1007/s10869-013-9300-2,doi,0
10.1371/journal.pone.0081823,doi,0
10.1007/s10802-011-9516-4,doi,0
10.1111/j.1600-0706.2013.00946.x,doi,0
10.1007/s11336-007-9008-1,doi,0
10.1080/10705511.2011.557337,doi,0
10.1016/j.drugalcdep.2014.07.032,doi,0
10.1111/risa.12157,doi,0
10.3102/1076998615606109,doi,0
10.3389/fpsyg.2014.00311,doi,0
10.1016/j.jmva.2009.04.014,doi,0
10.1016/j.ecoenv.2015.01.022,doi,0
10.1016/j.jmva.2009.05.002,doi,0
10.1198/106186005X63185,doi,0
10.1080/13691058.2014.989265,doi,0
10.1177/1094428112457829,doi,0
10.1161/CIRCOUTCOMES.111.960724,doi,0
10.1037/a0012869,doi,0
10.1037/a0024376,doi,0
10.1037/a0029252,doi,0
10.1027/1614-2241.3.4.149,doi,0
10.1080/00220973.2014.907229,doi,0
10.1002/sim.2112,doi,0
10.1016/j.lisr.2011.07.004,doi,0
10.1108/JMHTEP-02-2015-0005,doi,0
10.1287/mksc.2014.0859,doi,0
10.1002/bimj.200900130,doi,0
10.1121/1.4757740,doi,0
10.1016/j.artmed.2012.12.007,doi,0
10.1017/S0003055409990050,doi,0
10.1371/journal.pgen.1005650,doi,0
10.1111/1467-985X.0asp2,doi,0
10.3102/1076998614546494,doi,0
10.1016/S0047-259X(03)00096-4,doi,0
10.1007/BF02294002,doi,0
10.1348/000711005X81403,doi,0
10.1002/9780470024737,doi,0
10.1016/j.csda.2008.03.029,doi,0
10.1080/10705511003659425,doi,0
10.1016/B978-0-08-044894-7.01370-1,doi,0
10.1002/wics.1311,doi,0
10.1016/0167-9473(96)82296-1,doi,0
10.1007/BF02293789,doi,0
10.1007/BF02294660,doi,0
10.1002/sim.1544,doi,0
10.1207/s15327906mbr3904_4,doi,0
10.1207/s15328007sem1203_5,doi,0
10.1007/s11336-006-1177-1,doi,0
10.1191/1740774505cn082oa,doi,0
10.1007/s12187-014-9285-z,doi,0
10.1111/1475-6765.12088,doi,0
10.1198/jasa.2010.tm09757,doi,0
10.1175/2010JCLI3503.1,doi,0
10.1198/jcgs.2010.08181,doi,0
10.1111/ddi.12062,doi,0
10.1155/2009/537139,doi,0
10.1080/10705511.2011.607723,doi,0
10.1002/sim.5795,doi,0
10.1002/sim.6185,doi,0
10.1080/10705511.2013.769391,doi,0
10.1080/10705519809540106,doi,0
10.1093/biomet/91.1.1,doi,0
10.1210/jc.2013-3450,doi,0
10.1002/sim.5677,doi,0
10.1177/1471082X1001100305,doi,0
10.1214/10-STS318,doi,0
10.1037/a0032574,doi,0
10.1080/01621459.1994.10476829,doi,0
10.1016/j.ress.2007.03.038,doi,0
10.1111/1467-9868.00384,doi,0
10.1093/biomet/81.4.633,doi,0
10.3102/1076998606298039,doi,0
10.1093/biomet/74.4.817,doi,0
10.1017/CBO9780511802461.012,doi,0
10.1371/journal.pone.0147040,doi,0
10.1177/1465116515618252,doi,0
10.1185/03007995.2015.1135110,doi,0
10.1080/14697680903369500,doi,0
10.1093/biostatistics/kxp032,doi,0
10.1037/1082-989X.10.1.21,doi,0
10.1086/588741,doi,0
10.1023/A:1020206907668,doi,0
10.1002/sim.3680,doi,0
10.1093/ijpor/edv039,doi,0
10.1080/00273171.2011.589261,doi,0
10.1109/SOLI.2008.4682982,doi,0
10.1037/h0026141,doi,0
10.1348/096317909X476333,doi,0
10.1016/j.csda.2003.08.006,doi,0
10.1046/j.0039-0402.2003.00252.x,doi,0
10.1027/1614-2241.1.3.86,doi,0
10.1037/a0027131,doi,0
10.1037//1082-989X.7.1.83,doi,0
10.1207/s15327906mbr3001_3,doi,0
10.1111/rssa.12018,doi,0
10.1177/0735633115620432,doi,0
10.1080/03610929508831616,doi,0
10.1016/S0169-7161(05)25034-4,doi,0
10.1037/a0027558,doi,0
10.1002/sim.782,doi,0
10.1177/0001699315579923,doi,0
10.1177/1043463114523715,doi,0
10.1057/cep.2013.16,doi,0
10.1080/1369183X.2013.830496,doi,0
10.1177/0272989X07302132,doi,0
10.1016/j.jlp.2011.11.014,doi,0
10.3102/1076998609346967,doi,0
10.1080/00461520.2012.670488,doi,0
10.1080/00273170903333665,doi,0
10.1007/BF02291552,doi,0
10.1007/s13253-010-0043-5,doi,0
10.1348/096317905X52869,doi,0
10.1108/IJEBR-06-2015-0142,doi,0
10.3310/hta16110,doi,0
10.1002/sim.5494,doi,0
10.1016/j.jamcollsurg.2013.07.386,doi,0
10.1007/BF01065485,doi,0
10.2202/1557-4679.1350,doi,0
10.1002/sim.3460,doi,0
10.1186/1471-2288-10-64,doi,0
10.1007/BF02294828,doi,0
10.1177/0149206314546750,doi,0
10.3102/1076998615621299,doi,0
10.1007/s10648-014-9287-x,doi,0
10.1097/IJG.0b013e31820bd1fd,doi,0
10.1177/0010414009332136,doi,0
10.1080/1359432X.2015.1028378,doi,0
10.1037/1082-989X.10.3.259,doi,0
10.1016/0749-5978(87)90045-8,doi,0
10.1007/BF02294746,doi,0
10.1093/esr/jcu049,doi,0
10.1214/15-BA962,doi,0
10.1016/j.jspi.2005.01.002,doi,0
10.1016/j.addbeh.2005.04.006,doi,0
10.1016/j.jsp.2013.05.005,doi,0
10.1159/000360485,doi,0
10.3390/su71215810,doi,0
10.1186/1471-2288-7-34,doi,0
10.1007/BF02294246,doi,0
10.1002/sim.6163,doi,0
10.1017/CBO9781107587991,doi,0
10.1177/0049124106289164,doi,0
10.1080/09540129850124460,doi,0
10.1080/01402382.2014.887878,doi,0
10.1080/01621459.1983.10477920,doi,0
10.3310/hta17590,doi,0
10.1016/j.sste.2011.07.001,doi,0
10.1016/0304-4076(83)90093-3,doi,0
10.1007/BF02294210,doi,0
10.1007/BF02296397,doi,0
10.1037/a0026802,doi,0
10.1207/S15328007SEM0904_8,doi,0
10.1097/PSY.0b013e3182736971,doi,0
10.1148/radiol.2015150034,doi,0
10.1037/1082-989X.4.2.139,doi,0
10.1146/annurev.fluid.010908.165248,doi,0
10.1016/j.stamet.2012.08.003,doi,0
10.1080/104852502310001652629,doi,0
10.1016/S0167-7152(00)00182-6,doi,0
10.1093/biomet/82.3.639,doi,0
10.3389/fpsyg.2015.01599,doi,0
10.1177/1471082X0901000404,doi,0
10.1093/ijpor/edp021,doi,0
10.1111/aphw.12011,doi,0
10.2165/11594990-000000000-00000,doi,0
10.1136/bmjopen-2015-009013,doi,0
10.1016/j.psychsport.2015.11.004,doi,0
10.1002/sim.1020,doi,0
10.1177/1094428109342899,doi,0
10.1111/j.1467-9868.2004.05304.x,doi,0
10.1111/j.0006-341X.2004.00224.x,doi,0
10.2202/1544-6115.1414,doi,0
10.1111/j.1467-985X.2007.00487.x,doi,0
10.1002/sim.2666,doi,0
10.1002/wics.1218,doi,0
10.17645/pag.v4i1.458,doi,0
10.1007/BF02296207,doi,0
10.1002/(SICI)1097-0258(19990715)18:13<1587::AID-SIM141>3.0.CO;2-Z,doi,0
10.1177/1094428111428356,doi,0
10.1177/0170840603024003910,doi,0
10.1016/j.ejpoleco.2005.10.005,doi,0
10.1016/j.ijresmar.2003.11.002,doi,0
10.1016/j.csda.2010.03.008,doi,0
10.1016/j.jval.2014.10.006,doi,0
10.1037/a0035889,doi,0
10.1037/1082-989X.12.3.317,doi,0
10.1890/08-0219.1,doi,0
10.1027/1614-2241/a000029,doi,0
10.1177/0013164409355693,doi,0
10.1161/STROKEAHA.108.515460,doi,0
10.1080/0267257X.2012.698637,doi,0
10.1177/0020715215587772,doi,0
10.1177/1548051815614321,doi,0
10.1111/rssc.12013,doi,0
10.1016/0030-5073(76)90022-2,doi,0
10.1016/B978-012372560-8/50040-1,doi,0
10.1038/sj.jea.7500182,doi,0
10.1111/j.1365-2753.2008.01010.x,doi,0
10.1002/sim.1091,doi,0
10.1111/j.1467-985X.2005.00389.x,doi,0
10.1177/0272431613498646,doi,0
10.1177/0013164405278558,doi,0
10.3102/0002831207308230,doi,0
10.1080/10618600.1995.10474663,doi,0
10.1080/13803611.2012.702991,doi,0
10.1177/0049124110371312,doi,0
10.1038/jes.2015.44,doi,0
10.1214/11-STS358,doi,0
10.1080/10705511.2011.557329,doi,0
10.1037/a0020141,doi,0
10.1037/1082-989X.12.4.434,doi,0
10.1080/10705511.2012.634712,doi,0
10.1111/1467-9248.12176,doi,0
10.1002/sim.4326,doi,0
10.1111/hepr.12467,doi,0
10.1002/bimj.201300288,doi,0
10.1080/10439463.2013.878344,doi,0
10.1214/08-AOS619,doi,0
10.1177/0165025409343765,doi,0
10.1007/978-0-387-73186-5_8,doi,0
10.1177/0049124113494575,doi,0
10.1198/jasa.2010.ap09237,doi,0
10.1198/016214506000000753,doi,0
10.1198/000313006X90305,doi,0
10.1111/insr.12067,doi,0
10.1016/j.jclinepi.2014.08.012,doi,0
10.1016/j.scitotenv.2009.07.039,doi,0
10.2307/2533273,doi,0
10.1111/j.1467-985X.2008.00593.x,doi,0
10.1002/sim.6471,doi,0
10.1002/sim.3441,doi,0
10.1002/jrsm.1129,doi,0
10.1080/01621459.1992.10475289,doi,0
10.1007/BF00143942,doi,0
10.1016/0270-0255(86)90088-6,doi,0
10.1016/j.prevetmed.2015.12.010,doi,0
10.1198/016214506000000104,doi,0
10.1007/978-0-387-73186-5_9,doi,0
10.1080/00273171.2010.519276,doi,0
10.1007/s10928-012-9263-3,doi,0
10.2501/S1470785309200402,doi,0
10.1186/2046-4053-3-11,doi,0
10.1007/978-1-4939-2104-1_42,doi,0
10.1002/sim.1980,doi,0
10.1016/j.electstud.2015.03.002,doi,0
10.1093/biomet/70.1.41,doi,0
10.1080/01621459.1984.10478078,doi,0
10.1080/00031305.1985.10479383,doi,0
10.1037/0021-9010.88.4.694,doi,0
10.3102/1076998609332756,doi,0
10.1177/0958928714542732,doi,0
10.1037/h0037350,doi,0
10.1007/BF02294461,doi,0
10.1016/S0169-7161(07)27002-6,doi,0
10.1093/biomet/79.4.797,doi,0
10.2307/2533160,doi,0
10.1111/ajps.12212,doi,0
10.1016/j.lindif.2015.06.003,doi,0
10.1111/biom.12269,doi,0
10.1080/19466315.2013.852617,doi,0
10.1037/0021-9010.71.2.302,doi,0
10.1016/j.jval.2013.09.006,doi,0
10.1002/sim.2575,doi,0
10.1016/j.amjmed.2009.05.021,doi,0
10.1111/j.1600-0447.2006.00914.x,doi,0
10.1126/science.277.5328.918,doi,0
10.1093/aje/kwm167,doi,0
10.1093/biomet/73.3.755,doi,0
10.1080/10705511003659375,doi,0
10.1037/1082-989X.13.2.150,doi,0
10.1080/10705511.2012.687669,doi,0
10.1111/j.1467-985X.2011.00685.x,doi,0
10.3310/hta16350,doi,0
10.1136/bmjopen-2014-005644,doi,0
10.1198/108571102726,doi,0
10.1037/a0014268,doi,0
10.1177/1094428107308906,doi,0
10.1111/j.1460-2466.2006.00317.x,doi,0
10.1026/0932-4089/a000165,doi,0
10.1037/0021-9010.62.5.529,doi,0
10.1002/jrsm.1103,doi,0
10.1024/1010-0652/a000059,doi,0
10.1371/journal.pone.0096002,doi,0
10.1002/sim.3067,doi,0
10.1002/9780470723586,doi,0
10.1186/1471-2288-9-10,doi,0
10.1080/00273171.2011.625310,doi,0
10.1016/j.lisr.2012.11.006,doi,0
10.1093/acprof:oso/9780195152968.001.0001,doi,0
10.1177/1065912914534534,doi,0
10.1111/1475-6765.12096,doi,0
10.1080/02664763.2015.1010491,doi,0
10.1016/j.electstud.2016.01.008,doi,0
10.1371/journal.pone.0106528,doi,0
10.1371/journal.pone.0075946,doi,0
10.1080/15374416.2013.777917,doi,0
10.1037/a0033950,doi,0
10.1017/CBO9781139941433.011,doi,0
10.1007/s11121-014-0505-z,doi,0
10.2980/20-3-3599,doi,0
10.1093/aje/kwq472,doi,0
10.1207/s15327906mbr4103_4,doi,0
10.1002/sim.2530,doi,0
10.1080/10705510902751275,doi,0
10.1002/9781118358887,doi,0
10.1002/tea.20313,doi,0
10.1348/000711001159546,doi,0
10.1348/000711004849259,doi,0
10.1214/088342304000000080,doi,0
10.1111/1467-9868.00353,doi,0
10.1186/s12874-015-0031-0,doi,0
10.1080/09644016.2011.589577,doi,0
10.1111/j.1468-0491.2011.01521.x,doi,0
10.1093/esr/jcq071,doi,0
10.1111/spsr.12184,doi,0
10.1177/0899764010362114,doi,0
10.1057/ap.2013.32,doi,0
10.1111/spsr.12125,doi,0
10.1007/s11109-011-9164-y,doi,0
10.1080/00220973.2014.919569,doi,0
10.1023/A:1022930918859,doi,0
10.1177/0049124106289112,doi,0
10.1111/ajps.12001,doi,0
10.1207/S15328007SEM0702_1,doi,0
10.1160/TH11-08-0586,doi,0
10.1080/10705511.2014.919828,doi,0
10.1037//0021-9010.86.1.145,doi,0
10.1002/sim.4040,doi,0
10.3168/jds.2010-3836,doi,0
10.1371/journal.pone.0096606,doi,0
10.1177/1354068814549339,doi,0
10.1080/1743727X.2014.885012,doi,0
10.1191/096228001678227794,doi,0
10.1177/0272989X08324036,doi,0
10.1002/sim.2934,doi,0
10.1080/00401706.1984.10487921,doi,0
10.1016/j.jsp.2013.12.002,doi,0
10.1016/j.tvjl.2013.03.010,doi,0
10.1016/j.jenvrad.2015.05.007,doi,0
10.1007/BF02294363,doi,0
10.1080/01621459.1987.10478458,doi,0
10.1016/j.ssresearch.2015.12.006,doi,0
10.1088/0004-637X/811/2/78,doi,0
10.1371/journal.pone.0087597,doi,0
10.1186/s12874-015-0007-0,doi,0
10.1002/sim.1187,doi,0
10.1177/0013161X11400185,doi,0
10.2147/BTT.S37606,doi,0
10.1016/j.fishres.2014.11.016,doi,0
10.1016/j.fishres.2014.02.036,doi,0
10.1080/13636820.2012.727849,doi,0
10.1016/j.jecp.2014.02.001,doi,0
10.1002/wics.1308,doi,0
10.1007/s11577-013-0233-6,doi,0
10.1016/S0065-2660(07)00413-0,doi,0
10.1080/03610920903145154,doi,0
10.1080/10705511003659318,doi,0
10.1007/s10457-013-9622-0,doi,0
10.1093/ije/dys041,doi,0
10.1177/1740774511430714,doi,0
10.1093/oxfordhb/9780195394399.013.0012,doi,0
10.1016/j.socscimed.2011.11.023,doi,0
10.1002/pst.1741,doi,0
10.1586/14737167.2015.1011131,doi,0
10.1002/jrsm.1167,doi,0
10.1080/00273171.2014.955604,doi,0
10.1016/j.ssresearch.2014.05.011,doi,0
10.3102/1076998607302626,doi,0
10.1080/01621459.2013.779832,doi,0
10.1111/cdev.12169,doi,0
10.1177/0020852314563899,doi,0
10.3758/s13428-014-0469-8,doi,0
10.1016/j.electstud.2014.06.008,doi,0
10.1080/03055698.2015.955750,doi,0
10.1002/env.873,doi,0
10.3102/1076998610396895,doi,0
10.1002/jrsm.1164,doi,0
10.1136/bmjopen-2015-010160,doi,0
10.1136/bmjopen-2015-010251,doi,0
10.1371/journal.pone.0039059,doi,0
10.1017/S0003055408080398,doi,0
10.1016/j.ecresq.2014.05.010,doi,0
10.1027/1015-5759/a000232,doi,0
10.1016/S0169-7161(05)25020-4,doi,0
10.1002/9780470181218.ch7,doi,0
10.1007/s00477-007-0139-9,doi,0
10.1007/s10928-008-9108-2,doi,0
10.1007/978-3-319-20585-4_10,doi,0
10.1016/j.cmpb.2006.02.006,doi,0
10.1111/add.12278,doi,0
10.1080/10618600.2013.785732,doi,0
10.1080/10705511.2014.935256,doi,0
10.1080/00273171.2013.784861,doi,0
10.1515/9783110267709,doi,0
10.1007/s11121-014-0519-6,doi,0
10.1002/sim.1189,doi,0
10.1186/1471-2288-12-64,doi,0
10.1002/sim.6131,doi,0
10.1002/sim.5745,doi,0
10.1080/01621459.1990.10474930,doi,0
10.1016/j.ssresearch.2010.09.012,doi,0
10.1111/j.1540-5907.2006.00187.x,doi,0
10.1111/j.1530-0277.2007.00596.x,doi,0
10.1002/9781119942986,doi,0
10.1111/jcom.12115,doi,0
10.1890/12-0156.1,doi,0
10.1080/1369183X.2014.996534,doi,0
10.1080/00031305.1989.10475663,doi,0
10.1002/hec.1781,doi,0
10.1037/1082-989X.12.1.58,doi,0
10.1016/0167-8116(94)90033-7,doi,0
10.1016/j.aap.2015.06.002,doi,0
10.1037/a0015858,doi,0
10.1111/spsr.12179,doi,0
10.1111/j.1745-9125.2008.00123.x,doi,0
10.1016/j.spl.2015.02.022,doi,0
10.1080/00031305.2014.955211,doi,0
10.1080/10705511.2010.489003,doi,0
10.1080/02664763.2013.785491,doi,0
10.1093/biomet/asn048,doi,0
10.14257/ijsh.2016.10.1.15,doi,0
10.1207/s15327906mbr4001_5,doi,0
10.1016/j.csda.2008.03.030,doi,0
10.1016/j.jmva.2009.05.001,doi,0
10.1007/s11336-008-9088-6,doi,0
10.1016/S0169-7161(06)26010-3,doi,0
10.1037/a0016972,doi,0
10.1186/s12939-015-0217-4,doi,0
10.1016/j.jneumeth.2011.10.025,doi,0
10.1080/00949655.2012.690763,doi,0
10.1177/0165025407077764,doi,0
10.1080/10705510802339106,doi,0
10.1162/003465304323023705,doi,0
10.1214/088342306000000015,doi,0
10.1016/j.jspi.2012.01.005,doi,0
10.1111/j.1541-0420.2012.01807.x,doi,0
10.1080/00031305.2015.1111260,doi,0
10.1007/978-3-658-08385-4,doi,0
10.1177/0149206313501200,doi,0
10.1177/0149206314549252,doi,0
10.1080/00949655.2014.935377,doi,0
10.1093/jjfinec/nbs009,doi,0
10.1080/00273171003680336,doi,0
10.1577/T06-108.1,doi,0
10.3389/fpsyg.2016.00289,doi,0
10.1198/106186008X287337,doi,0
10.1214/08-AOAS191,doi,0
10.1177/0272989X12453504,doi,0
10.1007/s11336-003-1108-y,doi,0
10.1348/000711005X38951,doi,0
10.1590/S0103-90162011000200015,doi,0
10.1093/biostatistics/kxp053,doi,0
10.1016/j.cmpb.2010.05.003,doi,0
10.1080/10543406.2013.863780,doi,0
10.1016/j.jmva.2009.04.015,doi,0
10.1198/jasa.2009.tm08564,doi,0
10.1177/0272989X02239653,doi,0
10.1186/1471-2288-14-103,doi,0
10.1002/jrsm.1153,doi,0
10.1002/cjs.5550340302,doi,0
10.1177/0272989X09341752,doi,0
10.1007/s10742-012-0079-9,doi,0
10.1111/rssa.12022,doi,0
10.5705/ss.2010.106,doi,0
10.1186/1476-072X-13-36,doi,0
10.1093/biomet/89.3.553,doi,0
10.1016/j.jmva.2005.06.001,doi,0
10.1016/j.jspi.2003.09.026,doi,0
10.1002/hec.804,doi,0
10.1111/1467-985X.00283,doi,0
10.1002/sim.5866,doi,0
10.1007/s11336-013-9328-2,doi,0
10.1002/(SICI)1098-2272(1999)17:2<118::AID-GEPI3>3.0.CO;2-V,doi,0
10.2202/1557-4679.1195,doi,0
10.1002/sim.5821,doi,0
10.1046/j.0039-0402.2003.00256.x,doi,0
10.1002/sim.3747,doi,0
10.1016/j.csda.2010.04.015,doi,0
10.1016/j.jeconom.2006.07.014,doi,0
10.1016/j.jmva.2015.12.004,doi,0
10.1080/01621459.1990.10475312,doi,0
10.1002/sim.3196,doi,0
10.1177/0962280207088026,doi,0
10.1037//0021-9010.86.3.468,doi,0
10.1027/1614-2241/a000062,doi,0
10.1007/s00231-013-1213-0,doi,0
10.1002/hec.1496,doi,0
10.1504/IJSTM.2007.013922,doi,0
10.2217/cer.14.29,doi,0
10.1186/1471-2288-14-92,doi,0
10.1111/j.2044-8317.2011.02036.x,doi,0
10.1016/S0148-2963(00)00127-2,doi,0
10.1016/j.jmva.2011.01.001,doi,0
10.1111/j.1541-0420.2005.00499.x,doi,0
10.1016/j.paid.2015.02.023,doi,0
10.1016/S0167-9473(01)00058-5,doi,0
10.1002/sim.3648,doi,0
10.1093/mnras/stv2501,doi,0
10.1002/sim.2423,doi,0
10.1002/sim.3858,doi,0
10.1016/j.ecolmodel.2011.11.001,doi,0
10.1016/j.jmp.2012.02.001,doi,0
10.1080/00220973.2015.1027805,doi,0
10.1080/01621459.1994.10476828,doi,0
10.1007/s11336-005-1350-6,doi,0
10.1080/0094965031000147713,doi,0
10.1016/j.ecolmodel.2011.01.007,doi,0
10.2165/11539870-000000000-00000,doi,0
10.1007/s13595-015-0530-5,doi,0
10.1002/env.877,doi,0
10.1016/j.ijresmar.2004.01.002,doi,0
10.1002/sim.2704,doi,0
10.1007/s10463-007-0127-3,doi,0
10.1002/1097-0258(20010215)20:3<435::AID-SIM804>3.0.CO;2-E,doi,0
10.3102/1076998609332752,doi,0
10.1198/000313008X331530,doi,0
10.1002/sim.2639,doi,0
10.1214/11-BA609,doi,0
10.1198/016214508000000724,doi,0
10.1080/00949650212842,doi,0
10.1080/00273171.2014.973990,doi,0
10.1016/0304-4076(94)90064-7,doi,0
10.1111/rssc.12107,doi,0
10.1016/j.prevetmed.2009.10.004,doi,0
10.1002/sim.6062,doi,0
10.1111/j.1541-0420.2009.01227.x,doi,0
10.1177/0962280211432219,doi,0
10.5194/aab-58-277-2015,doi,0
10.1080/00949650701519635,doi,0
10.1198/000313006X117837,doi,0
10.1016/j.jmva.2012.05.010,doi,0
10.5705/ss.2009.180,doi,0
10.1186/1471-2288-11-77,doi,0
10.1348/000711004849204,doi,0
10.1002/sim.3043,doi,0
10.1214/06-BA117C,doi,0
10.1080/01621459.1969.10501064,doi,0
10.1016/j.yrtph.2009.01.011,doi,0
10.1097/01.ede.0000256320.30737.c0,doi,0
10.1002/env.850,doi,0
10.1198/106186006X160681,doi,0
10.5705/ss.2009.319,doi,0
10.1287/mksc.1040.0088,doi,0
10.1007/s00180-010-0215-3,doi,0
10.1007/s11336-008-9060-5,doi,0
10.1007/BF02293896,doi,0
10.1016/j.jbi.2007.01.003,doi,0
10.1080/01621459.1987.10478490,doi,0
10.1007/s13253-013-0137-y,doi,0
10.1046/j.0039-0402.2003.00255.x,doi,0
10.1111/j.1467-9868.2007.00612.x,doi,0
10.1177/0146621613517165,doi,0
10.1016/j.jmva.2014.12.013,doi,0
10.1016/j.jspi.2008.05.036,doi,0
10.1016/j.jspi.2010.03.046,doi,0
10.1016/j.jspi.2006.08.008,doi,0
10.1016/j.jmva.2014.06.001,doi,0
10.1002/sim.6631,doi,0
10.3141/2392-04,doi,0
10.1186/1471-2288-12-34,doi,0
10.1080/01621459.1991.10475080,doi,0
10.1111/j.1467-9469.2006.00492.x,doi,0
10.1159/000313852,doi,0
10.1080/01621459.1975.10479864,doi,0
10.1080/00273171.2011.589274,doi,0
10.1214/12-BA722,doi,0
10.1111/j.1467-985X.2008.00552.x,doi,0
10.1214/07-BA221,doi,0
10.1016/j.jempfin.2014.09.006,doi,0
10.1287/mksc.1040.0100,doi,0
10.1016/j.jglr.2014.07.006,doi,0
10.1111/bmsp.12058,doi,0
10.1016/j.jmva.2012.11.010,doi,0
10.1348/000711007X255336,doi,0
10.1214/15-BA953,doi,0
10.1007/s11222-012-9343-7,doi,0
10.1080/00273171.2015.1090899,doi,0
10.1002/sim.6573,doi,0
10.1198/106186006X160050,doi,0
10.1080/01621459.1991.10475006,doi,0
10.1002/sim.3124,doi,0
10.1093/biomet/90.4.809,doi,0
10.1002/bimj.201400232,doi,0
10.1007/s40273-013-0067-0,doi,0
10.1002/1097-0258(20010215)20:3<453::AID-SIM803>3.0.CO;2-L,doi,0
10.1111/j.1467-842X.2011.00623.x,doi,0
10.1191/096228001682157616,doi,0
10.1002/(SICI)1097-0258(19971215)16:23<2741::AID-SIM703>3.0.CO;2-0,doi,0
10.1214/13-STS418,doi,0
10.1016/j.jmva.2014.11.007,doi,0
10.1515/1557-4679.1360,doi,0
10.1371/journal.pone.0058369,doi,0
10.1214/12-BA729,doi,0
10.1186/1471-2288-13-2,doi,0
10.1093/pan/mpm006,doi,0
10.1198/016214502388618942,doi,0
10.1515/JOS-2016-0009,doi,0
10.1177/0149206314551964,doi,0
10.1080/10485250802613558,doi,0
10.1002/1098-2272(200009)19:2<127::AID-GEPI2>3.0.CO;2-S,doi,0
10.1016/j.jsr.2013.03.003,doi,0
10.1002/sim.2393,doi,0
10.1371/journal.pone.0025635,doi,0
10.1123/jsep.2014-0330,doi,0
10.1016/j.csda.2012.04.016,doi,0
10.1111/j.1541-0420.2008.01107.x,doi,0
10.1214/13-AOAS702,doi,0
10.1016/j.jspi.2012.09.006,doi,0
10.3389/fpsyg.2013.00770,doi,0
10.1093/biomet/89.3.553,doi,0
10.1214/06-BA117A,doi,0
10.1016/S0927-5398(03)00007-0,doi,0
10.1198/016214502388618942,doi,0
10.1177/1094428107300343,doi,0
10.1037/0022-006X.65.4.599,doi,0
10.1037/0021-9010.69.2.307,doi,0
10.1207/s15327906mbr3904_4,doi,0
10.1002/9780470024737,doi,0
10.1002/sim.3680,doi,0
10.1207/s15327906mbr3001_3,doi,0
10.1037//1082-989X.7.1.83,doi,0
10.1348/000711001159546,doi,0
10.1207/S15328007SEM0904_4,doi,0
10.3758/s13428-014-0526-3,doi,0
10.1007/978-3-319-11424-8_6,doi,0
10.1037/a0035147,doi,0
10.3402/ejpt.v6.27516,doi,0
10.1080/10705511.2014.937322,doi,0
10.3402/ejpt.v6.25216,doi,0
10.1080/00031305.1992.10475878,doi,0
10.1080/10705510701758281,doi,0
10.1109/TPAMI.1984.4767596,doi,0
10.1002/sim.2112,doi,0
10.1037/1082-989X.10.1.21,doi,0
10.1080/10705511003659318,doi,0
10.1037/a0030642,doi,0
10.1177/1094428104263672,doi,0
10.1037/a0025813,doi,0
10.1002/sim.1524,doi,0
10.1027/1614-2241/a000062,doi,0
10.1214/06-BA117,doi,0
10.1080/10705511.2013.742404,doi,0
10.1198/jbes.2010.07136,doi,0
10.1080/00949659208811388,doi,0
10.1037/1082-989X.12.2.121,doi,0
10.3758/BRM.41.2.372,doi,0
10.1037/1082-989X.9.4.466,doi,0
10.1037/a0024338,doi,0
10.1523/JNEUROSCI.0362-10.2010,doi,0
10.1002/sim.3478,doi,0
10.1080/03610919508813280,doi,0
10.3200/JEXE.73.3.221-248,doi,0
10.3102/0162373707299706,doi,0
10.1080/00220973.2014.952397,doi,0
10.1016/j.csda.2006.05.021,doi,0
10.1080/01621459.1984.10477102,doi,0
10.2307/2533558,doi,0
10.1016/j.csda.2008.12.013,doi,0
10.1177/1094428112457829,doi,0
10.1093/biomet/73.1.13,doi,0
10.1111/j.1541-0420.2007.00764.x,doi,0
10.1046/j.0039-0402.2003.00252.x,doi,0
10.1027/1614-2241.1.3.86,doi,0
10.1016/j.csda.2003.10.005,doi,0
10.3102/1076998615621299,doi,0
10.1002/bimj.200390021,doi,0
10.1002/sim.1142,doi,0
10.1093/rfs/hhn053,doi,0
10.1214/12-BA730,doi,0
10.1198/108571102726,doi,0
10.1002/sim.4073,doi,0
10.1002/sim.4072,doi,0
10.1198/108571105X58199,doi,0
10.1111/ajps.12001,doi,0
10.1023/A:1011098109834,doi,0
10.1023/B:EJEP.0000036572.00663.f2,doi,0
10.1207/s15327906mbr4002_2,doi,0
10.1111/cdev.12169,doi,0
10.1002/sim.5709,doi,0
10.1016/j.cct.2012.05.004,doi,0
10.1177/0149206314549252,doi,0
10.1007/s11222-006-7072-5,doi,0
10.1093/biomet/82.1.81,doi,0
10.1080/00401706.1976.10489397,doi,0
10.1111/j.1467-9868.2004.00438.x,doi,0
10.1002/sim.1470,doi,0
10.1002/sim.2211,doi,0
10.1093/biomet/58.3.545,doi,0
10.1080/01621459.1987.10478472,doi,0
10.1034/j.1600-0420.2001.790304.x,doi,0
10.1002/1097-0258(20010215)20:3<435::AID-SIM804>3.0.CO;2-E,doi,0
10.2307/2532845,doi,0
10.2307/2533455,doi,0
10.1080/00949659308811554,doi,0
10.1002/sim.5866,doi,0
10.1080/02664763.2012.710896,doi,0
10.1080/03610920903145154,doi,0
10.1348/000711005X38951,doi,0
10.1080/00031305.2013.817357,doi,0
10.1177/0146621605279761,doi,0
10.1007/BF02294363,doi,0
10.1177/0146621602026001007,doi,0
10.1037/1082-989X.12.1.58,doi,0
10.1007/BF02294492,doi,0
10.1080/02664760903093625,doi,0
10.1207/s15328007sem1202_5,doi,0
10.1371/journal.pone.0148171,doi,0
10.2307/2532317,doi,0
10.1534/genetics.115.186114,doi,0
10.1016/j.jmva.2006.08.003,doi,0
10.1016/j.csda.2006.10.005,doi,0
10.1016/j.jcp.2016.02.056,doi,0
10.1109/JSTSP.2015.2407855,doi,0
10.1214/11-BA631,doi,0
10.1214/105051606000000510,doi,0
10.1002/sim.7572,doi,0
10.1037/met0000073,doi,0
10.1080/10705511.2015.1062730,doi,0
10.1016/j.neuroimage.2015.05.041,doi,0
10.1080/00273171.2014.1003770,doi,0
10.1002/sim.7612,doi,0
10.1016/j.nicl.2018.01.027,doi,0
10.1007/s11336-017-9587-4,doi,0
10.1037/met0000112,doi,0
10.1002/sim.7374,doi,0
10.1002/sim.7347,doi,0
10.1080/00273171.2017.1342203,doi,0
10.1016/j.neuroimage.2017.02.083,doi,0
10.1080/00273171.2017.1306432,doi,0
10.1037/met0000145,doi,0
10.1080/00273171.2017.1292893,doi,0
10.1080/10618600.2016.1164709,doi,0
10.3758/s13428-016-0739-8,doi,0
10.1515/sagmb-2016-0051,doi,0
10.1016/j.neuroimage.2017.01.052,doi,0
10.1080/10705511.2016.1185723,doi,0
10.1093/bioinformatics/btw207,doi,0
10.1080/00273171.2016.1168279,doi,0
10.1007/s11336-015-9492-7,doi,0
10.1111/biom.12411,doi,0
10.1016/j.neuroimage.2014.12.025,doi,0
10.1080/00273171.2014.973990,doi,0
10.1155/2015/592626,doi,0
10.1111/bmsp.12041,doi,0
10.1037/met0000094,doi,0
10.1080/17437199.2017.1343676,doi,0
10.3758/s13428-018-1054-3,doi,0
10.3102/0034654317727727,doi,0
10.1007/s11306-017-1164-4,doi,0
10.1111/bmsp.12081,doi,0
10.1080/00273171.2016.1167008,doi,0
10.1080/00273171.2015.1065398,doi,0
10.1002/gepi.21960,doi,0
10.1007/s11336-014-9417-x,doi,0
10.1002/sim.6737,doi,0
10.1080/00273171.2015.1093459,doi,0
10.1080/00273171.2015.1114911,doi,0
10.1093/biostatistics/kxv036,doi,0
10.1007/s10742-015-0139-z,doi,0
10.1111/mec.13447,doi,0
10.1111/biom.12299,doi,0
10.1080/00273171.2014.1003772,doi,0
10.11990/jheu.201405068,doi,0
10.1080/00273171.2015.1090899,doi,0
10.1111/biom.12278,doi,0
10.1534/g3.115.019299,doi,0
10.1111/biom.12294,doi,0
10.1109/JBHI.2016.2532354,doi,0
10.1080/07350015.2015.1052457,doi,0
10.1111/jtsa.12182,doi,0
10.1007/s12561-014-9124-2,doi,0
10.1371/journal.pone.0129293,doi,0
10.1093/annonc/mdv238,doi,0
10.1016/j.cct.2017.06.009,doi,0
10.3758/s13428-016-0823-0,doi,0
10.1186/s12918-015-0190-y,doi,0
