[{"id": "https://openalex.org/W2111047393", "doi": "https://doi.org/10.1516/rfee-lkpn-b7tf-kpdu", "title": "Are psychodynamic and psychoanalytic therapies effective? A review of empirical data", "display_name": "Are psychodynamic and psychoanalytic therapies effective? A review of empirical data", "publication_year": 2005, "publication_date": "2005-06-01", "ids": {"openalex": "https://openalex.org/W2111047393", "doi": "https://doi.org/10.1516/rfee-lkpn-b7tf-kpdu", "mag": "2111047393", "pmid": "https://pubmed.ncbi.nlm.nih.gov/16096078"}, "primary_location": {"is_oa": false, "landing_page_url": "https://doi.org/10.1516/rfee-lkpn-b7tf-kpdu", "pdf_url": null, "source": {"id": "https://openalex.org/S19117828", "display_name": "The International Journal of Psychoanalysis", "issn_l": "0020-7578", "issn": ["1745-8315", "0020-7578"], "host_organization": "https://openalex.org/P4310320503", "host_organization_name": "Wiley-Blackwell", "type": "journal"}, "license": null, "version": null}, "host_venue": {"id": "https://openalex.org/S19117828", "issn_l": "0020-7578", "issn": ["1745-8315", "0020-7578"], "display_name": "The International Journal of Psychoanalysis", "publisher": "Wiley-Blackwell", "type": "journal", "url": null, "is_oa": false, "version": null, "license": null}, "type": "journal-article", "open_access": {"is_oa": false, "oa_status": "closed", "oa_url": null}, "authorships": [{"author_position": "first", "author": {"id": "https://openalex.org/A4331465062", "display_name": "Falk Leichsenring", "orcid": null}, "institutions": [{"id": "https://openalex.org/I74656192", "display_name": "University of G\u00f6ttingen", "ror": "https://ror.org/01y9bpm73", "country_code": "DE", "type": "education"}], "is_corresponding": false, "raw_affiliation_string": "Clinic of Tiefenbrunn and University of Gottingen, von Sieboldstr 5, D\u201037075, Gottingen, Germany \u2010"}], "cited_by_count": 192, "biblio": {"volume": "86", "issue": "3", "first_page": "841", "last_page": "868"}, "is_retracted": false, "is_paratext": false, "concepts": [{"id": "https://openalex.org/C5458421", "wikidata": "https://www.wikidata.org/wiki/Q2279219", "display_name": "Psychodynamic psychotherapy", "level": 2, "score": "0.7770237"}, {"id": "https://openalex.org/C102655426", "wikidata": "https://www.wikidata.org/wiki/Q940923", "display_name": "Psychodynamics", "level": 2, "score": "0.6992985"}, {"id": "https://openalex.org/C542102704", "wikidata": "https://www.wikidata.org/wiki/Q183257", "display_name": "Psychotherapist", "level": 1, "score": "0.670015"}, {"id": "https://openalex.org/C168563851", "wikidata": "https://www.wikidata.org/wiki/Q1436668", "display_name": "Randomized controlled trial", "level": 2, "score": "0.6519052"}, {"id": "https://openalex.org/C43450049", "wikidata": "https://www.wikidata.org/wiki/Q7256338", "display_name": "Psychoanalytic theory", "level": 2, "score": "0.6146809"}, {"id": "https://openalex.org/C15744967", "wikidata": "https://www.wikidata.org/wiki/Q9418", "display_name": "Psychology", "level": 0, "score": "0.49526444"}, {"id": "https://openalex.org/C2779549880", "wikidata": "https://www.wikidata.org/wiki/Q5542226", "display_name": "PsycINFO", "level": 3, "score": "0.49134508"}, {"id": "https://openalex.org/C2777031586", "wikidata": "https://www.wikidata.org/wiki/Q131749", "display_name": "Anorexia nervosa", "level": 3, "score": "0.48189265"}, {"id": "https://openalex.org/C2780600973", "wikidata": "https://www.wikidata.org/wiki/Q2712836", "display_name": "Borderline personality disorder", "level": 2, "score": "0.44953305"}, {"id": "https://openalex.org/C558461103", "wikidata": "https://www.wikidata.org/wiki/Q154430", "display_name": "Anxiety", "level": 2, "score": "0.43074358"}, {"id": "https://openalex.org/C2777308609", "wikidata": "https://www.wikidata.org/wiki/Q270673", "display_name": "Personality disorders", "level": 3, "score": "0.4240698"}, {"id": "https://openalex.org/C118552586", "wikidata": "https://www.wikidata.org/wiki/Q7867", "display_name": "Psychiatry", "level": 1, "score": "0.4072885"}, {"id": "https://openalex.org/C70410870", "wikidata": "https://www.wikidata.org/wiki/Q199906", "display_name": "Clinical psychology", "level": 1, "score": "0.38413486"}, {"id": "https://openalex.org/C2779473830", "wikidata": "https://www.wikidata.org/wiki/Q1540899", "display_name": "MEDLINE", "level": 2, "score": "0.35079837"}, {"id": "https://openalex.org/C71924100", "wikidata": "https://www.wikidata.org/wiki/Q11190", "display_name": "Medicine", "level": 0, "score": "0.3316958"}, {"id": "https://openalex.org/C2776394216", "wikidata": "https://www.wikidata.org/wiki/Q373822", "display_name": "Eating disorders", "level": 2, "score": "0.2989329"}, {"id": "https://openalex.org/C187288502", "wikidata": "https://www.wikidata.org/wiki/Q641118", "display_name": "Personality", "level": 2, "score": "0.2984752"}, {"id": "https://openalex.org/C11171543", "wikidata": "https://www.wikidata.org/wiki/Q41630", "display_name": "Psychoanalysis", "level": 1, "score": "0.093712"}, {"id": "https://openalex.org/C141071460", "wikidata": "https://www.wikidata.org/wiki/Q40821", "display_name": "Surgery", "level": 1, "score": "0.0"}, {"id": "https://openalex.org/C17744445", "wikidata": "https://www.wikidata.org/wiki/Q36442", "display_name": "Political science", "level": 0, "score": "0.0"}, {"id": "https://openalex.org/C199539241", "wikidata": "https://www.wikidata.org/wiki/Q7748", "display_name": "Law", "level": 1, "score": "0.0"}], "mesh": [{"descriptor_ui": "D001523", "descriptor_name": "Mental Disorders", "qualifier_ui": "Q000628", "qualifier_name": "therapy", "is_major_topic": true}, {"descriptor_ui": "D011575", "descriptor_name": "Psychoanalytic Therapy", "qualifier_ui": "Q000592", "qualifier_name": "standards", "is_major_topic": true}, {"descriptor_ui": "D011613", "descriptor_name": "Psychotherapy", "qualifier_ui": "Q000592", "qualifier_name": "standards", "is_major_topic": true}, {"descriptor_ui": "D036262", "descriptor_name": "Empirical Research", "qualifier_ui": "", "qualifier_name": null, "is_major_topic": false}, {"descriptor_ui": "D019317", "descriptor_name": "Evidence-Based Medicine", "qualifier_ui": "Q000706", "qualifier_name": "statistics & numerical data", "is_major_topic": false}, {"descriptor_ui": "D019317", "descriptor_name": "Evidence-Based Medicine", "qualifier_ui": "", "qualifier_name": null, "is_major_topic": false}, {"descriptor_ui": "D006801", "descriptor_name": "Humans", "qualifier_ui": "", "qualifier_name": null, "is_major_topic": false}, {"descriptor_ui": "D001523", "descriptor_name": "Mental Disorders", "qualifier_ui": "Q000523", "qualifier_name": "psychology", "is_major_topic": false}, {"descriptor_ui": "D001523", "descriptor_name": "Mental Disorders", "qualifier_ui": "", "qualifier_name": null, "is_major_topic": false}, {"descriptor_ui": "D010043", "descriptor_name": "Outcome and Process Assessment, Health Care", "qualifier_ui": "", "qualifier_name": null, "is_major_topic": false}, {"descriptor_ui": "D011369", "descriptor_name": "Professional-Patient Relations", "qualifier_ui": "", "qualifier_name": null, "is_major_topic": false}, {"descriptor_ui": "D011575", "descriptor_name": "Psychoanalytic Therapy", "qualifier_ui": "Q000379", "qualifier_name": "methods", "is_major_topic": false}, {"descriptor_ui": "D011575", "descriptor_name": "Psychoanalytic Therapy", "qualifier_ui": "", "qualifier_name": null, "is_major_topic": false}, {"descriptor_ui": "D013811", "descriptor_name": "Psychotherapeutic Processes", "qualifier_ui": "", "qualifier_name": null, "is_major_topic": false}, {"descriptor_ui": "D011613", "descriptor_name": "Psychotherapy", "qualifier_ui": "Q000379", "qualifier_name": "methods", "is_major_topic": false}, {"descriptor_ui": "D011613", "descriptor_name": "Psychotherapy", "qualifier_ui": "", "qualifier_name": null, "is_major_topic": false}, {"descriptor_ui": "D016032", "descriptor_name": "Randomized Controlled Trials as Topic", "qualifier_ui": "Q000706", "qualifier_name": "statistics & numerical data", "is_major_topic": false}, {"descriptor_ui": "D016032", "descriptor_name": "Randomized Controlled Trials as Topic", "qualifier_ui": "", "qualifier_name": null, "is_major_topic": false}, {"descriptor_ui": "D013997", "descriptor_name": "Time Factors", "qualifier_ui": "", "qualifier_name": null, "is_major_topic": false}, {"descriptor_ui": "D014167", "descriptor_name": "Transference, Psychology", "qualifier_ui": "", "qualifier_name": null, "is_major_topic": false}, {"descriptor_ui": "D016896", "descriptor_name": "Treatment Outcome", "qualifier_ui": "", "qualifier_name": null, "is_major_topic": false}], "locations": [{"is_oa": false, "landing_page_url": "https://doi.org/10.1516/rfee-lkpn-b7tf-kpdu", "pdf_url": null, "source": {"id": "https://openalex.org/S19117828", "display_name": "The International Journal of Psychoanalysis", "issn_l": "0020-7578", "issn": ["1745-8315", "0020-7578"], "host_organization": "https://openalex.org/P4310320503", "host_organization_name": "Wiley-Blackwell", "type": "journal"}, "license": null, "version": null}], "best_oa_location": null, "alternate_host_venues": [{"id": "https://openalex.org/S19117828", "display_name": "The International Journal of Psychoanalysis", "type": "journal", "url": null, "is_oa": false, "version": null, "license": null}], "referenced_works": ["https://openalex.org/W151280828", "https://openalex.org/W1620727328", "https://openalex.org/W1713240235", "https://openalex.org/W1779963665", "https://openalex.org/W1943864615", "https://openalex.org/W1966130655", "https://openalex.org/W1969083329", "https://openalex.org/W1973453002", "https://openalex.org/W1974389353", "https://openalex.org/W1978259838", "https://openalex.org/W1978364785", "https://openalex.org/W1980302628", "https://openalex.org/W1986815930", "https://openalex.org/W1986866660", "https://openalex.org/W1990266600", "https://openalex.org/W1994429252", "https://openalex.org/W1995199463", "https://openalex.org/W1995747562", "https://openalex.org/W1996255056", "https://openalex.org/W1996656533", "https://openalex.org/W1999455621", "https://openalex.org/W2002218021", "https://openalex.org/W2007782189", "https://openalex.org/W2009239169", "https://openalex.org/W2013047094", "https://openalex.org/W2019560712", "https://openalex.org/W2027503892", "https://openalex.org/W2037671669", "https://openalex.org/W2039556070", "https://openalex.org/W2041853216", "https://openalex.org/W2042379575", "https://openalex.org/W2046518705", "https://openalex.org/W2052196148", "https://openalex.org/W2052515392", "https://openalex.org/W2058857057", "https://openalex.org/W2068656431", "https://openalex.org/W2069107617", "https://openalex.org/W2071219538", "https://openalex.org/W2072158327", "https://openalex.org/W2075464540", "https://openalex.org/W2083256678", "https://openalex.org/W2085009106", "https://openalex.org/W2087213683", "https://openalex.org/W2087820444", "https://openalex.org/W2091031254", "https://openalex.org/W2098158363", "https://openalex.org/W2103536135", "https://openalex.org/W2107213488", "https://openalex.org/W2118764238", "https://openalex.org/W2119720111", "https://openalex.org/W2128405447", "https://openalex.org/W2128924366", "https://openalex.org/W2130198480", "https://openalex.org/W2134154453", "https://openalex.org/W2135490759", "https://openalex.org/W2140154493", "https://openalex.org/W2142080520", "https://openalex.org/W2143739415", "https://openalex.org/W2143761419", "https://openalex.org/W2148812124", "https://openalex.org/W2154975061", "https://openalex.org/W2158317857", "https://openalex.org/W2158514228", "https://openalex.org/W2159061031", "https://openalex.org/W2167896264", "https://openalex.org/W2168226052", "https://openalex.org/W2168621612", "https://openalex.org/W2169217816", "https://openalex.org/W2171087497", "https://openalex.org/W2258014050", "https://openalex.org/W2319983832", "https://openalex.org/W2412677955", "https://openalex.org/W2416802708", "https://openalex.org/W2416920372", "https://openalex.org/W2616141209", "https://openalex.org/W4229708130", "https://openalex.org/W4230621010", "https://openalex.org/W4230824719", "https://openalex.org/W4231404658", "https://openalex.org/W4231842558", "https://openalex.org/W4232555397", "https://openalex.org/W4235805978", "https://openalex.org/W4236609108", "https://openalex.org/W4237575907", "https://openalex.org/W4238846663", "https://openalex.org/W4239141594", "https://openalex.org/W4239794117", "https://openalex.org/W4240694165", "https://openalex.org/W4244305183", "https://openalex.org/W4245702838", "https://openalex.org/W4248880250", "https://openalex.org/W4249606250", "https://openalex.org/W4250271542", "https://openalex.org/W4253464225", "https://openalex.org/W4254691602", "https://openalex.org/W4254815208", "https://openalex.org/W4256113794", "https://openalex.org/W4256352231", "https://openalex.org/W4291733583", "https://openalex.org/W4293003888", "https://openalex.org/W4319292981"], "related_works": ["https://openalex.org/W153396321", "https://openalex.org/W161234730", "https://openalex.org/W654462739", "https://openalex.org/W1599334110", "https://openalex.org/W2018025294", "https://openalex.org/W2043442135", "https://openalex.org/W2323847414", "https://openalex.org/W2570814877", "https://openalex.org/W2792477693", "https://openalex.org/W2922314170"], "ngrams_url": "https://api.openalex.org/works/W2111047393/ngrams", "abstract_inverted_index": {"There": [0], "is": [1, 111, 248, 279], "a": [2, 41, 89, 138, 262], "need": [3], "for": [4, 53, 68, 82, 91, 114, 178, 189, 303], "empirical": [5, 51], "outcome": [6, 244], "research": [7, 100], "in": [8, 59, 166, 245], "psychodynamic": [9, 57, 77, 102, 128, 193, 246, 298], "and": [10, 22, 81, 133, 144, 150, 172, 233, 257, 290], "psychoanalytic": [11, 115, 120, 268, 277], "therapy.": [12, 299], "However,": [13], "both": [14], "the": [15, 23, 47, 50, 54, 107, 167, 176, 179, 190, 251, 259], "approach": [16], "of": [17, 25, 44, 56, 73, 76, 98, 101, 109, 119, 127, 159, 192, 241, 254, 261, 297], "empirically": [18], "supported": [19], "therapies": [20], "(EST)": [21], "procedures": [24], "evidence-based": [26], "medicine": [27], "(EBM)": [28], "have": [29], "severe": [30], "limitations": [31], "making": [32], "randomised": [33], "controlled": [34, 270], "trials": [35], "(RCTs)": [36], "an": [37], "absolute": [38], "standard.": [39], "After": [40], "critical": [42], "discussion": [43], "this": [45], "approach,": [46], "author": [48], "reviews": [49], "evidence": [52, 188, 275], "efficacy": [55, 191], "psychotherapy": [58, 78, 103, 129, 194, 247], "specific": [60, 74], "psychiatric": [61, 70, 181], "disorders.": [62], "The": [63], "review": [64], "aims": [65], "to": [66, 175, 239, 250, 258, 267], "identify": [67], "which": [69, 83, 160], "disorders": [71, 182, 198, 202, 235], "RCTs": [72, 110, 156], "models": [75], "are": [79, 85, 104, 122, 301], "available": [80], "they": [84], "lacking,": [86], "thus": [87], "providing": [88, 187], "basis": [90], "planning": [92], "further": [93], "research.": [94, 305], "In": [95, 147], "addition,": [96, 148], "results": [97, 240], "process": [99, 242], "presented.": [105], "As": [106], "methodology": [108], "not": [112, 163], "appropriate": [113], "therapy,": [116, 269], "effectiveness": [117, 272], "studies": [118, 273], "therapy": [121, 278], "reviewed": [123], "as": [124, 288], "well.": [125], "Studies": [126], "published": [130], "between": [131], "1960": [132], "2004": [134], "were": [135, 153, 157], "identified": [136, 158], "by": [137, 170], "computerised": [139], "search": [140], "using": [141], "Medline,": [142], "PsycINFO": [143], "Current": [145], "Contents.": [146], "textbooks": [149], "journal": [151], "articles": [152], "used.": [154], "Twenty-two": [155], "64%": [161], "had": [162], "been": [164], "included": [165], "1998": [168], "report": [169], "Chambless": [171], "Hollon.": [173], "According": [174, 238], "results,": [177], "following": [180], "at": [183], "least": [184], "one": [185], "RCT": [186], "was": [195], "identified:": [196], "depressive": [197], "(4": [199, 212, 236], "RCTs),": [200, 213, 217, 221, 226], "anxiety": [201], "(1": [203, 208, 231], "RCT),": [204, 209, 232], "post-traumatic": [205], "stress": [206], "disorder": [207, 211, 224, 230], "somatoform": [210], "bulimia": [214], "nervosa": [215, 219], "(3": [216], "anorexia": [218], "(2": [220, 225], "borderline": [222], "personality": [223, 229], "Cluster": [227], "C": [228], "substance-related": [234], "RCTs).": [237], "research,": [243], "related": [249], "competent": [252], "delivery": [253], "therapeutic": [255, 263], "techniques": [256], "development": [260], "alliance.": [264], "With": [265], "regard": [266], "quasi-experimental": [271], "provide": [274], "that": [276], "(1)": [280], "more": [281, 292], "effective": [282, 293], "than": [283, 294], "no": [284], "treatment": [285, 287], "or": [286], "usual,": [289], "(2)": [291], "shorter": [295], "forms": [296], "Conclusions": [300], "drawn": [302], "future": [304]}, "cited_by_api_url": "https://api.openalex.org/works?filter=cites:W2111047393", "counts_by_year": [{"year": 2023, "cited_by_count": 1}, {"year": 2022, "cited_by_count": 2}, {"year": 2021, "cited_by_count": 4}, {"year": 2020, "cited_by_count": 7}, {"year": 2019, "cited_by_count": 6}, {"year": 2018, "cited_by_count": 1}, {"year": 2017, "cited_by_count": 3}, {"year": 2016, "cited_by_count": 9}, {"year": 2015, "cited_by_count": 7}, {"year": 2014, "cited_by_count": 16}, {"year": 2013, "cited_by_count": 15}, {"year": 2012, "cited_by_count": 10}], "updated_date": "2023-04-01T00:59:42.106347", "created_date": "2016-06-24"}, {"id": "https://openalex.org/W2121811331", "doi": "https://doi.org/10.1176/appi.ajp.162.3.621", "title": "Impact of Trait Impulsivity and State Aggression on Divalproex Versus Placebo Response in Borderline Personality Disorder", "display_name": "Impact of Trait Impulsivity and State Aggression on Divalproex Versus Placebo Response in Borderline Personality Disorder", "publication_year": 2005, "publication_date": "2005-03-01", "ids": {"openalex": "https://openalex.org/W2121811331", "doi": "https://doi.org/10.1176/appi.ajp.162.3.621", "mag": "2121811331", "pmid": "https://pubmed.ncbi.nlm.nih.gov/15741486"}, "primary_location": {"is_oa": false, "landing_page_url": "https://doi.org/10.1176/appi.ajp.162.3.621", "pdf_url": null, "source": {"id": "https://openalex.org/S116025658", "display_name": "American Journal of Psychiatry", "issn_l": "0002-953X", "issn": ["1535-7228", "0002-953X"], "host_organization": "https://openalex.org/P4310316602", "host_organization_name": "American Psychiatric Association", "type": "journal"}, "license": null, "version": null}, "host_venue": {"id": "https://openalex.org/S116025658", "issn_l": "0002-953X", "issn": ["1535-7228", "0002-953X"], "display_name": "American Journal of Psychiatry", "publisher": "American Psychiatric Association", "type": "journal", "url": null, "is_oa": false, "version": null, "license": null}, "type": "journal-article", "open_access": {"is_oa": false, "oa_status": "closed", "oa_url": null}, "authorships": [{"author_position": "first", "author": {"id": "https://openalex.org/A2155775468", "display_name": "Eric Hollander", "orcid": "https://orcid.org/0000-0003-4196-0596"}, "institutions": [{"id": "https://openalex.org/I98704320", "display_name": "Icahn School of Medicine at Mount Sinai", "ror": "https://ror.org/04a9tmd77", "country_code": "US", "type": "education"}], "is_corresponding": null, "raw_affiliation_string": "Department of Psychiatry, Mount Sinai School of Medicine, 1 Gustave L. Levy Place, Box 1230, New York, NY 10029-6574, USA."}, {"author_position": "middle", "author": {"id": "https://openalex.org/A2100331963", "display_name": "Alan C. Swann", "orcid": null}, "institutions": [], "is_corresponding": null, "raw_affiliation_string": ""}, {"author_position": "middle", "author": {"id": "https://openalex.org/A300930754", "display_name": "Emil F. Coccaro", "orcid": "https://orcid.org/0000-0002-1595-0266"}, "institutions": [], "is_corresponding": null, "raw_affiliation_string": ""}, {"author_position": "middle", "author": {"id": "https://openalex.org/A2599463195", "display_name": "Ping Jiang", "orcid": null}, "institutions": [], "is_corresponding": null, "raw_affiliation_string": ""}, {"author_position": "last", "author": {"id": "https://openalex.org/A2329261501", "display_name": "Thomas J. Smith", "orcid": "https://orcid.org/0000-0001-5882-1934"}, "institutions": [], "is_corresponding": null, "raw_affiliation_string": ""}], "cited_by_count": 165, "biblio": {"volume": "162", "issue": "3", "first_page": "621", "last_page": "624"}, "is_retracted": false, "is_paratext": false, "concepts": [{"id": "https://openalex.org/C2780319597", "wikidata": "https://www.wikidata.org/wiki/Q1549918", "display_name": "Impulsivity", "level": 2, "score": "0.8497019"}, {"id": "https://openalex.org/C15744967", "wikidata": "https://www.wikidata.org/wiki/Q9418", "display_name": "Psychology", "level": 0, "score": "0.7093688"}, {"id": "https://openalex.org/C2779448149", "wikidata": "https://www.wikidata.org/wiki/Q191797", "display_name": "Aggression", "level": 2, "score": "0.70720506"}, {"id": "https://openalex.org/C2780600973", "wikidata": "https://www.wikidata.org/wiki/Q2712836", "display_name": "Borderline personality disorder", "level": 2, "score": "0.7038155"}, {"id": "https://openalex.org/C27081682", "wikidata": "https://www.wikidata.org/wiki/Q269829", "display_name": "Placebo", "level": 3, "score": "0.69782233"}, {"id": "https://openalex.org/C2779264955", "wikidata": "https://www.wikidata.org/wiki/Q4863261", "display_name": "Barratt Impulsiveness Scale", "level": 3, "score": "0.6797862"}, {"id": "https://openalex.org/C118552586", "wikidata": "https://www.wikidata.org/wiki/Q7867", "display_name": "Psychiatry", "level": 1, "score": "0.54566073"}, {"id": "https://openalex.org/C2777089681", "wikidata": "https://www.wikidata.org/wiki/Q4340609", "display_name": "Young Mania Rating Scale", "level": 5, "score": "0.5368432"}, {"id": "https://openalex.org/C70410870", "wikidata": "https://www.wikidata.org/wiki/Q199906", "display_name": "Clinical psychology", "level": 1, "score": "0.52285767"}, {"id": "https://openalex.org/C2908949014", "wikidata": "https://www.wikidata.org/wiki/Q240642", "display_name": "Divalproex", "level": 5, "score": "0.51465666"}, {"id": "https://openalex.org/C3017944768", "wikidata": "https://www.wikidata.org/wiki/Q1450463", "display_name": "Poison control", "level": 2, "score": "0.47222733"}, {"id": "https://openalex.org/C187288502", "wikidata": "https://www.wikidata.org/wiki/Q641118", "display_name": "Personality", "level": 2, "score": "0.46013182"}, {"id": "https://openalex.org/C2777308609", "wikidata": "https://www.wikidata.org/wiki/Q270673", "display_name": "Personality disorders", "level": 3, "score": "0.4223206"}, {"id": "https://openalex.org/C2776809841", "wikidata": "https://www.wikidata.org/wiki/Q185935", "display_name": "Mania", "level": 4, "score": "0.37684125"}, {"id": "https://openalex.org/C2776174506", "wikidata": "https://www.wikidata.org/wiki/Q131755", "display_name": "Bipolar disorder", "level": 3, "score": "0.27910626"}, {"id": "https://openalex.org/C2780733359", "wikidata": "https://www.wikidata.org/wiki/Q331769", "display_name": "Mood", "level": 2, "score": "0.21802351"}, {"id": "https://openalex.org/C71924100", "wikidata": "https://www.wikidata.org/wiki/Q11190", "display_name": "Medicine", "level": 0, "score": "0.20927364"}, {"id": "https://openalex.org/C77805123", "wikidata": "https://www.wikidata.org/wiki/Q161272", "display_name": "Social psychology", "level": 1, "score": "0.0"}, {"id": "https://openalex.org/C204787440", "wikidata": "https://www.wikidata.org/wiki/Q188504", "display_name": "Alternative medicine", "level": 2, "score": "0.0"}, {"id": "https://openalex.org/C99454951", "wikidata": "https://www.wikidata.org/wiki/Q932068", "display_name": "Environmental health", "level": 1, "score": "0.0"}, {"id": "https://openalex.org/C142724271", "wikidata": "https://www.wikidata.org/wiki/Q7208", "display_name": "Pathology", "level": 1, "score": "0.0"}], "mesh": [{"descriptor_ui": "D000374", "descriptor_name": "Aggression", "qualifier_ui": "Q000187", "qualifier_name": "drug effects", "is_major_topic": true}, {"descriptor_ui": "D000927", "descriptor_name": "Anticonvulsants", "qualifier_ui": "Q000494", "qualifier_name": "pharmacology", "is_major_topic": true}, {"descriptor_ui": "D000927", "descriptor_name": "Anticonvulsants", "qualifier_ui": "Q000627", "qualifier_name": "therapeutic use", "is_major_topic": true}, {"descriptor_ui": "D001883", "descriptor_name": "Borderline Personality Disorder", "qualifier_ui": "Q000188", "qualifier_name": "drug therapy", "is_major_topic": true}, {"descriptor_ui": "D007175", "descriptor_name": "Impulsive Behavior", "qualifier_ui": "Q000188", "qualifier_name": "drug therapy", "is_major_topic": true}, {"descriptor_ui": "D014635", "descriptor_name": "Valproic Acid", "qualifier_ui": "Q000494", "qualifier_name": "pharmacology", "is_major_topic": true}, {"descriptor_ui": "D014635", "descriptor_name": "Valproic Acid", "qualifier_ui": "Q000627", "qualifier_name": "therapeutic use", "is_major_topic": true}, {"descriptor_ui": "D000328", "descriptor_name": "Adult", "qualifier_ui": "", "qualifier_name": null, "is_major_topic": false}, {"descriptor_ui": "D017668", "descriptor_name": "Age of Onset", "qualifier_ui": "", "qualifier_name": null, "is_major_topic": false}, {"descriptor_ui": "D000374", "descriptor_name": "Aggression", "qualifier_ui": "", "qualifier_name": null, "is_major_topic": false}, {"descriptor_ui": "D000927", "descriptor_name": "Anticonvulsants", "qualifier_ui": "", "qualifier_name": null, "is_major_topic": false}, {"descriptor_ui": "D001883", "descriptor_name": "Borderline Personality Disorder", "qualifier_ui": "", "qualifier_name": null, "is_major_topic": false}, {"descriptor_ui": "D001883", "descriptor_name": "Borderline Personality Disorder", "qualifier_ui": "Q000523", "qualifier_name": "psychology", "is_major_topic": false}, {"descriptor_ui": "D001883", "descriptor_name": "Borderline Personality Disorder", "qualifier_ui": "Q000175", "qualifier_name": "diagnosis", "is_major_topic": false}, {"descriptor_ui": "D004311", "descriptor_name": "Double-Blind Method", "qualifier_ui": "", "qualifier_name": null, "is_major_topic": false}, {"descriptor_ui": "D004334", "descriptor_name": "Drug Administration Schedule", "qualifier_ui": "", "qualifier_name": null, "is_major_topic": false}, {"descriptor_ui": "D005260", "descriptor_name": "Female", "qualifier_ui": "", "qualifier_name": null, "is_major_topic": false}, {"descriptor_ui": "D006801", "descriptor_name": "Humans", "qualifier_ui": "", "qualifier_name": null, "is_major_topic": false}, {"descriptor_ui": "D007175", "descriptor_name": "Impulsive Behavior", "qualifier_ui": "", "qualifier_name": null, "is_major_topic": false}, {"descriptor_ui": "D007175", "descriptor_name": "Impulsive Behavior", "qualifier_ui": "Q000523", "qualifier_name": "psychology", "is_major_topic": false}, {"descriptor_ui": "D008297", "descriptor_name": "Male", "qualifier_ui": "", "qualifier_name": null, "is_major_topic": false}, {"descriptor_ui": "D010554", "descriptor_name": "Personality Disorders", "qualifier_ui": "", "qualifier_name": null, "is_major_topic": false}, {"descriptor_ui": "D010554", "descriptor_name": "Personality Disorders", "qualifier_ui": "Q000175", "qualifier_name": "diagnosis", "is_major_topic": false}, {"descriptor_ui": "D010554", "descriptor_name": "Personality Disorders", "qualifier_ui": "Q000188", "qualifier_name": "drug therapy", "is_major_topic": false}, {"descriptor_ui": "D010554", "descriptor_name": "Personality Disorders", "qualifier_ui": "Q000523", "qualifier_name": "psychology", "is_major_topic": false}, {"descriptor_ui": "D010919", "descriptor_name": "Placebos", "qualifier_ui": "", "qualifier_name": null, "is_major_topic": false}, {"descriptor_ui": "D011569", "descriptor_name": "Psychiatric Status Rating Scales", "qualifier_ui": "", "qualifier_name": null, "is_major_topic": false}, {"descriptor_ui": "D016896", "descriptor_name": "Treatment Outcome", "qualifier_ui": "", "qualifier_name": null, "is_major_topic": false}, {"descriptor_ui": "D014635", "descriptor_name": "Valproic Acid", "qualifier_ui": "", "qualifier_name": null, "is_major_topic": false}], "locations": [{"is_oa": false, "landing_page_url": "https://doi.org/10.1176/appi.ajp.162.3.621", "pdf_url": null, "source": {"id": "https://openalex.org/S116025658", "display_name": "American Journal of Psychiatry", "issn_l": "0002-953X", "issn": ["1535-7228", "0002-953X"], "host_organization": "https://openalex.org/P4310316602", "host_organization_name": "American Psychiatric Association", "type": "journal"}, "license": null, "version": null}], "best_oa_location": null, "alternate_host_venues": [{"id": "https://openalex.org/S116025658", "display_name": "American Journal of Psychiatry", "type": "journal", "url": null, "is_oa": false, "version": null, "license": null}], "referenced_works": ["https://openalex.org/W1690841230", "https://openalex.org/W1758155888", "https://openalex.org/W1981010900", "https://openalex.org/W2015030946", "https://openalex.org/W2054515032", "https://openalex.org/W2131508949", "https://openalex.org/W2136253554", "https://openalex.org/W2167659819"], "related_works": ["https://openalex.org/W123607828", "https://openalex.org/W2036276382", "https://openalex.org/W2072552452", "https://openalex.org/W2073951938", "https://openalex.org/W2112942328", "https://openalex.org/W2121811331", "https://openalex.org/W2593058450", "https://openalex.org/W2898587998", "https://openalex.org/W3129286037", "https://openalex.org/W3201222981"], "ngrams_url": "https://api.openalex.org/works/W2121811331/ngrams", "abstract_inverted_index": {"The": [0, 138], "authors'": [1], "goal": [2], "was": [3, 77, 105], "to": [4, 16, 38, 95, 107, 148, 176, 179], "determine": [5], "whether": [6], "specific": [7], "pretreatment": [8, 164], "clinical": [9], "characteristics": [10], "differentially": [11], "predict": [12, 102, 172], "favorable": [13, 174], "treatment": [14, 103, 162], "response": [15, 175], "divalproex": [17, 40, 177], "versus": [18], "placebo": [19, 43, 108, 180], "for": [20, 46, 73, 181], "impulsive": [21, 111, 182], "aggression": [22, 62, 112, 136, 146, 170, 183], "in": [23, 109, 113, 184], "patients": [24, 114, 120, 125, 185], "with": [25, 30, 115, 128, 186], "borderline": [26, 32, 116, 187], "personality": [27, 33, 117, 188], "disorder.Fifty-two": [28], "outpatients": [29], "DSM-IV": [31], "disorder": [34], "were": [35, 52, 64, 93], "randomly": [36], "assigned": [37], "receive": [39], "(N=20)": [41], "or": [42], "(N=32),": [44], "double-blind,": [45], "12": [47], "weeks.": [48], "Trait": [49], "impulsivity": [50, 132, 143, 166], "symptoms": [51, 63, 133, 167, 171], "determined": [53, 65, 78], "by": [54, 66, 79], "using": [55, 67, 80], "the": [56, 68, 81, 87], "Barratt": [57], "Impulsiveness": [58], "Scale,": [59], "and": [60, 86, 134, 144, 168], "state": [61, 135, 145, 169], "Overt": [69], "Aggression": [70], "Scale": [71, 85], "modified": [72], "outpatients.": [74], "Affective": [75], "stability": [76], "Young": [82], "Mania": [83], "Rating": [84, 90], "Hamilton": [88], "Depression": [89], "Scale.": [91], "Analyses": [92], "performed": [94], "identify": [96], "possible": [97], "baseline": [98, 130, 141, 155], "symptom": [99], "domains": [100], "that": [101], "response.Divalproex": [104], "superior": [106], "reducing": [110], "disorder.": [118, 189], "Divalproex-treated": [119], "responded": [121], "better": [122], "than": [123], "placebo-treated": [124], "among": [126], "those": [127], "higher": [129], "trait": [131, 142, 165], "symptoms.": [137], "effects": [139], "of": [140, 151], "appear": [147], "be": [149], "independent": [150], "one": [152], "another.": [153], "However,": [154], "affective": [156], "instability": [157], "did": [158], "not": [159], "influence": [160], "differential": [161], "response.Both": [163], "a": [173], "relative": [178]}, "cited_by_api_url": "https://api.openalex.org/works?filter=cites:W2121811331", "counts_by_year": [{"year": 2023, "cited_by_count": 1}, {"year": 2022, "cited_by_count": 3}, {"year": 2021, "cited_by_count": 5}, {"year": 2020, "cited_by_count": 4}, {"year": 2019, "cited_by_count": 5}, {"year": 2018, "cited_by_count": 5}, {"year": 2017, "cited_by_count": 8}, {"year": 2016, "cited_by_count": 8}, {"year": 2015, "cited_by_count": 6}, {"year": 2014, "cited_by_count": 5}, {"year": 2013, "cited_by_count": 9}, {"year": 2012, "cited_by_count": 17}], "updated_date": "2023-03-13T13:47:21.465127", "created_date": "2016-06-24"}]