[{"id": "https://openalex.org/W2064482573", "doi": "https://doi.org/10.1046/j.1528-1157.2002.45401.x", "title": "Gabapentin versus Lamotrigine Monotherapy: A Double-blind Comparison in Newly Diagnosed Epilepsy", "display_name": "Gabapentin versus Lamotrigine Monotherapy: A Double-blind Comparison in Newly Diagnosed Epilepsy", "publication_year": 2002, "publication_date": "2002-09-01", "ids": {"openalex": "https://openalex.org/W2064482573", "doi": "https://doi.org/10.1046/j.1528-1157.2002.45401.x", "mag": "2064482573", "pmid": "https://pubmed.ncbi.nlm.nih.gov/12199724"}, "primary_location": {"is_oa": null, "landing_page_url": "https://doi.org/10.1046/j.1528-1157.2002.45401.x", "pdf_url": null, "source": {"id": "https://openalex.org/S203153751", "display_name": "Epilepsia", "issn_l": "0013-9580", "issn": ["1528-1167", "1528-1157", "0013-9580"], "host_organization": "https://openalex.org/P4310320503", "type": "journal"}, "license": null, "version": null}, "host_venue": {"id": "https://openalex.org/S203153751", "issn_l": "0013-9580", "issn": ["1528-1167", "1528-1157", "0013-9580"], "display_name": "Epilepsia", "publisher": "Wiley-Blackwell", "type": "journal", "url": null, "is_oa": false, "version": null, "license": null}, "type": "journal-article", "open_access": {"is_oa": false, "oa_status": "closed", "oa_url": null}, "authorships": [{"author_position": "first", "author": {"id": "https://openalex.org/A2277186572", "display_name": "Martin J. Brodie", "orcid": "https://orcid.org/0000-0003-1781-2892"}, "institutions": [{"id": "https://openalex.org/I2801120601", "display_name": "Western Infirmary", "ror": "https://ror.org/02e22bh87", "country_code": "GB", "type": "healthcare"}], "raw_affiliation_string": "Epilepsy Unit, University Department of Medicine and Therapeutics, Western Infirmary, Glasgow,\u2003Scotland"}, {"author_position": "middle", "author": {"id": "https://openalex.org/A2425204936", "display_name": "David R. Chadwick", "orcid": "https://orcid.org/0000-0002-8479-8157"}, "institutions": [{"id": "https://openalex.org/I2802833755", "display_name": "Walton Centre", "ror": "https://ror.org/05cvxat96", "country_code": "GB", "type": "healthcare"}], "raw_affiliation_string": "Walton Centre for Neurology and Neurosurgery, Liverpool, England;"}, {"author_position": "middle", "author": {"id": "https://openalex.org/A1266651320", "display_name": "H. Anhut", "orcid": null}, "institutions": [{"id": "https://openalex.org/I4531280", "display_name": "Parke-Davis", "ror": null, "country_code": "US", "type": null}], "raw_affiliation_string": "Parke\u2010Davis, Research & Development, Freiburg, Germany, and Ann Arbor, Michigan, U.S.A.; and"}, {"author_position": "middle", "author": {"id": "https://openalex.org/A2499453657", "display_name": "Andreas Otte", "orcid": "https://orcid.org/0000-0002-6290-6786"}, "institutions": [{"id": "https://openalex.org/I4531280", "display_name": "Parke-Davis", "ror": null, "country_code": "US", "type": null}], "raw_affiliation_string": "Parke\u2010Davis, Research & Development, Freiburg, Germany, and Ann Arbor, Michigan, U.S.A.; and"}, {"author_position": "middle", "author": {"id": "https://openalex.org/A2633162570", "display_name": "Silke-Lo Messmer", "orcid": null}, "institutions": [{"id": "https://openalex.org/I4531280", "display_name": "Parke-Davis", "ror": null, "country_code": "US", "type": null}], "raw_affiliation_string": "Parke\u2010Davis, Research & Development, Freiburg, Germany, and Ann Arbor, Michigan, U.S.A.; and"}, {"author_position": "middle", "author": {"id": "https://openalex.org/A4259061679", "display_name": "Stephen Maton", "orcid": null}, "institutions": [{"id": "https://openalex.org/I4531280", "display_name": "Parke-Davis", "ror": null, "country_code": "US", "type": null}], "raw_affiliation_string": "Parke\u2010Davis, Research & Development, Freiburg, Germany, and Ann Arbor, Michigan, U.S.A.; and"}, {"author_position": "middle", "author": {"id": "https://openalex.org/A1541117650", "display_name": "Wilhelm Sauermann", "orcid": null}, "institutions": [{"id": null, "display_name": "DATAMAP GmbH, Freiburg, Germany", "ror": null, "country_code": null, "type": null}], "raw_affiliation_string": "DATAMAP GmbH, Freiburg, Germany"}, {"author_position": "middle", "author": {"id": "https://openalex.org/A2106437290", "display_name": "Guta Murray", "orcid": null}, "institutions": [{"id": "https://openalex.org/I4531280", "display_name": "Parke-Davis", "ror": null, "country_code": "US", "type": null}], "raw_affiliation_string": "Parke\u2010Davis, Research & Development, Freiburg, Germany, and Ann Arbor, Michigan, U.S.A.; and"}, {"author_position": "last", "author": {"id": "https://openalex.org/A2308245305", "display_name": "Elizabeth A. Garofalo", "orcid": null}, "institutions": [{"id": "https://openalex.org/I4531280", "display_name": "Parke-Davis", "ror": null, "country_code": "US", "type": null}], "raw_affiliation_string": "Parke\u2010Davis, Research & Development, Freiburg, Germany, and Ann Arbor, Michigan, U.S.A.; and"}], "cited_by_count": 95, "biblio": {"volume": "43", "issue": "9", "first_page": "993", "last_page": "1000"}, "is_retracted": false, "is_paratext": false, "concepts": [{"id": "https://openalex.org/C2778375690", "wikidata": "https://www.wikidata.org/wiki/Q7814214", "display_name": "Tolerability", "level": 3, "score": "0.8925996"}, {"id": "https://openalex.org/C2778802184", "wikidata": "https://www.wikidata.org/wiki/Q410346", "display_name": "Lamotrigine", "level": 3, "score": "0.87954056"}, {"id": "https://openalex.org/C71924100", "wikidata": "https://www.wikidata.org/wiki/Q11190", "display_name": "Medicine", "level": 0, "score": "0.8271655"}, {"id": "https://openalex.org/C2776608144", "wikidata": "https://www.wikidata.org/wiki/Q410352", "display_name": "Gabapentin", "level": 3, "score": "0.6683998"}, {"id": "https://openalex.org/C2778186239", "wikidata": "https://www.wikidata.org/wiki/Q41571", "display_name": "Epilepsy", "level": 2, "score": "0.5759957"}, {"id": "https://openalex.org/C197934379", "wikidata": "https://www.wikidata.org/wiki/Q2047938", "display_name": "Adverse effect", "level": 2, "score": "0.55851513"}, {"id": "https://openalex.org/C203092338", "wikidata": "https://www.wikidata.org/wiki/Q1340863", "display_name": "Clinical endpoint", "level": 3, "score": "0.5370919"}, {"id": "https://openalex.org/C2908647359", "wikidata": "https://www.wikidata.org/wiki/Q2625603", "display_name": "Population", "level": 2, "score": "0.5294848"}, {"id": "https://openalex.org/C207103383", "wikidata": "https://www.wikidata.org/wiki/Q3930246", "display_name": "Hazard ratio", "level": 3, "score": "0.5213322"}, {"id": "https://openalex.org/C42219234", "wikidata": "https://www.wikidata.org/wiki/Q131130", "display_name": "Anesthesia", "level": 1, "score": "0.49067223"}, {"id": "https://openalex.org/C168563851", "wikidata": "https://www.wikidata.org/wiki/Q1436668", "display_name": "Randomized controlled trial", "level": 2, "score": "0.44655412"}, {"id": "https://openalex.org/C2775858608", "wikidata": "https://www.wikidata.org/wiki/Q576618", "display_name": "Anticonvulsant", "level": 3, "score": "0.43743834"}, {"id": "https://openalex.org/C126322002", "wikidata": "https://www.wikidata.org/wiki/Q11180", "display_name": "Internal medicine", "level": 1, "score": "0.4088213"}, {"id": "https://openalex.org/C44249647", "wikidata": "https://www.wikidata.org/wiki/Q208498", "display_name": "Confidence interval", "level": 2, "score": "0.37621304"}, {"id": "https://openalex.org/C118552586", "wikidata": "https://www.wikidata.org/wiki/Q7867", "display_name": "Psychiatry", "level": 1, "score": "0.056618005"}, {"id": "https://openalex.org/C204787440", "wikidata": "https://www.wikidata.org/wiki/Q188504", "display_name": "Alternative medicine", "level": 2, "score": "0.0"}, {"id": "https://openalex.org/C99454951", "wikidata": "https://www.wikidata.org/wiki/Q932068", "display_name": "Environmental health", "level": 1, "score": "0.0"}, {"id": "https://openalex.org/C142724271", "wikidata": "https://www.wikidata.org/wiki/Q7208", "display_name": "Pathology", "level": 1, "score": "0.0"}], "mesh": [{"descriptor_ui": "D000085", "descriptor_name": "Acetates", "qualifier_ui": "Q000627", "qualifier_name": "therapeutic use", "is_major_topic": true}, {"descriptor_ui": "D000588", "descriptor_name": "Amines", "qualifier_ui": "", "qualifier_name": null, "is_major_topic": true}, {"descriptor_ui": "D000927", "descriptor_name": "Anticonvulsants", "qualifier_ui": "Q000627", "qualifier_name": "therapeutic use", "is_major_topic": true}, {"descriptor_ui": "D003509", "descriptor_name": "Cyclohexanecarboxylic Acids", "qualifier_ui": "", "qualifier_name": null, "is_major_topic": true}, {"descriptor_ui": "D004827", "descriptor_name": "Epilepsy", "qualifier_ui": "Q000188", "qualifier_name": "drug therapy", "is_major_topic": true}, {"descriptor_ui": "D014227", "descriptor_name": "Triazines", "qualifier_ui": "Q000627", "qualifier_name": "therapeutic use", "is_major_topic": true}, {"descriptor_ui": "D005680", "descriptor_name": "gamma-Aminobutyric Acid", "qualifier_ui": "", "qualifier_name": null, "is_major_topic": true}, {"descriptor_ui": "D000085", "descriptor_name": "Acetates", "qualifier_ui": "Q000009", "qualifier_name": "adverse effects", "is_major_topic": false}, {"descriptor_ui": "D000085", "descriptor_name": "Acetates", "qualifier_ui": "", "qualifier_name": null, "is_major_topic": false}, {"descriptor_ui": "D000293", "descriptor_name": "Adolescent", "qualifier_ui": "", "qualifier_name": null, "is_major_topic": false}, {"descriptor_ui": "D000328", "descriptor_name": "Adult", "qualifier_ui": "", "qualifier_name": null, "is_major_topic": false}, {"descriptor_ui": "D000368", "descriptor_name": "Aged", "qualifier_ui": "", "qualifier_name": null, "is_major_topic": false}, {"descriptor_ui": "D000927", "descriptor_name": "Anticonvulsants", "qualifier_ui": "Q000009", "qualifier_name": "adverse effects", "is_major_topic": false}, {"descriptor_ui": "D000927", "descriptor_name": "Anticonvulsants", "qualifier_ui": "", "qualifier_name": null, "is_major_topic": false}, {"descriptor_ui": "D001247", "descriptor_name": "Asthenia", "qualifier_ui": "Q000139", "qualifier_name": "chemically induced", "is_major_topic": false}, {"descriptor_ui": "D001247", "descriptor_name": "Asthenia", "qualifier_ui": "", "qualifier_name": null, "is_major_topic": false}, {"descriptor_ui": "D002985", "descriptor_name": "Clinical Protocols", "qualifier_ui": "", "qualifier_name": null, "is_major_topic": false}, {"descriptor_ui": "D004244", "descriptor_name": "Dizziness", "qualifier_ui": "Q000139", "qualifier_name": "chemically induced", "is_major_topic": false}, {"descriptor_ui": "D004244", "descriptor_name": "Dizziness", "qualifier_ui": "", "qualifier_name": null, "is_major_topic": false}, {"descriptor_ui": "D004311", "descriptor_name": "Double-Blind Method", "qualifier_ui": "", "qualifier_name": null, "is_major_topic": false}, {"descriptor_ui": "D004828", "descriptor_name": "Epilepsies, Partial", "qualifier_ui": "Q000188", "qualifier_name": "drug therapy", "is_major_topic": false}, {"descriptor_ui": "D004828", "descriptor_name": "Epilepsies, Partial", "qualifier_ui": "", "qualifier_name": null, "is_major_topic": false}, {"descriptor_ui": "D004827", "descriptor_name": "Epilepsy", "qualifier_ui": "", "qualifier_name": null, "is_major_topic": false}, {"descriptor_ui": "D005260", "descriptor_name": "Female", "qualifier_ui": "", "qualifier_name": null, "is_major_topic": false}, {"descriptor_ui": "D000077206", "descriptor_name": "Gabapentin", "qualifier_ui": "", "qualifier_name": null, "is_major_topic": false}, {"descriptor_ui": "D006261", "descriptor_name": "Headache", "qualifier_ui": "", "qualifier_name": null, "is_major_topic": false}, {"descriptor_ui": "D006261", "descriptor_name": "Headache", "qualifier_ui": "Q000139", "qualifier_name": "chemically induced", "is_major_topic": false}, {"descriptor_ui": "D006801", "descriptor_name": "Humans", "qualifier_ui": "", "qualifier_name": null, "is_major_topic": false}, {"descriptor_ui": "D000077213", "descriptor_name": "Lamotrigine", "qualifier_ui": "", "qualifier_name": null, "is_major_topic": false}, {"descriptor_ui": "D008297", "descriptor_name": "Male", "qualifier_ui": "", "qualifier_name": null, "is_major_topic": false}, {"descriptor_ui": "D008875", "descriptor_name": "Middle Aged", "qualifier_ui": "", "qualifier_name": null, "is_major_topic": false}, {"descriptor_ui": "D010352", "descriptor_name": "Patient Dropouts", "qualifier_ui": "", "qualifier_name": null, "is_major_topic": false}, {"descriptor_ui": "D016016", "descriptor_name": "Proportional Hazards Models", "qualifier_ui": "", "qualifier_name": null, "is_major_topic": false}, {"descriptor_ui": "D016019", "descriptor_name": "Survival Analysis", "qualifier_ui": "", "qualifier_name": null, "is_major_topic": false}, {"descriptor_ui": "D016896", "descriptor_name": "Treatment Outcome", "qualifier_ui": "", "qualifier_name": null, "is_major_topic": false}, {"descriptor_ui": "D014227", "descriptor_name": "Triazines", "qualifier_ui": "", "qualifier_name": null, "is_major_topic": false}], "locations": [{"is_oa": null, "landing_page_url": "https://doi.org/10.1046/j.1528-1157.2002.45401.x", "pdf_url": null, "source": {"id": "https://openalex.org/S203153751", "display_name": "Epilepsia", "issn_l": "0013-9580", "issn": ["1528-1167", "1528-1157", "0013-9580"], "host_organization": "https://openalex.org/P4310320503", "type": "journal"}, "license": null, "version": null}], "best_oa_location": null, "alternate_host_venues": [{"id": "https://openalex.org/S203153751", "display_name": "Epilepsia", "type": "journal", "url": null, "is_oa": false, "version": null, "license": null}], "referenced_works": ["https://openalex.org/W1732466172", "https://openalex.org/W1974809694", "https://openalex.org/W1976600878", "https://openalex.org/W1983021024", "https://openalex.org/W2016679698", "https://openalex.org/W2039674635", "https://openalex.org/W2040767892", "https://openalex.org/W2072923583", "https://openalex.org/W2074041943", "https://openalex.org/W2083622984", "https://openalex.org/W2087016115", "https://openalex.org/W2087388267", "https://openalex.org/W2095558066", "https://openalex.org/W2098517987", "https://openalex.org/W2101871493", "https://openalex.org/W2116686895", "https://openalex.org/W2123287446", "https://openalex.org/W2132785864", "https://openalex.org/W4236676256"], "related_works": ["https://openalex.org/W29910645", "https://openalex.org/W1757684145", "https://openalex.org/W1917616782", "https://openalex.org/W1983829988", "https://openalex.org/W2052822287", "https://openalex.org/W2092504977", "https://openalex.org/W2162224191", "https://openalex.org/W2939518752", "https://openalex.org/W3163009628", "https://openalex.org/W4210315740"], "ngrams_url": "https://api.openalex.org/works/W2064482573/ngrams", "abstract_inverted_index": {"This": [0], "randomised,": [1], "double-blind": [2], "study": [3, 224], "compared": [4], "the": [5, 58, 63, 108, 135, 177, 187, 205], "newer": [6], "antiepileptic": [7], "drugs": [8], "(AEDs)": [9], "gabapentin": [10], "(GBP)": [11], "and": [12, 43, 53, 77, 82, 84, 101, 126, 157, 181, 196, 216, 228, 234], "lamotrigine": [13], "(LTG)": [14], "as": [15, 167], "monotherapy": [16, 230], "in": [17, 134, 140, 237], "newly": [18, 240], "diagnosed": [19, 241], "epilepsy.Patients": [20], "with": [21, 24, 239], "partial": [22], "seizures": [23, 33], "and/or": [25], "without": [26], "secondary": [27], "generalization": [28], "or": [29, 39, 72], "primary": [30, 90, 109], "generalized": [31], "tonic-clonic": [32], "were": [34, 105, 132, 231], "randomized": [35], "to": [36, 95, 150], "either": [37], "GBP": [38, 48, 81, 156, 195], "LTG.": [40, 88, 161], "During": [41], "2-": [42], "6-week": [44], "titration": [45], "periods,": [46], "respectively,": [47], "dosage": [49], "reached": [50], "1,800": [51], "mg/day,": [52], "LTG,": [54], "150": [55], "mg/day.": [56], "In": [57], "subsequent": [59], "24-week": [60], "maintenance": [61], "phase,": [62], "dose": [64], "could": [65], "be": [66], "adjusted": [67], "based": [68], "on": [69, 116], "seizure": [70, 202], "control": [71], "adverse": [73, 226], "events": [74], "between": [75], "1,200": [76], "3,600": [78], "mg/day": [79, 86], "for": [80, 87, 107, 155, 160], "100": [83], "300": [85], "The": [89, 147, 162], "end": [91], "point": [92], "was": [93, 114, 124, 152, 165], "time": [94, 149], "exit,": [96], "a": [97], "composite": [98], "of": [99, 121, 176, 209, 223], "efficacy": [100, 110], "tolerability.": [102], "Evaluable": [103], "patients": [104, 123, 139, 185, 193, 215, 220, 238], "used": [106], "analysis,": [111], "whereas": [112], "tolerability": [113], "examined": [115], "an": [117, 144], "intent-to-treat": [118], "basis.A": [119], "total": [120], "309": [122], "randomized,": [125], "291": [127], "(148": [128], "GBP,": [129], "143": [130], "LTG)": [131], "included": [133], "evaluable": [136, 178], "population.": [137], "Nineteen": [138], "each": [141], "group": [142], "had": [143], "exit": [145, 151], "event.": [146], "median": [148], "69": [153], "days": [154, 159], "48": [158], "hazard": [163], "ratio": [164], "estimated": [166], "1.043": [168], "(90%": [169], "confidence": [170], "intervals,": [171], "0.602-1.809).": [172], "Overall,": [173], "106": [174], "(71.6%": [175], "population)": [179], "GBP-treated": [180, 214], "96": [182], "(67.1%)": [183], "LTG-treated": [184, 219], "completed": [186], "study.": [188], "Of": [189], "those,": [190], "80": [191], "(75.5%)": [192], "taking": [194, 199], "73": [197], "(76.0%)": [198], "LTG": [200, 229], "remained": [201], "free": [203], "during": [204], "final": [206], "12": [207], "weeks": [208], "treatment.": [210], "Only": [211], "14": [212], "(8.9%)": [213], "15": [217], "(9.9%)": [218], "withdrew": [221], "because": [222], "drug-related": [225], "events.GBP": [227], "similarly": [232], "effective": [233], "well": [235], "tolerated": [236], "epilepsy.": [242]}, "cited_by_api_url": "https://api.openalex.org/works?filter=cites:W2064482573", "counts_by_year": [{"year": 2022, "cited_by_count": 2}, {"year": 2021, "cited_by_count": 1}, {"year": 2019, "cited_by_count": 1}, {"year": 2018, "cited_by_count": 1}, {"year": 2017, "cited_by_count": 3}, {"year": 2016, "cited_by_count": 5}, {"year": 2015, "cited_by_count": 5}, {"year": 2014, "cited_by_count": 2}, {"year": 2013, "cited_by_count": 2}, {"year": 2012, "cited_by_count": 3}], "updated_date": "2023-02-20T10:07:34.222653", "created_date": "2016-06-24"}, {"id": "https://openalex.org/W1978675847", "doi": "https://doi.org/10.1046/j.1442-2026.2002.00385.x", "title": "Intracerebral haemorrhage presenting as olfactory hallucinations", "display_name": "Intracerebral haemorrhage presenting as olfactory hallucinations", "publication_year": 2002, "publication_date": "2002-12-01", "ids": {"openalex": "https://openalex.org/W1978675847", "doi": "https://doi.org/10.1046/j.1442-2026.2002.00385.x", "mag": "1978675847", "pmid": "https://pubmed.ncbi.nlm.nih.gov/12534490"}, "primary_location": {"is_oa": null, "landing_page_url": "https://doi.org/10.1046/j.1442-2026.2002.00385.x", "pdf_url": null, "source": {"id": "https://openalex.org/S21371779", "display_name": "Emergency Medicine Australasia", "issn_l": "1742-6723", "issn": ["1742-6723", "1742-6731"], "host_organization": "https://openalex.org/P4310320503", "type": "journal"}, "license": null, "version": null}, "host_venue": {"id": "https://openalex.org/S21371779", "issn_l": "1742-6723", "issn": ["1742-6723", "1742-6731"], "display_name": "Emergency Medicine Australasia", "publisher": "Wiley-Blackwell", "type": "journal", "url": null, "is_oa": false, "version": null, "license": null}, "type": "journal-article", "open_access": {"is_oa": false, "oa_status": "closed", "oa_url": null}, "authorships": [{"author_position": "first", "author": {"id": "https://openalex.org/A2118559837", "display_name": "Elizabeth Nye", "orcid": "https://orcid.org/0000-0001-8424-1984"}, "institutions": [{"id": "https://openalex.org/I4210123059", "display_name": "St George Hospital", "ror": "https://ror.org/02pk13h45", "country_code": "AU", "type": "healthcare"}], "raw_affiliation_string": "Department of Emergency Medicine, St George Hospital, Gray St, Kogarah, NSW, Australia."}, {"author_position": "last", "author": {"id": "https://openalex.org/A91624310", "display_name": "Glenn Arendts", "orcid": "https://orcid.org/0000-0001-7830-7756"}, "institutions": [{"id": "https://openalex.org/I4210123059", "display_name": "St George Hospital", "ror": "https://ror.org/02pk13h45", "country_code": "AU", "type": "healthcare"}], "raw_affiliation_string": "Department of Emergency Medicine, St George Hospital, Sydney, New South Wales, Australia."}], "cited_by_count": 13, "biblio": {"volume": "14", "issue": "4", "first_page": "447", "last_page": "449"}, "is_retracted": false, "is_paratext": false, "concepts": [{"id": "https://openalex.org/C71924100", "wikidata": "https://www.wikidata.org/wiki/Q11190", "display_name": "Medicine", "level": 0, "score": "0.9235643"}, {"id": "https://openalex.org/C118552586", "wikidata": "https://www.wikidata.org/wiki/Q7867", "display_name": "Psychiatry", "level": 1, "score": "0.42264497"}, {"id": "https://openalex.org/C2781156865", "wikidata": "https://www.wikidata.org/wiki/Q827023", "display_name": "Lesion", "level": 2, "score": "0.41112313"}, {"id": "https://openalex.org/C187212893", "wikidata": "https://www.wikidata.org/wiki/Q123028", "display_name": "Pediatrics", "level": 1, "score": "0.32306993"}], "mesh": [{"descriptor_ui": "D002543", "descriptor_name": "Cerebral Hemorrhage", "qualifier_ui": "Q000150", "qualifier_name": "complications", "is_major_topic": true}, {"descriptor_ui": "D006212", "descriptor_name": "Hallucinations", "qualifier_ui": "Q000209", "qualifier_name": "etiology", "is_major_topic": true}, {"descriptor_ui": "D000927", "descriptor_name": "Anticonvulsants", "qualifier_ui": "", "qualifier_name": null, "is_major_topic": false}, {"descriptor_ui": "D000927", "descriptor_name": "Anticonvulsants", "qualifier_ui": "Q000627", "qualifier_name": "therapeutic use", "is_major_topic": false}, {"descriptor_ui": "D002543", "descriptor_name": "Cerebral Hemorrhage", "qualifier_ui": "", "qualifier_name": null, "is_major_topic": false}, {"descriptor_ui": "D002543", "descriptor_name": "Cerebral Hemorrhage", "qualifier_ui": "Q000000981", "qualifier_name": "diagnostic imaging", "is_major_topic": false}, {"descriptor_ui": "D002543", "descriptor_name": "Cerebral Hemorrhage", "qualifier_ui": "Q000188", "qualifier_name": "drug therapy", "is_major_topic": false}, {"descriptor_ui": "D005260", "descriptor_name": "Female", "qualifier_ui": "", "qualifier_name": null, "is_major_topic": false}, {"descriptor_ui": "D006212", "descriptor_name": "Hallucinations", "qualifier_ui": "", "qualifier_name": null, "is_major_topic": false}, {"descriptor_ui": "D006801", "descriptor_name": "Humans", "qualifier_ui": "", "qualifier_name": null, "is_major_topic": false}, {"descriptor_ui": "D008875", "descriptor_name": "Middle Aged", "qualifier_ui": "", "qualifier_name": null, "is_major_topic": false}, {"descriptor_ui": "D014057", "descriptor_name": "Tomography, X-Ray Computed", "qualifier_ui": "", "qualifier_name": null, "is_major_topic": false}], "locations": [{"is_oa": null, "landing_page_url": "https://doi.org/10.1046/j.1442-2026.2002.00385.x", "pdf_url": null, "source": {"id": "https://openalex.org/S21371779", "display_name": "Emergency Medicine Australasia", "issn_l": "1742-6723", "issn": ["1742-6723", "1742-6731"], "host_organization": "https://openalex.org/P4310320503", "type": "journal"}, "license": null, "version": null}], "best_oa_location": null, "alternate_host_venues": [{"id": "https://openalex.org/S21371779", "display_name": "Emergency Medicine Australasia", "type": "journal", "url": null, "is_oa": false, "version": null, "license": null}], "referenced_works": ["https://openalex.org/W1994899805", "https://openalex.org/W2025313184", "https://openalex.org/W2036612761", "https://openalex.org/W2038819711", "https://openalex.org/W2095445811", "https://openalex.org/W2118104225", "https://openalex.org/W2149223331", "https://openalex.org/W2150801980", "https://openalex.org/W2152146384", "https://openalex.org/W2153797622", "https://openalex.org/W2154949716", "https://openalex.org/W4240471383"], "related_works": ["https://openalex.org/W1489783725", "https://openalex.org/W1506200166", "https://openalex.org/W2039318446", "https://openalex.org/W2080531066", "https://openalex.org/W2410491650", "https://openalex.org/W2748952813", "https://openalex.org/W2780146991", "https://openalex.org/W2896609434", "https://openalex.org/W2899084033", "https://openalex.org/W3012411836"], "ngrams_url": "https://api.openalex.org/works/W1978675847/ngrams", "abstract_inverted_index": {"Isolated": [0], "olfactory": [1, 39, 53], "hallucinations": [2, 54], "are": [3], "a": [4, 12, 26], "rare": [5], "event": [6], "and": [7, 19, 49], "have": [8], "been": [9], "associated": [10], "with": [11, 29], "number": [13], "of": [14, 37, 43], "aetiologies": [15], "including": [16], "seizures,": [17], "migraines": [18], "psychiatric": [20], "illnesses.": [21], "This": [22], "case": [23], "report": [24], "describes": [25], "58-year-old": [27], "woman": [28], "an": [30], "unusual": [31], "haemorrhagic": [32], "lesion": [33], "as": [34], "the": [35, 44, 47], "cause": [36], "her": [38], "symptoms.": [40], "A": [41], "review": [42], "literature": [45], "concerning": [46], "causes": [48], "management": [50], "recommendations": [51], "for": [52], "is": [55], "presented.": [56]}, "cited_by_api_url": "https://api.openalex.org/works?filter=cites:W1978675847", "counts_by_year": [{"year": 2020, "cited_by_count": 2}, {"year": 2015, "cited_by_count": 1}, {"year": 2014, "cited_by_count": 1}, {"year": 2013, "cited_by_count": 3}, {"year": 2012, "cited_by_count": 1}], "updated_date": "2023-03-01T03:53:22.794813", "created_date": "2016-06-24"}, {"id": "https://openalex.org/W2043880788", "doi": "https://doi.org/10.1046/j.1526-4637.2003.03003.x", "title": "Eosinophilic Exudative Pleural Effusion After Initiation of Tizanidine Treatment: A Case Report", "display_name": "Eosinophilic Exudative Pleural Effusion After Initiation of Tizanidine Treatment: A Case Report", "publication_year": 2003, "publication_date": "2003-03-01", "ids": {"openalex": "https://openalex.org/W2043880788", "doi": "https://doi.org/10.1046/j.1526-4637.2003.03003.x", "mag": "2043880788", "pmid": "https://pubmed.ncbi.nlm.nih.gov/12873285"}, "primary_location": {"is_oa": true, "landing_page_url": "https://doi.org/10.1046/j.1526-4637.2003.03003.x", "pdf_url": "https://academic.oup.com/painmedicine/article-pdf/4/1/85/5141898/4-1-85.pdf", "source": {"id": "https://openalex.org/S191903559", "display_name": "Pain Medicine", "issn_l": "1526-2375", "issn": ["1526-4637", "1526-2375"], "host_organization": "https://openalex.org/P4310311648", "type": "journal"}, "license": null, "version": "publishedVersion"}, "host_venue": {"id": "https://openalex.org/S191903559", "issn_l": "1526-2375", "issn": ["1526-4637", "1526-2375"], "display_name": "Pain Medicine", "publisher": "Oxford University Press", "type": "journal", "url": "https://academic.oup.com/painmedicine/article-pdf/4/1/85/5141898/4-1-85.pdf", "is_oa": true, "version": "publishedVersion", "license": null}, "type": "journal-article", "open_access": {"is_oa": true, "oa_status": "bronze", "oa_url": "https://academic.oup.com/painmedicine/article-pdf/4/1/85/5141898/4-1-85.pdf"}, "authorships": [{"author_position": "first", "author": {"id": "https://openalex.org/A2515710961", "display_name": "Ghassan Moufarrege", "orcid": null}, "institutions": [{"id": null, "display_name": "Department of Anesthesiology", "ror": null, "country_code": null, "type": null}], "raw_affiliation_string": "Department of Anesthesiology"}, {"author_position": "middle", "author": {"id": "https://openalex.org/A2253001302", "display_name": "Evan D. Frank", "orcid": null}, "institutions": [{"id": null, "display_name": "Department of Anesthesiology", "ror": null, "country_code": null, "type": null}], "raw_affiliation_string": "Department of Anesthesiology"}, {"author_position": "last", "author": {"id": "https://openalex.org/A3159778237", "display_name": "Donna Carstens", "orcid": null}, "institutions": [{"id": "https://openalex.org/I149251103", "display_name": "Thomas Jefferson University", "ror": "https://ror.org/00ysqcn41", "country_code": "US", "type": "education"}], "raw_affiliation_string": "Asthma, Allergy and Pulmonary Associates, Thomas Jefferson University, Philadelphia, Pennsylvania"}], "cited_by_count": 12, "biblio": {"volume": "4", "issue": "1", "first_page": "85", "last_page": "90"}, "is_retracted": false, "is_paratext": false, "concepts": [{"id": "https://openalex.org/C71924100", "wikidata": "https://www.wikidata.org/wiki/Q11190", "display_name": "Medicine", "level": 0, "score": "0.9772456"}, {"id": "https://openalex.org/C2779761043", "wikidata": "https://www.wikidata.org/wiki/Q423538", "display_name": "Tizanidine", "level": 3, "score": "0.9050352"}, {"id": "https://openalex.org/C42219234", "wikidata": "https://www.wikidata.org/wiki/Q131130", "display_name": "Anesthesia", "level": 1, "score": "0.59847903"}, {"id": "https://openalex.org/C2779634585", "wikidata": "https://www.wikidata.org/wiki/Q1334541", "display_name": "Pleural effusion", "level": 2, "score": "0.5704227"}, {"id": "https://openalex.org/C2776860028", "wikidata": "https://www.wikidata.org/wiki/Q1225289", "display_name": "Muscle relaxant", "level": 2, "score": "0.5672911"}, {"id": "https://openalex.org/C141071460", "wikidata": "https://www.wikidata.org/wiki/Q40821", "display_name": "Surgery", "level": 1, "score": "0.49855542"}, {"id": "https://openalex.org/C44575665", "wikidata": "https://www.wikidata.org/wiki/Q1293405", "display_name": "Lumbar", "level": 2, "score": "0.45463318"}, {"id": "https://openalex.org/C2776501849", "wikidata": "https://www.wikidata.org/wiki/Q5781808", "display_name": "Back pain", "level": 3, "score": "0.42244738"}, {"id": "https://openalex.org/C142724271", "wikidata": "https://www.wikidata.org/wiki/Q7208", "display_name": "Pathology", "level": 1, "score": "0.055987984"}, {"id": "https://openalex.org/C204787440", "wikidata": "https://www.wikidata.org/wiki/Q188504", "display_name": "Alternative medicine", "level": 2, "score": "0.0"}, {"id": "https://openalex.org/C2779012798", "wikidata": "https://www.wikidata.org/wiki/Q117060", "display_name": "Spasticity", "level": 2, "score": "0.0"}], "mesh": [{"descriptor_ui": "D000700", "descriptor_name": "Analgesics", "qualifier_ui": "Q000009", "qualifier_name": "adverse effects", "is_major_topic": true}, {"descriptor_ui": "D003000", "descriptor_name": "Clonidine", "qualifier_ui": "Q000009", "qualifier_name": "adverse effects", "is_major_topic": true}, {"descriptor_ui": "D003000", "descriptor_name": "Clonidine", "qualifier_ui": "Q000031", "qualifier_name": "analogs & derivatives", "is_major_topic": true}, {"descriptor_ui": "D004802", "descriptor_name": "Eosinophilia", "qualifier_ui": "", "qualifier_name": null, "is_major_topic": true}, {"descriptor_ui": "D017116", "descriptor_name": "Low Back Pain", "qualifier_ui": "Q000188", "qualifier_name": "drug therapy", "is_major_topic": true}, {"descriptor_ui": "D010996", "descriptor_name": "Pleural Effusion", "qualifier_ui": "Q000139", "qualifier_name": "chemically induced", "is_major_topic": true}, {"descriptor_ui": "D000328", "descriptor_name": "Adult", "qualifier_ui": "", "qualifier_name": null, "is_major_topic": false}, {"descriptor_ui": "D000700", "descriptor_name": "Analgesics", "qualifier_ui": "", "qualifier_name": null, "is_major_topic": false}, {"descriptor_ui": "D002908", "descriptor_name": "Chronic Disease", "qualifier_ui": "", "qualifier_name": null, "is_major_topic": false}, {"descriptor_ui": "D003000", "descriptor_name": "Clonidine", "qualifier_ui": "", "qualifier_name": null, "is_major_topic": false}, {"descriptor_ui": "D006801", "descriptor_name": "Humans", "qualifier_ui": "", "qualifier_name": null, "is_major_topic": false}, {"descriptor_ui": "D017116", "descriptor_name": "Low Back Pain", "qualifier_ui": "", "qualifier_name": null, "is_major_topic": false}, {"descriptor_ui": "D008297", "descriptor_name": "Male", "qualifier_ui": "", "qualifier_name": null, "is_major_topic": false}, {"descriptor_ui": "D010996", "descriptor_name": "Pleural Effusion", "qualifier_ui": "", "qualifier_name": null, "is_major_topic": false}, {"descriptor_ui": "D010996", "descriptor_name": "Pleural Effusion", "qualifier_ui": "Q000473", "qualifier_name": "pathology", "is_major_topic": false}], "locations": [{"is_oa": true, "landing_page_url": "https://doi.org/10.1046/j.1526-4637.2003.03003.x", "pdf_url": "https://academic.oup.com/painmedicine/article-pdf/4/1/85/5141898/4-1-85.pdf", "source": {"id": "https://openalex.org/S191903559", "display_name": "Pain Medicine", "issn_l": "1526-2375", "issn": ["1526-4637", "1526-2375"], "host_organization": "https://openalex.org/P4310311648", "type": "journal"}, "license": null, "version": "publishedVersion"}], "best_oa_location": {"is_oa": true, "landing_page_url": "https://doi.org/10.1046/j.1526-4637.2003.03003.x", "pdf_url": "https://academic.oup.com/painmedicine/article-pdf/4/1/85/5141898/4-1-85.pdf", "source": {"id": "https://openalex.org/S191903559", "display_name": "Pain Medicine", "issn_l": "1526-2375", "issn": ["1526-4637", "1526-2375"], "host_organization": "https://openalex.org/P4310311648", "type": "journal"}, "license": null, "version": "publishedVersion"}, "alternate_host_venues": [{"id": "https://openalex.org/S191903559", "display_name": "Pain Medicine", "type": "journal", "url": "https://academic.oup.com/painmedicine/article-pdf/4/1/85/5141898/4-1-85.pdf", "is_oa": true, "version": "publishedVersion", "license": null}], "referenced_works": ["https://openalex.org/W2068242647", "https://openalex.org/W2127958507", "https://openalex.org/W2136635004", "https://openalex.org/W4243761856"], "related_works": ["https://openalex.org/W1738114639", "https://openalex.org/W1968510145", "https://openalex.org/W2036539970", "https://openalex.org/W2043880788", "https://openalex.org/W2074938886", "https://openalex.org/W2148415344", "https://openalex.org/W2258098147", "https://openalex.org/W2352999503", "https://openalex.org/W2384995101", "https://openalex.org/W2739444387"], "ngrams_url": "https://api.openalex.org/works/W2043880788/ngrams", "abstract_inverted_index": {"In": [0], "this": [1], "case": [2], "report,": [3], "we": [4], "present": [5], "a": [6, 17, 37, 65, 82, 90, 114], "42-year-old": [7], "man": [8], "with": [9], "history": [10], "of": [11, 36, 60, 94], "chronic": [12], "low": [13], "back": [14, 111], "pain": [15, 51, 56], "after": [16, 79], "work-related": [18], "injury.": [19], "The": [20, 58, 100, 121], "patient": [21, 101], "failed": [22], "multiple": [23], "therapeutic": [24], "modalities": [25], "both": [26], "conservative": [27], "and": [28, 34, 97, 125], "interventional,": [29], "including": [30], "numerous": [31], "spinal": [32, 38], "injections": [33], "placement": [35], "cord": [39], "stimulator.": [40], "Finally,": [41, 113], "an": [42], "intrathecal": [43], "morphine": [44], "pump": [45], "was": [46, 86, 119, 123], "placed": [47], "to": [48, 54, 70, 117], "control": [49, 71], "his": [50], "in": [52, 73], "addition": [53], "oral": [55], "medications.": [57], "course": [59], "the": [61, 74, 95, 105, 129], "treatment": [62], "included": [63], "adding": [64], "muscle": [66], "relaxant,": [67], "tizanidine": [68, 118], "(Zanaflex),": [69], "spasms": [72], "lower": [75], "extremities.": [76], "Six": [77], "weeks": [78, 127], "starting": [80], "tizanidine,": [81], "large": [83], "pleural": [84, 106, 130], "effusion": [85, 131], "noted": [87], "incidentally": [88], "on": [89], "computerized": [91], "tomography": [92], "scan": [93], "thoracic": [96], "lumbar": [98], "spine.": [99], "underwent": [102], "work-up": [103], "for": [104], "effusion;": [107], "all": [108], "tests": [109], "came": [110], "negative.": [112], "drug": [115, 122], "reaction": [116], "suspected.": [120], "discontinued,": [124], "4": [126], "later": [128], "resolved.": [132]}, "cited_by_api_url": "https://api.openalex.org/works?filter=cites:W2043880788", "counts_by_year": [{"year": 2019, "cited_by_count": 1}, {"year": 2014, "cited_by_count": 1}], "updated_date": "2023-02-17T06:26:49.909501", "created_date": "2016-06-24"}, {"id": "https://openalex.org/W2400088298", "doi": null, "title": "Eclampsia--are we doing enough?", "display_name": "Eclampsia--are we doing enough?", "publication_year": 1995, "publication_date": "1995-10-01", "ids": {"openalex": "https://openalex.org/W2400088298", "mag": "2400088298", "pmid": "https://pubmed.ncbi.nlm.nih.gov/8882535"}, "primary_location": {"is_oa": null, "landing_page_url": null, "pdf_url": null, "source": {"id": "https://openalex.org/S94851452", "display_name": "Singapore Medical Journal", "issn_l": "0037-5675", "issn": ["0037-5675", "2737-5935"], "host_organization": "https://openalex.org/P4310320448", "type": "journal"}, "license": null, "version": null}, "host_venue": {"id": "https://openalex.org/S94851452", "issn_l": "0037-5675", "issn": ["0037-5675", "2737-5935"], "display_name": "Singapore Medical Journal", "publisher": "Medknow", "type": "journal", "url": null, "is_oa": false, "version": null, "license": null}, "type": "journal-article", "open_access": {"is_oa": false, "oa_status": null, "oa_url": null}, "authorships": [{"author_position": "first", "author": {"id": "https://openalex.org/A2535676782", "display_name": "J. J. H. Low", "orcid": null}, "institutions": [{"id": "https://openalex.org/I4210112252", "display_name": "KK Women's and Children's Hospital", "ror": "https://ror.org/0228w5t68", "country_code": "SG", "type": "healthcare"}], "raw_affiliation_string": "Department of Oncology and Urogynaecology, Kandang Kerbau Hospital, Singapore."}, {"author_position": "last", "author": {"id": "https://openalex.org/A2537960341", "display_name": "G. S. H. Yeo", "orcid": null}, "institutions": [], "raw_affiliation_string": ""}], "cited_by_count": 4, "biblio": {"volume": "36", "issue": "5", "first_page": "505", "last_page": "9"}, "is_retracted": false, "is_paratext": null, "concepts": [{"id": "https://openalex.org/C71924100", "wikidata": "https://www.wikidata.org/wiki/Q11190", "display_name": "Medicine", "level": 0, "score": "0.9706409"}, {"id": "https://openalex.org/C2781276381", "wikidata": "https://www.wikidata.org/wiki/Q552348", "display_name": "Eclampsia", "level": 3, "score": "0.7328574"}, {"id": "https://openalex.org/C2776279924", "wikidata": "https://www.wikidata.org/wiki/Q228036", "display_name": "Caesarean section", "level": 3, "score": "0.5950898"}, {"id": "https://openalex.org/C61511704", "wikidata": "https://www.wikidata.org/wiki/Q1671857", "display_name": "Incidence (geometry)", "level": 2, "score": "0.5899614"}, {"id": "https://openalex.org/C187212893", "wikidata": "https://www.wikidata.org/wiki/Q123028", "display_name": "Pediatrics", "level": 1, "score": "0.5591142"}, {"id": "https://openalex.org/C131872663", "wikidata": "https://www.wikidata.org/wiki/Q5284418", "display_name": "Obstetrics", "level": 1, "score": "0.52458423"}, {"id": "https://openalex.org/C2779914510", "wikidata": "https://www.wikidata.org/wiki/Q193840", "display_name": "Asphyxia", "level": 2, "score": "0.48420691"}, {"id": "https://openalex.org/C167135981", "wikidata": "https://www.wikidata.org/wiki/Q2146302", "display_name": "Retrospective cohort study", "level": 2, "score": "0.46899155"}, {"id": "https://openalex.org/C66322754", "wikidata": "https://www.wikidata.org/wiki/Q4128476", "display_name": "Birth weight", "level": 3, "score": "0.4620006"}, {"id": "https://openalex.org/C72563966", "wikidata": "https://www.wikidata.org/wiki/Q1303415", "display_name": "Cohort", "level": 2, "score": "0.4589551"}, {"id": "https://openalex.org/C2779234561", "wikidata": "https://www.wikidata.org/wiki/Q11995", "display_name": "Pregnancy", "level": 2, "score": "0.44946745"}, {"id": "https://openalex.org/C2778376644", "wikidata": "https://www.wikidata.org/wiki/Q2253111", "display_name": "Gestational age", "level": 3, "score": "0.43483323"}, {"id": "https://openalex.org/C2777218350", "wikidata": "https://www.wikidata.org/wiki/Q61335", "display_name": "Preeclampsia", "level": 3, "score": "0.4162156"}, {"id": "https://openalex.org/C141071460", "wikidata": "https://www.wikidata.org/wiki/Q40821", "display_name": "Surgery", "level": 1, "score": "0.19251665"}, {"id": "https://openalex.org/C126322002", "wikidata": "https://www.wikidata.org/wiki/Q11180", "display_name": "Internal medicine", "level": 1, "score": "0.09745723"}, {"id": "https://openalex.org/C54355233", "wikidata": "https://www.wikidata.org/wiki/Q7162", "display_name": "Genetics", "level": 1, "score": "0.0"}, {"id": "https://openalex.org/C121332964", "wikidata": "https://www.wikidata.org/wiki/Q413", "display_name": "Physics", "level": 0, "score": "0.0"}, {"id": "https://openalex.org/C120665830", "wikidata": "https://www.wikidata.org/wiki/Q14620", "display_name": "Optics", "level": 1, "score": "0.0"}, {"id": "https://openalex.org/C86803240", "wikidata": "https://www.wikidata.org/wiki/Q420", "display_name": "Biology", "level": 0, "score": "0.0"}], "mesh": [{"descriptor_ui": "D004461", "descriptor_name": "Eclampsia", "qualifier_ui": "", "qualifier_name": null, "is_major_topic": true}, {"descriptor_ui": "D007232", "descriptor_name": "Infant, Newborn, Diseases", "qualifier_ui": "Q000503", "qualifier_name": "physiopathology", "is_major_topic": true}, {"descriptor_ui": "D011248", "descriptor_name": "Pregnancy Complications", "qualifier_ui": "", "qualifier_name": null, "is_major_topic": true}, {"descriptor_ui": "D012640", "descriptor_name": "Seizures", "qualifier_ui": "Q000517", "qualifier_name": "prevention & control", "is_major_topic": true}, {"descriptor_ui": "D000328", "descriptor_name": "Adult", "qualifier_ui": "", "qualifier_name": null, "is_major_topic": false}, {"descriptor_ui": "D000927", "descriptor_name": "Anticonvulsants", "qualifier_ui": "Q000627", "qualifier_name": "therapeutic use", "is_major_topic": false}, {"descriptor_ui": "D000927", "descriptor_name": "Anticonvulsants", "qualifier_ui": "Q000008", "qualifier_name": "administration & dosage", "is_major_topic": false}, {"descriptor_ui": "D000927", "descriptor_name": "Anticonvulsants", "qualifier_ui": "", "qualifier_name": null, "is_major_topic": false}, {"descriptor_ui": "D003975", "descriptor_name": "Diazepam", "qualifier_ui": "Q000627", "qualifier_name": "therapeutic use", "is_major_topic": false}, {"descriptor_ui": "D003975", "descriptor_name": "Diazepam", "qualifier_ui": "Q000008", "qualifier_name": "administration & dosage", "is_major_topic": false}, {"descriptor_ui": "D003975", "descriptor_name": "Diazepam", "qualifier_ui": "", "qualifier_name": null, "is_major_topic": false}, {"descriptor_ui": "D004461", "descriptor_name": "Eclampsia", "qualifier_ui": "Q000628", "qualifier_name": "therapy", "is_major_topic": false}, {"descriptor_ui": "D004461", "descriptor_name": "Eclampsia", "qualifier_ui": "Q000517", "qualifier_name": "prevention & control", "is_major_topic": false}, {"descriptor_ui": "D004461", "descriptor_name": "Eclampsia", "qualifier_ui": "Q000503", "qualifier_name": "physiopathology", "is_major_topic": false}, {"descriptor_ui": "D004461", "descriptor_name": "Eclampsia", "qualifier_ui": "Q000453", "qualifier_name": "epidemiology", "is_major_topic": false}, {"descriptor_ui": "D005260", "descriptor_name": "Female", "qualifier_ui": "", "qualifier_name": null, "is_major_topic": false}, {"descriptor_ui": "D006801", "descriptor_name": "Humans", "qualifier_ui": "", "qualifier_name": null, "is_major_topic": false}, {"descriptor_ui": "D015994", "descriptor_name": "Incidence", "qualifier_ui": "", "qualifier_name": null, "is_major_topic": false}, {"descriptor_ui": "D007231", "descriptor_name": "Infant, Newborn", "qualifier_ui": "", "qualifier_name": null, "is_major_topic": false}, {"descriptor_ui": "D007232", "descriptor_name": "Infant, Newborn, Diseases", "qualifier_ui": "Q000453", "qualifier_name": "epidemiology", "is_major_topic": false}, {"descriptor_ui": "D007232", "descriptor_name": "Infant, Newborn, Diseases", "qualifier_ui": "", "qualifier_name": null, "is_major_topic": false}, {"descriptor_ui": "D011247", "descriptor_name": "Pregnancy", "qualifier_ui": "", "qualifier_name": null, "is_major_topic": false}, {"descriptor_ui": "D011248", "descriptor_name": "Pregnancy Complications", "qualifier_ui": "Q000503", "qualifier_name": "physiopathology", "is_major_topic": false}, {"descriptor_ui": "D011256", "descriptor_name": "Pregnancy Outcome", "qualifier_ui": "", "qualifier_name": null, "is_major_topic": false}, {"descriptor_ui": "D011379", "descriptor_name": "Prognosis", "qualifier_ui": "", "qualifier_name": null, "is_major_topic": false}, {"descriptor_ui": "D012189", "descriptor_name": "Retrospective Studies", "qualifier_ui": "", "qualifier_name": null, "is_major_topic": false}, {"descriptor_ui": "D012307", "descriptor_name": "Risk Factors", "qualifier_ui": "", "qualifier_name": null, "is_major_topic": false}, {"descriptor_ui": "D012640", "descriptor_name": "Seizures", "qualifier_ui": "Q000188", "qualifier_name": "drug therapy", "is_major_topic": false}, {"descriptor_ui": "D012640", "descriptor_name": "Seizures", "qualifier_ui": "Q000503", "qualifier_name": "physiopathology", "is_major_topic": false}, {"descriptor_ui": "D012640", "descriptor_name": "Seizures", "qualifier_ui": "", "qualifier_name": null, "is_major_topic": false}, {"descriptor_ui": "D012846", "descriptor_name": "Singapore", "qualifier_ui": "Q000453", "qualifier_name": "epidemiology", "is_major_topic": false}, {"descriptor_ui": "D012846", "descriptor_name": "Singapore", "qualifier_ui": "", "qualifier_name": null, "is_major_topic": false}], "locations": [{"is_oa": null, "landing_page_url": null, "pdf_url": null, "source": {"id": "https://openalex.org/S94851452", "display_name": "Singapore Medical Journal", "issn_l": "0037-5675", "issn": ["0037-5675", "2737-5935"], "host_organization": "https://openalex.org/P4310320448", "type": "journal"}, "license": null, "version": null}], "best_oa_location": null, "alternate_host_venues": [{"id": "https://openalex.org/S94851452", "display_name": "Singapore Medical Journal", "type": "journal", "url": null, "is_oa": false, "version": null, "license": null}], "referenced_works": [], "related_works": ["https://openalex.org/W2018273184", "https://openalex.org/W2026385503", "https://openalex.org/W2037447117", "https://openalex.org/W2047571535", "https://openalex.org/W2209064857", "https://openalex.org/W2369016025", "https://openalex.org/W2510672070", "https://openalex.org/W2982211848", "https://openalex.org/W2998180053", "https://openalex.org/W3118763245"], "ngrams_url": "https://api.openalex.org/works/W2400088298/ngrams", "abstract_inverted_index": {"This": [0], "paper": [1], "reviews": [2], "the": [3, 9, 46, 63, 71, 81, 101, 108, 115, 121, 128, 152, 184, 295, 318, 337, 385, 390], "cases": [4, 39, 338], "of": [5, 24, 40, 53, 70, 80, 95, 107, 124, 160, 233, 284, 320, 336, 360, 367, 392], "eclampsia": [6, 25, 41, 126, 285], "managed": [7], "at": [8, 286], "Kandang": [10, 287], "Kerbau": [11, 288], "Hospital": [12, 289], "with": [13, 140, 262, 375], "respect": [14], "to": [15, 34, 114, 165, 175, 181, 224, 352, 388], "incidence,": [16], "management,": [17], "maternal": [18, 245, 311], "and": [19, 62, 76, 103, 136, 151, 169, 179, 186, 210, 222, 227, 266, 310, 328, 348, 380], "perinatal": [20, 216], "outcome.A": [21], "retrospective": [22], "analysis": [23], "occurring": [26], "over": [27, 294], "a": [28, 364, 376], "4-year": [29], "period": [30], "from": [31], "January": [32], "1990": [33], "December": [35], "1993.There": [36], "were": [37, 60, 73, 111, 198, 204, 235, 260], "27": [38], "among": [42], "59,599": [43], "deliveries": [44], "during": [45], "study": [47], "period,": [48], "giving": [49], "an": [50, 291], "overall": [51], "incidence": [52, 283, 391], "45.3": [54], "per": [55], "100,000": [56], "deliveries.": [57], "Sixteen": [58], "patients": [59, 75, 109, 131, 190, 197, 254, 271, 373], "nulliparous": [61], "mean": [64, 145, 153], "age": [65, 147], "was": [66, 120, 138, 148, 156, 214, 220, 243, 250, 332], "29": [67], "years.": [68, 298], "Two-thirds": [69], "cohort": [72, 82], "booked": [74], "more": [77, 350], "than": [78], "half": [79], "(55.6%)": [83, 132], "had": [84, 133], "their": [85], "first": [86, 116], "seizure": [87], "despite": [88, 193], "being": [89], "in": [90, 100, 127, 252, 280, 334, 356, 370], "hospital.": [91], "The": [92, 144, 231, 314], "majority": [93, 232], "(86.2%)": [94], "all": [96], "seizures": [97], "recorded": [98], "occurred": [99], "antepartum": [102], "intrapartum": [104], "period.": [105], "Eleven": [106], "(40.7%)": [110], "asymptomatic": [112], "prior": [113], "fit": [117], "while": [118], "headache": [119], "commonest": [122], "symptom": [123], "impending": [125], "remainder.": [129], "Fifteen": [130], "significant": [134, 141, 248, 301], "proteinuria": [135], "this": [137, 393], "associated": [139, 261], "neonatal": [142, 308], "morbidity.": [143, 313], "gestational": [146], "35.9": [149], "weeks": [150], "birth": [154, 228], "weight": [155], "2,328g.": [157], "Major": [158], "areas": [159], "substandard": [161, 330], "management": [162, 331], "included": [163], "failure": [164, 174, 180], "administer": [166], "anticonvulsant": [167, 194], "prophylaxis": [168], "antihypertensive": [170], "agents": [171], "when": [172], "indicated,": [173], "assess": [176], "for": [177, 346], "proteinuria,": [178], "closely": [182], "monitor": [183], "hypertensive": [185, 273], "proteinuric": [187], "patient.": [188], "Seven": [189, 270], "developed": [191], "convulsions": [192], "prophylaxis.": [195], "Twenty-four": [196], "delivered": [199], "by": [200], "Caesarean": [201], "section.": [202], "There": [203, 213, 242], "26": [205], "live": [206], "born": [207], "infants": [208, 234], "(singletons)": [209], "one": [211], "abortus.": [212], "no": [215, 244, 344], "mortality.": [217], "Neonatal": [218], "morbidity": [219, 249], "frequent": [221], "attributable": [223], "prematurity": [225, 265], "(51.9%)": [226], "asphyxia": [229], "(29.6%).": [230, 255], "well": [236, 306], "neurologically": [237], "on": [238, 274], "long": [239], "term": [240], "follow-up.": [241, 275], "mortality": [246, 303], "but": [247], "present": [251], "8": [253], "High": [256], "uric": [257], "acid": [258], "levels": [259], "intrauterine": [263, 267], "death,": [264], "growth": [268], "retardation.": [269], "remained": [272], "Residual": [276], "neurological": [277], "deficits": [278], "persisted": [279], "3": [281], "patients.The": [282], "shows": [290, 340], "unsteady": [292], "decline": [293], "past": [296], "4": [297], "It": [299], "carries": [300], "foetal": [302], "(3.7%)": [304], "as": [305, 307], "(74.1%)": [309], "(29.6%)": [312], "observation": [315], "that": [316, 329, 341, 349], "neither": [317], "occurrence": [319], "antenatal": [321], "office": [322], "visits": [323], "nor": [324], "hospitalisation": [325], "prevents": [326], "eclampsia,": [327], "identified": [333], "most": [335], "(77.8%)": [339], "there": [342], "is": [343], "room": [345], "complacency": [347], "needs": [351], "be": [353, 384], "done.": [354], "Improvement": [355], "patient": [357], "assessment,": [358], "institution": [359], "appropriate": [361], "preventive": [362], "therapy,": [363], "high": [365], "index": [366], "suspicion": [368], "even": [369], "apparently": [371], "low-risk": [372], "coupled": [374], "disease": [377], "notification": [378], "system": [379], "regular": [381], "audit": [382], "may": [383], "key": [386], "strategies": [387], "reduce": [389], "dreaded": [394], "obstetric": [395], "complication.": [396]}, "cited_by_api_url": "https://api.openalex.org/works?filter=cites:W2400088298", "counts_by_year": [{"year": 2014, "cited_by_count": 1}], "updated_date": "2023-02-22T23:48:18.228761", "created_date": "2016-06-24"}, {"id": "https://openalex.org/W193925801", "doi": null, "title": "Case of Isaacs syndrome successfully treated with phenytoin.", "display_name": "Case of Isaacs syndrome successfully treated with phenytoin.", "publication_year": 1993, "publication_date": "1993-11-01", "ids": {"openalex": "https://openalex.org/W193925801", "mag": "193925801", "pmid": "https://pubmed.ncbi.nlm.nih.gov/7910059"}, "primary_location": {"is_oa": null, "landing_page_url": null, "pdf_url": null, "source": {"id": "https://openalex.org/S2755764997", "display_name": "Journal of the Formosan Medical Association", "issn_l": "0929-6646", "issn": ["0929-6646", "1876-0821"], "host_organization": "https://openalex.org/P4310320990", "type": "journal"}, "license": null, "version": null}, "host_venue": {"id": "https://openalex.org/S2755764997", "issn_l": "0929-6646", "issn": ["0929-6646", "1876-0821"], "display_name": "Journal of the Formosan Medical Association", "publisher": "Elsevier BV", "type": "journal", "url": null, "is_oa": false, "version": null, "license": null}, "type": "journal-article", "open_access": {"is_oa": false, "oa_status": null, "oa_url": null}, "authorships": [{"author_position": "first", "author": {"id": "https://openalex.org/A2575850921", "display_name": "Y. H. Chang", "orcid": null}, "institutions": [{"id": "https://openalex.org/I3020100970", "display_name": "Chang Gung Memorial Hospital", "ror": "https://ror.org/02verss31", "country_code": "TW", "type": "healthcare"}], "raw_affiliation_string": "Department of Neurology, Chang Gung Memorial Hospital, Taipei, Taiwan R.O.C."}, {"author_position": "middle", "author": {"id": "https://openalex.org/A2321877497", "display_name": "C. Y. Wu", "orcid": null}, "institutions": [], "raw_affiliation_string": ""}, {"author_position": "middle", "author": {"id": "https://openalex.org/A2936860612", "display_name": "Chen Rs", "orcid": null}, "institutions": [], "raw_affiliation_string": ""}, {"author_position": "last", "author": {"id": "https://openalex.org/A2123646612", "display_name": "C. Lu", "orcid": null}, "institutions": [], "raw_affiliation_string": ""}], "cited_by_count": 1, "biblio": {"volume": "92", "issue": "11", "first_page": "1010", "last_page": "2"}, "is_retracted": false, "is_paratext": null, "concepts": [{"id": "https://openalex.org/C71924100", "wikidata": "https://www.wikidata.org/wiki/Q11190", "display_name": "Medicine", "level": 0, "score": "0.9644501"}, {"id": "https://openalex.org/C2777515770", "wikidata": "https://www.wikidata.org/wiki/Q507369", "display_name": "Electromyography", "level": 2, "score": "0.7801529"}, {"id": "https://openalex.org/C2778337148", "wikidata": "https://www.wikidata.org/wiki/Q410400", "display_name": "Phenytoin", "level": 3, "score": "0.7687342"}, {"id": "https://openalex.org/C2779819292", "wikidata": "https://www.wikidata.org/wiki/Q2006818", "display_name": "Muscle cramp", "level": 2, "score": "0.7325475"}, {"id": "https://openalex.org/C42219234", "wikidata": "https://www.wikidata.org/wiki/Q131130", "display_name": "Anesthesia", "level": 1, "score": "0.6001527"}, {"id": "https://openalex.org/C2776175493", "wikidata": "https://www.wikidata.org/wiki/Q210402", "display_name": "Diazepam", "level": 2, "score": "0.58355314"}, {"id": "https://openalex.org/C2781201050", "wikidata": "https://www.wikidata.org/wiki/Q413717", "display_name": "Baclofen", "level": 4, "score": "0.4380533"}, {"id": "https://openalex.org/C2776860028", "wikidata": "https://www.wikidata.org/wiki/Q1225289", "display_name": "Muscle relaxant", "level": 2, "score": "0.4245187"}, {"id": "https://openalex.org/C99508421", "wikidata": "https://www.wikidata.org/wiki/Q2678675", "display_name": "Physical medicine and rehabilitation", "level": 1, "score": "0.26528654"}, {"id": "https://openalex.org/C126322002", "wikidata": "https://www.wikidata.org/wiki/Q11180", "display_name": "Internal medicine", "level": 1, "score": "0.20479548"}, {"id": "https://openalex.org/C2778186239", "wikidata": "https://www.wikidata.org/wiki/Q41571", "display_name": "Epilepsy", "level": 2, "score": "0.17423102"}, {"id": "https://openalex.org/C2778938600", "wikidata": "https://www.wikidata.org/wiki/Q389934", "display_name": "Agonist", "level": 3, "score": "0.065389246"}, {"id": "https://openalex.org/C170493617", "wikidata": "https://www.wikidata.org/wiki/Q208467", "display_name": "Receptor", "level": 2, "score": "0.0"}, {"id": "https://openalex.org/C118552586", "wikidata": "https://www.wikidata.org/wiki/Q7867", "display_name": "Psychiatry", "level": 1, "score": "0.0"}], "mesh": [{"descriptor_ui": "D009127", "descriptor_name": "Muscle Rigidity", "qualifier_ui": "Q000188", "qualifier_name": "drug therapy", "is_major_topic": true}, {"descriptor_ui": "D009468", "descriptor_name": "Neuromuscular Diseases", "qualifier_ui": "Q000188", "qualifier_name": "drug therapy", "is_major_topic": true}, {"descriptor_ui": "D010672", "descriptor_name": "Phenytoin", "qualifier_ui": "Q000627", "qualifier_name": "therapeutic use", "is_major_topic": true}, {"descriptor_ui": "D000293", "descriptor_name": "Adolescent", "qualifier_ui": "", "qualifier_name": null, "is_major_topic": false}, {"descriptor_ui": "D004576", "descriptor_name": "Electromyography", "qualifier_ui": "", "qualifier_name": null, "is_major_topic": false}, {"descriptor_ui": "D006801", "descriptor_name": "Humans", "qualifier_ui": "", "qualifier_name": null, "is_major_topic": false}, {"descriptor_ui": "D008297", "descriptor_name": "Male", "qualifier_ui": "", "qualifier_name": null, "is_major_topic": false}, {"descriptor_ui": "D009119", "descriptor_name": "Muscle Contraction", "qualifier_ui": "", "qualifier_name": null, "is_major_topic": false}, {"descriptor_ui": "D009120", "descriptor_name": "Muscle Cramp", "qualifier_ui": "", "qualifier_name": null, "is_major_topic": false}, {"descriptor_ui": "D009120", "descriptor_name": "Muscle Cramp", "qualifier_ui": "Q000188", "qualifier_name": "drug therapy", "is_major_topic": false}, {"descriptor_ui": "D009127", "descriptor_name": "Muscle Rigidity", "qualifier_ui": "", "qualifier_name": null, "is_major_topic": false}, {"descriptor_ui": "D009127", "descriptor_name": "Muscle Rigidity", "qualifier_ui": "Q000503", "qualifier_name": "physiopathology", "is_major_topic": false}, {"descriptor_ui": "D009468", "descriptor_name": "Neuromuscular Diseases", "qualifier_ui": "", "qualifier_name": null, "is_major_topic": false}, {"descriptor_ui": "D009468", "descriptor_name": "Neuromuscular Diseases", "qualifier_ui": "Q000503", "qualifier_name": "physiopathology", "is_major_topic": false}, {"descriptor_ui": "D010672", "descriptor_name": "Phenytoin", "qualifier_ui": "", "qualifier_name": null, "is_major_topic": false}, {"descriptor_ui": "D013577", "descriptor_name": "Syndrome", "qualifier_ui": "", "qualifier_name": null, "is_major_topic": false}], "locations": [{"is_oa": null, "landing_page_url": null, "pdf_url": null, "source": {"id": "https://openalex.org/S2755764997", "display_name": "Journal of the Formosan Medical Association", "issn_l": "0929-6646", "issn": ["0929-6646", "1876-0821"], "host_organization": "https://openalex.org/P4310320990", "type": "journal"}, "license": null, "version": null}], "best_oa_location": null, "alternate_host_venues": [{"id": "https://openalex.org/S2755764997", "display_name": "Journal of the Formosan Medical Association", "type": "journal", "url": null, "is_oa": false, "version": null, "license": null}], "referenced_works": [], "related_works": ["https://openalex.org/W193925801", "https://openalex.org/W1130717520", "https://openalex.org/W1964520817", "https://openalex.org/W1977583742", "https://openalex.org/W1978410284", "https://openalex.org/W2037003950", "https://openalex.org/W2054395748", "https://openalex.org/W2128045765", "https://openalex.org/W2224257561", "https://openalex.org/W2754733837"], "ngrams_url": "https://api.openalex.org/works/W193925801/ngrams", "abstract_inverted_index": {"We": [0], "herein": [1], "report": [2], "on": [3], "an": [4], "18-year-old": [5], "Taiwanese": [6], "man": [7], "who": [8], "developed": [9], "acute": [10], "onset": [11], "of": [12, 16, 26, 52, 71, 123], "generalized": [13], "continuous": [14, 86], "contractions": [15, 70], "the": [17, 27, 35, 48, 72, 113, 120], "muscles.": [18], "The": [19, 39, 69, 90, 107], "involuntary": [20], "cramps": [21, 36, 40], "caused": [22], "a": [23, 59, 63], "dystonic": [24], "posture": [25], "neck": [28], "and": [29, 43, 112], "limbs.": [30], "Opisthotonos": [31], "was": [32, 102], "noted": [33, 103], "when": [34], "were": [37, 41, 81], "exacerbated.": [38], "painful": [42], "sensitive": [44], "to": [45, 95, 117], "movement,": [46], "so": [47], "patient": [49], "limited": [50], "movement": [51], "his": [53], "body.": [54], "External": [55], "stimulation,": [56], "such": [57], "as": [58], "pin": [60], "prick": [61], "or": [62, 97], "loud": [64], "noise,": [65], "would": [66], "aggravate": [67], "them.": [68], "muscles": [73], "persisted": [74], "during": [75], "sleep.": [76], "No": [77], "other": [78], "neurologic": [79], "abnormalities": [80], "noted.": [82], "Electromyography": [83], "showed": [84], "spontaneous": [85], "muscle": [87], "fiber": [88], "activity.": [89], "symptoms": [91], "did": [92], "not": [93], "respond": [94], "baclofen": [96], "diazepam;": [98], "however,": [99], "remarkable": [100], "improvement": [101], "after": [104], "giving": [105], "phenytoin.": [106], "clinical": [108], "presentation,": [109], "electromyographic": [110], "findings,": [111], "patient's": [114], "beneficial": [115], "response": [116], "phenytoin": [118], "fulfilled": [119], "diagnostic": [121], "characteristics": [122], "Isaacs": [124], "syndrome.": [125]}, "cited_by_api_url": "https://api.openalex.org/works?filter=cites:W193925801", "counts_by_year": [{"year": 2014, "cited_by_count": 1}], "updated_date": "2023-02-28T04:03:47.589197", "created_date": "2016-06-24"}]