[{"id": "https://openalex.org/W2042249009", "doi": "https://doi.org/10.1097/bsd.0b013e318175ddb4", "title": "Recurrent Lumbar Disc Herniation After Conventional Discectomy", "display_name": "Recurrent Lumbar Disc Herniation After Conventional Discectomy", "publication_year": 2009, "publication_date": "2009-04-01", "ids": {"openalex": "https://openalex.org/W2042249009", "doi": "https://doi.org/10.1097/bsd.0b013e318175ddb4", "mag": "2042249009", "pmid": "https://pubmed.ncbi.nlm.nih.gov/19342934"}, "primary_location": {"is_oa": false, "landing_page_url": "https://doi.org/10.1097/bsd.0b013e318175ddb4", "pdf_url": null, "source": {"id": "https://openalex.org/S26391302", "display_name": "Journal of Spinal Disorders & Techniques", "issn_l": "1536-0652", "issn": ["1539-2465", "1536-0652"], "host_organization": "https://openalex.org/P4310315671", "host_organization_name": "Lippincott Williams & Wilkins", "type": "journal"}, "license": null, "version": null}, "host_venue": {"id": "https://openalex.org/S26391302", "issn_l": "1536-0652", "issn": ["1539-2465", "1536-0652"], "display_name": "Journal of Spinal Disorders & Techniques", "publisher": "Lippincott Williams & Wilkins", "type": "journal", "url": null, "is_oa": false, "version": null, "license": null}, "type": "journal-article", "open_access": {"is_oa": false, "oa_status": "closed", "oa_url": null}, "authorships": [{"author_position": "first", "author": {"id": "https://openalex.org/A770947811", "display_name": "Sebastian Ruetten", "orcid": "https://orcid.org/0000-0003-2995-2534"}, "institutions": [{"id": null, "display_name": "Department of Spine Surgery and Pain Therapy, Center for Orthopaedics and Traumatology, St. Anna-Hospital Herne, University of Witten/Herdecke, Herne, Germany. info@s-ruetten.com", "ror": null, "country_code": null, "type": null}], "raw_affiliation_string": "Department of Spine Surgery and Pain Therapy, Center for Orthopaedics and Traumatology, St. Anna-Hospital Herne, University of Witten/Herdecke, Herne, Germany. info@s-ruetten.com"}, {"author_position": "middle", "author": {"id": "https://openalex.org/A2012851618", "display_name": "Martin Komp", "orcid": null}, "institutions": [], "raw_affiliation_string": ""}, {"author_position": "middle", "author": {"id": "https://openalex.org/A2465179072", "display_name": "Harry Merk", "orcid": null}, "institutions": [], "raw_affiliation_string": ""}, {"author_position": "last", "author": {"id": "https://openalex.org/A2721329001", "display_name": "Georgios Godolias", "orcid": null}, "institutions": [], "raw_affiliation_string": ""}], "cited_by_count": 169, "biblio": {"volume": "22", "issue": "2", "first_page": "122", "last_page": "129"}, "is_retracted": false, "is_paratext": false, "concepts": [{"id": "https://openalex.org/C71924100", "wikidata": "https://www.wikidata.org/wiki/Q11190", "display_name": "Medicine", "level": 0, "score": "0.9730145"}, {"id": "https://openalex.org/C141071460", "wikidata": "https://www.wikidata.org/wiki/Q40821", "display_name": "Surgery", "level": 1, "score": "0.7115893"}, {"id": "https://openalex.org/C2776008035", "wikidata": "https://www.wikidata.org/wiki/Q3029776", "display_name": "Discectomy", "level": 3, "score": "0.67506254"}, {"id": "https://openalex.org/C14184104", "wikidata": "https://www.wikidata.org/wiki/Q1362526", "display_name": "Visual analogue scale", "level": 2, "score": "0.6318794"}, {"id": "https://openalex.org/C44575665", "wikidata": "https://www.wikidata.org/wiki/Q1293405", "display_name": "Lumbar", "level": 2, "score": "0.54854053"}, {"id": "https://openalex.org/C2992636618", "wikidata": "https://www.wikidata.org/wiki/Q697117", "display_name": "Lumbar disc herniation", "level": 3, "score": "0.5156771"}, {"id": "https://openalex.org/C2781437307", "wikidata": "https://www.wikidata.org/wiki/Q977628", "display_name": "Microsurgery", "level": 2, "score": "0.487499"}, {"id": "https://openalex.org/C2909668398", "wikidata": "https://www.wikidata.org/wiki/Q3029776", "display_name": "Diskectomy", "level": 4, "score": "0.48707464"}, {"id": "https://openalex.org/C2778451229", "wikidata": "https://www.wikidata.org/wiki/Q212809", "display_name": "Endoscopy", "level": 2, "score": "0.4644549"}, {"id": "https://openalex.org/C2775998654", "wikidata": "https://www.wikidata.org/wiki/Q11751687", "display_name": "Oswestry Disability Index", "level": 4, "score": "0.43002534"}, {"id": "https://openalex.org/C2778818304", "wikidata": "https://www.wikidata.org/wiki/Q1819478", "display_name": "Rehabilitation", "level": 2, "score": "0.42333066"}, {"id": "https://openalex.org/C3018239782", "wikidata": "https://www.wikidata.org/wiki/Q502781", "display_name": "Intervertebral disk", "level": 3, "score": "0.4111799"}, {"id": "https://openalex.org/C2780907711", "wikidata": "https://www.wikidata.org/wiki/Q852163", "display_name": "Low back pain", "level": 3, "score": "0.37100977"}, {"id": "https://openalex.org/C2779835254", "wikidata": "https://www.wikidata.org/wiki/Q405478", "display_name": "Lumbar vertebrae", "level": 3, "score": "0.27239335"}, {"id": "https://openalex.org/C1862650", "wikidata": "https://www.wikidata.org/wiki/Q186005", "display_name": "Physical therapy", "level": 1, "score": "0.16367847"}, {"id": "https://openalex.org/C204787440", "wikidata": "https://www.wikidata.org/wiki/Q188504", "display_name": "Alternative medicine", "level": 2, "score": "0.0"}, {"id": "https://openalex.org/C142724271", "wikidata": "https://www.wikidata.org/wiki/Q7208", "display_name": "Pathology", "level": 1, "score": "0.0"}], "mesh": [{"descriptor_ui": "D004724", "descriptor_name": "Endoscopy", "qualifier_ui": "Q000706", "qualifier_name": "statistics & numerical data", "is_major_topic": true}, {"descriptor_ui": "D007403", "descriptor_name": "Intervertebral Disc", "qualifier_ui": "Q000601", "qualifier_name": "surgery", "is_major_topic": true}, {"descriptor_ui": "D007405", "descriptor_name": "Intervertebral Disc Displacement", "qualifier_ui": "Q000601", "qualifier_name": "surgery", "is_major_topic": true}, {"descriptor_ui": "D008866", "descriptor_name": "Microsurgery", "qualifier_ui": "Q000706", "qualifier_name": "statistics & numerical data", "is_major_topic": true}, {"descriptor_ui": "D011183", "descriptor_name": "Postoperative Complications", "qualifier_ui": "Q000601", "qualifier_name": "surgery", "is_major_topic": true}, {"descriptor_ui": "D012086", "descriptor_name": "Reoperation", "qualifier_ui": "Q000379", "qualifier_name": "methods", "is_major_topic": true}, {"descriptor_ui": "D000328", "descriptor_name": "Adult", "qualifier_ui": "", "qualifier_name": null, "is_major_topic": false}, {"descriptor_ui": "D004724", "descriptor_name": "Endoscopy", "qualifier_ui": "", "qualifier_name": null, "is_major_topic": false}, {"descriptor_ui": "D005260", "descriptor_name": "Female", "qualifier_ui": "", "qualifier_name": null, "is_major_topic": false}, {"descriptor_ui": "D006801", "descriptor_name": "Humans", "qualifier_ui": "", "qualifier_name": null, "is_major_topic": false}, {"descriptor_ui": "D007403", "descriptor_name": "Intervertebral Disc", "qualifier_ui": "Q000473", "qualifier_name": "pathology", "is_major_topic": false}, {"descriptor_ui": "D007403", "descriptor_name": "Intervertebral Disc", "qualifier_ui": "", "qualifier_name": null, "is_major_topic": false}, {"descriptor_ui": "D007403", "descriptor_name": "Intervertebral Disc", "qualifier_ui": "Q000000981", "qualifier_name": "diagnostic imaging", "is_major_topic": false}, {"descriptor_ui": "D007405", "descriptor_name": "Intervertebral Disc Displacement", "qualifier_ui": "Q000503", "qualifier_name": "physiopathology", "is_major_topic": false}, {"descriptor_ui": "D007405", "descriptor_name": "Intervertebral Disc Displacement", "qualifier_ui": "Q000473", "qualifier_name": "pathology", "is_major_topic": false}, {"descriptor_ui": "D007405", "descriptor_name": "Intervertebral Disc Displacement", "qualifier_ui": "", "qualifier_name": null, "is_major_topic": false}, {"descriptor_ui": "D008159", "descriptor_name": "Lumbar Vertebrae", "qualifier_ui": "Q000601", "qualifier_name": "surgery", "is_major_topic": false}, {"descriptor_ui": "D008159", "descriptor_name": "Lumbar Vertebrae", "qualifier_ui": "Q000473", "qualifier_name": "pathology", "is_major_topic": false}, {"descriptor_ui": "D008159", "descriptor_name": "Lumbar Vertebrae", "qualifier_ui": "Q000000981", "qualifier_name": "diagnostic imaging", "is_major_topic": false}, {"descriptor_ui": "D008159", "descriptor_name": "Lumbar Vertebrae", "qualifier_ui": "", "qualifier_name": null, "is_major_topic": false}, {"descriptor_ui": "D008297", "descriptor_name": "Male", "qualifier_ui": "", "qualifier_name": null, "is_major_topic": false}, {"descriptor_ui": "D008866", "descriptor_name": "Microsurgery", "qualifier_ui": "", "qualifier_name": null, "is_major_topic": false}, {"descriptor_ui": "D008875", "descriptor_name": "Middle Aged", "qualifier_ui": "", "qualifier_name": null, "is_major_topic": false}, {"descriptor_ui": "D010149", "descriptor_name": "Pain, Postoperative", "qualifier_ui": "Q000209", "qualifier_name": "etiology", "is_major_topic": false}, {"descriptor_ui": "D010149", "descriptor_name": "Pain, Postoperative", "qualifier_ui": "Q000601", "qualifier_name": "surgery", "is_major_topic": false}, {"descriptor_ui": "D010149", "descriptor_name": "Pain, Postoperative", "qualifier_ui": "Q000503", "qualifier_name": "physiopathology", "is_major_topic": false}, {"descriptor_ui": "D010149", "descriptor_name": "Pain, Postoperative", "qualifier_ui": "", "qualifier_name": null, "is_major_topic": false}, {"descriptor_ui": "D017060", "descriptor_name": "Patient Satisfaction", "qualifier_ui": "", "qualifier_name": null, "is_major_topic": false}, {"descriptor_ui": "D011183", "descriptor_name": "Postoperative Complications", "qualifier_ui": "", "qualifier_name": null, "is_major_topic": false}, {"descriptor_ui": "D011183", "descriptor_name": "Postoperative Complications", "qualifier_ui": "Q000503", "qualifier_name": "physiopathology", "is_major_topic": false}, {"descriptor_ui": "D011183", "descriptor_name": "Postoperative Complications", "qualifier_ui": "Q000209", "qualifier_name": "etiology", "is_major_topic": false}, {"descriptor_ui": "D011446", "descriptor_name": "Prospective Studies", "qualifier_ui": "", "qualifier_name": null, "is_major_topic": false}, {"descriptor_ui": "D011859", "descriptor_name": "Radiography", "qualifier_ui": "", "qualifier_name": null, "is_major_topic": false}, {"descriptor_ui": "D012086", "descriptor_name": "Reoperation", "qualifier_ui": "", "qualifier_name": null, "is_major_topic": false}, {"descriptor_ui": "D012086", "descriptor_name": "Reoperation", "qualifier_ui": "Q000295", "qualifier_name": "instrumentation", "is_major_topic": false}, {"descriptor_ui": "D012585", "descriptor_name": "Sciatica", "qualifier_ui": "", "qualifier_name": null, "is_major_topic": false}, {"descriptor_ui": "D012585", "descriptor_name": "Sciatica", "qualifier_ui": "Q000601", "qualifier_name": "surgery", "is_major_topic": false}, {"descriptor_ui": "D012585", "descriptor_name": "Sciatica", "qualifier_ui": "Q000503", "qualifier_name": "physiopathology", "is_major_topic": false}, {"descriptor_ui": "D012585", "descriptor_name": "Sciatica", "qualifier_ui": "Q000209", "qualifier_name": "etiology", "is_major_topic": false}, {"descriptor_ui": "D016896", "descriptor_name": "Treatment Outcome", "qualifier_ui": "", "qualifier_name": null, "is_major_topic": false}, {"descriptor_ui": "D055815", "descriptor_name": "Young Adult", "qualifier_ui": "", "qualifier_name": null, "is_major_topic": false}], "locations": [{"is_oa": false, "landing_page_url": "https://doi.org/10.1097/bsd.0b013e318175ddb4", "pdf_url": null, "source": {"id": "https://openalex.org/S26391302", "display_name": "Journal of Spinal Disorders & Techniques", "issn_l": "1536-0652", "issn": ["1539-2465", "1536-0652"], "host_organization": "https://openalex.org/P4310315671", "host_organization_name": "Lippincott Williams & Wilkins", "type": "journal"}, "license": null, "version": null}], "best_oa_location": null, "alternate_host_venues": [{"id": "https://openalex.org/S26391302", "display_name": "Journal of Spinal Disorders & Techniques", "type": "journal", "url": null, "is_oa": false, "version": null, "license": null}], "referenced_works": ["https://openalex.org/W177664694", "https://openalex.org/W1581420689", "https://openalex.org/W1896924963", "https://openalex.org/W1911853268", "https://openalex.org/W1964171656", "https://openalex.org/W1964229037", "https://openalex.org/W1965407651", "https://openalex.org/W1969903474", "https://openalex.org/W1971098986", "https://openalex.org/W1973195355", "https://openalex.org/W1973956163", "https://openalex.org/W1976051146", "https://openalex.org/W1983531500", "https://openalex.org/W1984204652", "https://openalex.org/W1984536493", "https://openalex.org/W1984828494", "https://openalex.org/W1985880055", "https://openalex.org/W1988292293", "https://openalex.org/W1995310763", "https://openalex.org/W1997350554", "https://openalex.org/W1998726572", "https://openalex.org/W2002216827", "https://openalex.org/W2006811998", "https://openalex.org/W2007384430", "https://openalex.org/W2007498217", "https://openalex.org/W2011966670", "https://openalex.org/W2011979091", "https://openalex.org/W2012727504", "https://openalex.org/W2019213684", "https://openalex.org/W2023529323", "https://openalex.org/W2024951836", "https://openalex.org/W2027069257", "https://openalex.org/W2030867462", "https://openalex.org/W2032116848", "https://openalex.org/W2032306392", "https://openalex.org/W2032397127", "https://openalex.org/W2033921976", "https://openalex.org/W2034277875", "https://openalex.org/W2034390080", "https://openalex.org/W2035300998", "https://openalex.org/W2041689528", "https://openalex.org/W2042643062", "https://openalex.org/W2044285001", "https://openalex.org/W2046869867", "https://openalex.org/W2047321797", "https://openalex.org/W2048449801", "https://openalex.org/W2053074042", "https://openalex.org/W2057010008", "https://openalex.org/W2059597723", "https://openalex.org/W2059986466", "https://openalex.org/W2064939497", "https://openalex.org/W2065318555", "https://openalex.org/W2068698885", "https://openalex.org/W2070407221", "https://openalex.org/W2072362604", "https://openalex.org/W2074795529", "https://openalex.org/W2076433666", "https://openalex.org/W2077954444", "https://openalex.org/W2079307991", "https://openalex.org/W2079523615", "https://openalex.org/W2082192939", "https://openalex.org/W2082644701", "https://openalex.org/W2085415259", "https://openalex.org/W2087161576", "https://openalex.org/W2087258894", "https://openalex.org/W2087538079", "https://openalex.org/W2092739038", "https://openalex.org/W2094429476", "https://openalex.org/W2095077379", "https://openalex.org/W2096284536", "https://openalex.org/W2109989715", "https://openalex.org/W2110152581", "https://openalex.org/W2122959891", "https://openalex.org/W2123284945", "https://openalex.org/W2143100083", "https://openalex.org/W2231448520", "https://openalex.org/W2305267702", "https://openalex.org/W2314138707", "https://openalex.org/W2368718064", "https://openalex.org/W2413739048", "https://openalex.org/W2416694413", "https://openalex.org/W2507813647", "https://openalex.org/W2783255307", "https://openalex.org/W3082030516", "https://openalex.org/W4229625940", "https://openalex.org/W4256228228"], "related_works": ["https://openalex.org/W1912002796", "https://openalex.org/W2042249009", "https://openalex.org/W2050233822", "https://openalex.org/W2355125406", "https://openalex.org/W2945794307", "https://openalex.org/W2984201932", "https://openalex.org/W2989504141", "https://openalex.org/W3030765447", "https://openalex.org/W3196515430", "https://openalex.org/W4310211186"], "ngrams_url": "https://api.openalex.org/works/W2042249009/ngrams", "abstract_inverted_index": {"Prospective,": [0], "randomized,": [1], "controlled": [2], "study": [3], "of": [4, 22, 24, 47, 53, 87, 146, 159, 208, 216, 241], "patients": [5, 110, 161], "with": [6, 34, 111, 186], "recurrent": [7, 112, 251], "lumbar": [8, 25, 40, 108, 252], "disc": [9, 41, 69, 253], "herniations": [10, 254], "after": [11, 39, 114], "conventional": [12, 36, 115], "discectomy,": [13], "operated": [14], "either": [15], "in": [16, 28, 83, 178, 198, 227], "a": [17, 266], "full-endoscopic": [18, 29, 102, 118, 193, 210, 261], "or": [19, 119, 245], "microsurgical": [20, 37, 120, 218, 274], "technique.Comparison": [21], "results": [23, 174, 207], "revision": [26], "discectomies": [27], "interlaminar": [30, 99, 244], "and": [31, 59, 93, 98, 122, 132, 167, 204, 231, 238, 268, 271], "transforaminal": [32, 97, 249], "technique": [33, 211, 230], "the": [35, 48, 51, 81, 88, 96, 107, 135, 147, 160, 176, 190, 199, 209, 217, 221, 228, 235, 239, 260], "technique.Recurrences": [38], "operations": [42], "cannot": [43], "be": [44, 57, 256], "prevented.": [45], "Because": [46], "existing": [49], "scarring,": [50], "risk": [52], "intraoperative": [54], "complications": [55], "may": [56, 62], "increased": [58], "consecutive": [60], "damage": [61], "arise": [63], "owing": [64], "to": [65, 130, 214, 247, 273], "greater": [66], "traumatization.": [67, 233], "In": [68, 128], "surgery,": [70], "tissue-sparing": [71], "interventions": [72], "are": [73, 104, 212, 225], "becoming": [74], "more": [75], "widespread.": [76], "Endoscopic": [77], "techniques": [78, 194], "have": [79], "become": [80], "standard": [82], "many": [84], "areas": [85], "because": [86], "advantages": [89, 197, 226], "they": [90], "offer": [91], "intraoperatively": [92], "postoperatively.": [94], "With": [95, 234], "techniques,": [100], "2": [101, 126], "procedures": [103], "available": [105], "for": [106, 125], "spine.Eighty-seven": [109], "herniation": [113], "discectomy": [116], "underwent": [117], "intervention": [121], "were": [123, 139, 175], "followed": [124], "years.": [127], "addition": [129], "general": [131], "specific": [133], "parameters,": [134], "following": [136, 200], "measuring": [137], "instruments": [138], "used:": [140], "visual": [141], "analog": [142], "scale,": [143], "German": [144], "version": [145], "North": [148], "American": [149], "Spine": [150], "Society": [151], "Instrument,": [152], "Oswestry": [153], "Low-Back": [154], "Pain": [155], "Disability": [156], "Questionnaire.Postoperatively,": [157], "79%": [158], "no": [162, 187], "longer": [163], "had": [164, 169], "leg": [165], "pain,": [166], "16%": [168], "occasional": [170], "pain.": [171], "The": [172, 181, 192], "clinical": [173, 206], "same": [177, 222], "both": [179], "groups.": [180, 191], "re-recurrence": [182], "rate": [183], "was": [184], "5.7%": [185], "difference": [188], "between": [189], "brought": [195], "significant": [196], "areas:": [201], "rehabilitation,": [202], "complications,": [203], "traumatization.The": [205], "equal": [213], "those": [215], "technique.": [219, 262], "At": [220], "time,": [223], "there": [224], "operation": [229], "reduced": [232], "surgical": [236], "devices": [237], "possibility": [240], "selecting": [242], "an": [243], "posterolateral": [246], "lateral": [248], "procedure,": [250], "can": [255], "sufficiently": [257], "removed": [258], "using": [259], "Full-endoscopic": [263], "surgery": [264], "is": [265], "sufficient": [267], "safe": [269], "supplementation": [270], "alternative": [272], "procedures.": [275]}, "cited_by_api_url": "https://api.openalex.org/works?filter=cites:W2042249009", "counts_by_year": [{"year": 2023, "cited_by_count": 2}, {"year": 2022, "cited_by_count": 14}, {"year": 2021, "cited_by_count": 22}, {"year": 2020, "cited_by_count": 18}, {"year": 2019, "cited_by_count": 18}, {"year": 2018, "cited_by_count": 22}, {"year": 2017, "cited_by_count": 13}, {"year": 2016, "cited_by_count": 17}, {"year": 2015, "cited_by_count": 11}, {"year": 2014, "cited_by_count": 11}, {"year": 2013, "cited_by_count": 8}, {"year": 2012, "cited_by_count": 6}], "updated_date": "2023-03-16T18:10:03.755990", "created_date": "2016-06-24"}, {"id": "https://openalex.org/W2136501955", "doi": "https://doi.org/10.1007/s00586-008-0676-z", "title": "Pre-emptive infiltration of levobupivacaine is superior to at-closure administration in lumbar laminectomy patients", "display_name": "Pre-emptive infiltration of levobupivacaine is superior to at-closure administration in lumbar laminectomy patients", "publication_year": 2008, "publication_date": "2008-04-19", "ids": {"openalex": "https://openalex.org/W2136501955", "doi": "https://doi.org/10.1007/s00586-008-0676-z", "mag": "2136501955", "pmid": "https://pubmed.ncbi.nlm.nih.gov/18425538", "pmcid": "https://www.ncbi.nlm.nih.gov/pmc/articles/2527409"}, "primary_location": {"is_oa": false, "landing_page_url": "https://doi.org/10.1007/s00586-008-0676-z", "pdf_url": null, "source": {"id": "https://openalex.org/S100227592", "display_name": "European Spine Journal", "issn_l": "0940-6719", "issn": ["0940-6719", "1432-0932"], "host_organization": "https://openalex.org/P4310319900", "host_organization_name": "Springer Science+Business Media", "type": "journal"}, "license": null, "version": null}, "host_venue": {"id": "https://openalex.org/S100227592", "issn_l": "0940-6719", "issn": ["0940-6719", "1432-0932"], "display_name": "European Spine Journal", "publisher": "Springer Science+Business Media", "type": "journal", "url": null, "is_oa": false, "version": null, "license": null}, "type": "journal-article", "open_access": {"is_oa": true, "oa_status": "green", "oa_url": "https://europepmc.org/articles/pmc2527409?pdf=render"}, "authorships": [{"author_position": "first", "author": {"id": "https://openalex.org/A1981680383", "display_name": "Alp Gurbet", "orcid": null}, "institutions": [{"id": "https://openalex.org/I131835042", "display_name": "Uluda\u011f University", "ror": "https://ror.org/03tg3eb07", "country_code": "TR", "type": "education"}], "raw_affiliation_string": "Department of Anesthesiology and Reanimation, Uludag University, Faculty of Medicine, Bursa, Turkey"}, {"author_position": "middle", "author": {"id": "https://openalex.org/A1821149034", "display_name": "Ahmet Bekar", "orcid": null}, "institutions": [{"id": "https://openalex.org/I131835042", "display_name": "Uluda\u011f University", "ror": "https://ror.org/03tg3eb07", "country_code": "TR", "type": "education"}], "raw_affiliation_string": "Uluda\u011f University Faculty of Medicine"}, {"author_position": "middle", "author": {"id": "https://openalex.org/A2011903234", "display_name": "H\u00fclya Bilgin", "orcid": "https://orcid.org/0000-0001-7332-5568"}, "institutions": [{"id": "https://openalex.org/I131835042", "display_name": "Uluda\u011f University", "ror": "https://ror.org/03tg3eb07", "country_code": "TR", "type": "education"}], "raw_affiliation_string": "Uluda\u011f University Faculty of Medicine"}, {"author_position": "middle", "author": {"id": "https://openalex.org/A320533391", "display_name": "G\u00fclsen Korfali", "orcid": null}, "institutions": [{"id": "https://openalex.org/I131835042", "display_name": "Uluda\u011f University", "ror": "https://ror.org/03tg3eb07", "country_code": "TR", "type": "education"}], "raw_affiliation_string": "Uluda\u011f University Faculty of Medicine"}, {"author_position": "middle", "author": {"id": "https://openalex.org/A326205149", "display_name": "Selcuk Yilmazlar", "orcid": "https://orcid.org/0000-0003-3633-7919"}, "institutions": [{"id": "https://openalex.org/I131835042", "display_name": "Uluda\u011f University", "ror": "https://ror.org/03tg3eb07", "country_code": "TR", "type": "education"}], "raw_affiliation_string": "Uluda\u011f University Faculty of Medicine"}, {"author_position": "last", "author": {"id": "https://openalex.org/A3024252147", "display_name": "Mehmet Tercan", "orcid": "https://orcid.org/0000-0003-0736-0490"}, "institutions": [{"id": "https://openalex.org/I131835042", "display_name": "Uluda\u011f University", "ror": "https://ror.org/03tg3eb07", "country_code": "TR", "type": "education"}], "raw_affiliation_string": "Uluda\u011f University Faculty of Medicine"}], "cited_by_count": 66, "biblio": {"volume": "17", "issue": "9", "first_page": "1237", "last_page": "1241"}, "is_retracted": false, "is_paratext": false, "concepts": [{"id": "https://openalex.org/C2776572635", "wikidata": "https://www.wikidata.org/wiki/Q3272027", "display_name": "Levobupivacaine", "level": 3, "score": "0.9906644"}, {"id": "https://openalex.org/C71924100", "wikidata": "https://www.wikidata.org/wiki/Q11190", "display_name": "Medicine", "level": 0, "score": "0.9657254"}, {"id": "https://openalex.org/C42219234", "wikidata": "https://www.wikidata.org/wiki/Q131130", "display_name": "Anesthesia", "level": 1, "score": "0.7054328"}, {"id": "https://openalex.org/C2780372218", "wikidata": "https://www.wikidata.org/wiki/Q417222", "display_name": "Methylprednisolone", "level": 2, "score": "0.58984697"}, {"id": "https://openalex.org/C141071460", "wikidata": "https://www.wikidata.org/wiki/Q40821", "display_name": "Surgery", "level": 1, "score": "0.57846236"}, {"id": "https://openalex.org/C44575665", "wikidata": "https://www.wikidata.org/wiki/Q1293405", "display_name": "Lumbar", "level": 2, "score": "0.55941534"}, {"id": "https://openalex.org/C2780580376", "wikidata": "https://www.wikidata.org/wiki/Q186889", "display_name": "Nausea", "level": 2, "score": "0.47982097"}, {"id": "https://openalex.org/C2781328992", "wikidata": "https://www.wikidata.org/wiki/Q422806", "display_name": "Bupivacaine", "level": 2, "score": "0.18735835"}], "mesh": [{"descriptor_ui": "D000779", "descriptor_name": "Anesthetics, Local", "qualifier_ui": "Q000627", "qualifier_name": "therapeutic use", "is_major_topic": true}, {"descriptor_ui": "D000779", "descriptor_name": "Anesthetics, Local", "qualifier_ui": "Q000008", "qualifier_name": "administration & dosage", "is_major_topic": true}, {"descriptor_ui": "D007796", "descriptor_name": "Laminectomy", "qualifier_ui": "Q000379", "qualifier_name": "methods", "is_major_topic": true}, {"descriptor_ui": "D017116", "descriptor_name": "Low Back Pain", "qualifier_ui": "Q000188", "qualifier_name": "drug therapy", "is_major_topic": true}, {"descriptor_ui": "D008159", "descriptor_name": "Lumbar Vertebrae", "qualifier_ui": "Q000601", "qualifier_name": "surgery", "is_major_topic": true}, {"descriptor_ui": "D000328", "descriptor_name": "Adult", "qualifier_ui": "", "qualifier_name": null, "is_major_topic": false}, {"descriptor_ui": "D000779", "descriptor_name": "Anesthetics, Local", "qualifier_ui": "", "qualifier_name": null, "is_major_topic": false}, {"descriptor_ui": "D000893", "descriptor_name": "Anti-Inflammatory Agents", "qualifier_ui": "", "qualifier_name": null, "is_major_topic": false}, {"descriptor_ui": "D000893", "descriptor_name": "Anti-Inflammatory Agents", "qualifier_ui": "Q000627", "qualifier_name": "therapeutic use", "is_major_topic": false}, {"descriptor_ui": "D002045", "descriptor_name": "Bupivacaine", "qualifier_ui": "", "qualifier_name": null, "is_major_topic": false}, {"descriptor_ui": "D002045", "descriptor_name": "Bupivacaine", "qualifier_ui": "Q000627", "qualifier_name": "therapeutic use", "is_major_topic": false}, {"descriptor_ui": "D002045", "descriptor_name": "Bupivacaine", "qualifier_ui": "Q000031", "qualifier_name": "analogs & derivatives", "is_major_topic": false}, {"descriptor_ui": "D002045", "descriptor_name": "Bupivacaine", "qualifier_ui": "Q000008", "qualifier_name": "administration & dosage", "is_major_topic": false}, {"descriptor_ui": "D004311", "descriptor_name": "Double-Blind Method", "qualifier_ui": "", "qualifier_name": null, "is_major_topic": false}, {"descriptor_ui": "D004359", "descriptor_name": "Drug Therapy, Combination", "qualifier_ui": "", "qualifier_name": null, "is_major_topic": false}, {"descriptor_ui": "D005260", "descriptor_name": "Female", "qualifier_ui": "", "qualifier_name": null, "is_major_topic": false}, {"descriptor_ui": "D006801", "descriptor_name": "Humans", "qualifier_ui": "", "qualifier_name": null, "is_major_topic": false}, {"descriptor_ui": "D007796", "descriptor_name": "Laminectomy", "qualifier_ui": "", "qualifier_name": null, "is_major_topic": false}, {"descriptor_ui": "D007796", "descriptor_name": "Laminectomy", "qualifier_ui": "Q000009", "qualifier_name": "adverse effects", "is_major_topic": false}, {"descriptor_ui": "D000077554", "descriptor_name": "Levobupivacaine", "qualifier_ui": "", "qualifier_name": null, "is_major_topic": false}, {"descriptor_ui": "D017116", "descriptor_name": "Low Back Pain", "qualifier_ui": "Q000209", "qualifier_name": "etiology", "is_major_topic": false}, {"descriptor_ui": "D017116", "descriptor_name": "Low Back Pain", "qualifier_ui": "", "qualifier_name": null, "is_major_topic": false}, {"descriptor_ui": "D008159", "descriptor_name": "Lumbar Vertebrae", "qualifier_ui": "", "qualifier_name": null, "is_major_topic": false}, {"descriptor_ui": "D008297", "descriptor_name": "Male", "qualifier_ui": "", "qualifier_name": null, "is_major_topic": false}, {"descriptor_ui": "D008775", "descriptor_name": "Methylprednisolone", "qualifier_ui": "Q000627", "qualifier_name": "therapeutic use", "is_major_topic": false}, {"descriptor_ui": "D008775", "descriptor_name": "Methylprednisolone", "qualifier_ui": "", "qualifier_name": null, "is_major_topic": false}, {"descriptor_ui": "D008875", "descriptor_name": "Middle Aged", "qualifier_ui": "", "qualifier_name": null, "is_major_topic": false}, {"descriptor_ui": "D011446", "descriptor_name": "Prospective Studies", "qualifier_ui": "", "qualifier_name": null, "is_major_topic": false}], "locations": [{"is_oa": false, "landing_page_url": "https://doi.org/10.1007/s00586-008-0676-z", "pdf_url": null, "source": {"id": "https://openalex.org/S100227592", "display_name": "European Spine Journal", "issn_l": "0940-6719", "issn": ["0940-6719", "1432-0932"], "host_organization": "https://openalex.org/P4310319900", "host_organization_name": "Springer Science+Business Media", "type": "journal"}, "license": null, "version": null}, {"is_oa": true, "landing_page_url": "https://europepmc.org/articles/pmc2527409", "pdf_url": "https://europepmc.org/articles/pmc2527409?pdf=render", "source": {"id": "https://openalex.org/S4306400806", "display_name": "Europe PMC (PubMed Central)", "issn_l": null, "issn": null, "host_organization": null, "host_organization_name": "PubMed Central", "type": "repository"}, "license": null, "version": "publishedVersion"}, {"is_oa": true, "landing_page_url": "https://www.ncbi.nlm.nih.gov/pmc/articles/PMC2527409", "pdf_url": null, "source": {"id": "https://openalex.org/S2764455111", "display_name": "PubMed Central", "issn_l": null, "issn": null, "host_organization": "https://openalex.org/I1299303238", "host_organization_name": null, "type": "repository"}, "license": null, "version": "publishedVersion"}], "best_oa_location": {"is_oa": true, "landing_page_url": "https://europepmc.org/articles/pmc2527409", "pdf_url": "https://europepmc.org/articles/pmc2527409?pdf=render", "source": {"id": "https://openalex.org/S4306400806", "display_name": "Europe PMC (PubMed Central)", "issn_l": null, "issn": null, "host_organization": null, "host_organization_name": "PubMed Central", "type": "repository"}, "license": null, "version": "publishedVersion"}, "alternate_host_venues": [{"id": "https://openalex.org/S100227592", "display_name": "European Spine Journal", "type": "journal", "url": null, "is_oa": false, "version": null, "license": null}, {"id": "https://openalex.org/S4306400806", "display_name": "Europe PMC (PubMed Central)", "type": "repository", "url": "https://europepmc.org/articles/pmc2527409?pdf=render", "is_oa": true, "version": "publishedVersion", "license": null}, {"id": "https://openalex.org/S2764455111", "display_name": "PubMed Central", "type": "repository", "url": "https://www.ncbi.nlm.nih.gov/pmc/articles/PMC2527409", "is_oa": true, "version": "publishedVersion", "license": null}], "referenced_works": ["https://openalex.org/W1601128870", "https://openalex.org/W1967850128", "https://openalex.org/W1970764448", "https://openalex.org/W1970815880", "https://openalex.org/W1973798824", "https://openalex.org/W1996142662", "https://openalex.org/W2000044760", "https://openalex.org/W2043727245", "https://openalex.org/W2049881401", "https://openalex.org/W2058911098", "https://openalex.org/W2060789691", "https://openalex.org/W2078472820", "https://openalex.org/W2080675520", "https://openalex.org/W2161775596", "https://openalex.org/W2214667444", "https://openalex.org/W2367340921", "https://openalex.org/W4241046711", "https://openalex.org/W4247754866"], "related_works": ["https://openalex.org/W2021635337", "https://openalex.org/W2057711170", "https://openalex.org/W2083485027", "https://openalex.org/W2144814902", "https://openalex.org/W2187435187", "https://openalex.org/W2234096785", "https://openalex.org/W2321865957", "https://openalex.org/W2361428788", "https://openalex.org/W2624028630", "https://openalex.org/W2677043171"], "ngrams_url": "https://api.openalex.org/works/W2136501955/ngrams", "abstract_inverted_index": {"This": [0], "is": [1, 74], "a": [2], "prospective,": [3], "randomized,": [4], "controlled": [5], "trial": [6], "that": [7, 267], "compared": [8, 235], "the": [9, 23, 35, 40, 51, 97, 101, 121, 149, 206, 231, 251, 254, 271], "efficacy": [10, 41], "of": [11, 14, 34, 42, 82, 224, 238, 246, 270], "different": [12], "protocols": [13], "local": [15, 68], "tissue": [16], "infiltration": [17, 45, 66, 237, 269], "with": [18, 46, 67, 70, 105, 125, 139, 160, 177, 236, 274, 279, 285], "levobupivacaine": [19, 47, 109, 129, 143, 164, 247, 275], "or": [20, 71, 248, 277], "levobupivacaine-methylprednisolone": [21, 49, 249], "at": [22, 50, 241], "surgical": [24, 52], "site": [25, 53, 256, 273], "for": [26, 54, 209], "pain": [27, 55, 61, 190, 283], "relief": [28], "after": [29, 62, 220, 261, 289], "lumbar": [30, 63, 262, 291], "discectomy.": [31, 64, 263, 292], "The": [32, 212], "objective": [33], "study": [36], "was": [37, 151, 158, 175], "to": [38, 77, 88], "determine": [39], "preemptive": [43, 244, 268], "wound": [44, 116, 184, 242, 272], "and": [48, 110, 144, 168, 192, 226], "relief.": [56], "Patients": [57], "usually": [58], "suffer": [59], "significant": [60], "Wound": [65], "anesthetics": [69], "without": [72], "corticosteroids": [73], "one": [75], "method": [76], "address": [78], "this.": [79], "A": [80], "total": [81], "100": [83], "patients": [84], "were": [85, 195], "randomly": [86], "allocated": [87], "five": [89], "equal": [90], "groups": [91, 200, 214], "as": [92], "follows:": [93], "Group": [94, 118, 133, 154, 170], "I": [95], "had": [96, 120, 135, 215], "musculus": [98], "multifidi": [99], "near": [100, 253], "operated": [102], "level": [103], "infiltrated": [104, 124, 138, 159, 176], "30": [106, 126, 140, 161, 178], "mL": [107, 127, 141, 162, 179], "0.25%": [108, 128, 142, 163], "40": [111, 145], "mg": [112, 146], "methylprednisolone": [113, 147, 280], "just": [114, 182], "before": [115, 131, 148, 166, 183], "closure;": [117, 132], "II": [119], "same": [122], "region": [123, 137, 157, 174], "alone": [130, 165, 276], "III": [134], "this": [136, 156, 173], "incision": [150], "made;": [152], "in": [153, 169], "IV": [155], "incision;": [167], "C": [171], "(controls)": [172], "0.9%": [180], "NaCl": [181], "closure.": [185], "Demographics,": [186], "vital": [187], "signs,": [188], "postoperative": [189], "scores": [191], "morphine": [193], "usage": [194], "recorded.": [196], "All": [197], "four": [198], "treatment": [199], "showed": [201], "significantly": [202], "better": [203], "results": [204], "than": [205], "control": [207, 284], "group": [208], "most": [210], "parameters.": [211], "treated": [213], "lower": [216, 222], "parenteral": [217], "opioid": [218], "requirements": [219], "surgery,": [221], "incidences": [223], "nausea": [225], "shorter": [227], "hospital": [228], "stays.": [229], "Further,": [230], "data": [232, 265], "indicate": [233], "that,": [234], "these": [239], "drugs": [240], "closure,": [243], "injection": [245], "into": [250], "muscle": [252], "operative": [255], "provides": [257, 281], "more": [258], "effective": [259, 282], "analgesia": [260], "Our": [264], "suggest": [266], "combined": [278], "reduced": [286], "opiate": [287], "dose": [288], "unilateral": [290]}, "cited_by_api_url": "https://api.openalex.org/works?filter=cites:W2136501955", "counts_by_year": [{"year": 2022, "cited_by_count": 5}, {"year": 2021, "cited_by_count": 7}, {"year": 2020, "cited_by_count": 5}, {"year": 2019, "cited_by_count": 3}, {"year": 2018, "cited_by_count": 3}, {"year": 2017, "cited_by_count": 5}, {"year": 2016, "cited_by_count": 6}, {"year": 2015, "cited_by_count": 7}, {"year": 2014, "cited_by_count": 4}, {"year": 2013, "cited_by_count": 5}, {"year": 2012, "cited_by_count": 6}], "updated_date": "2023-03-11T08:04:28.612522", "created_date": "2016-06-24"}, {"id": "https://openalex.org/W1988889934", "doi": "https://doi.org/10.1097/00000539-200011000-00041", "title": "Cervical Spine Motion During Airway Management: A Cinefluoroscopic Study of the Posteriorly Destabilized Third Cervical Vertebrae in Human Cadavers", "display_name": "Cervical Spine Motion During Airway Management: A Cinefluoroscopic Study of the Posteriorly Destabilized Third Cervical Vertebrae in Human Cadavers", "publication_year": 2000, "publication_date": "2000-11-01", "ids": {"openalex": "https://openalex.org/W1988889934", "doi": "https://doi.org/10.1097/00000539-200011000-00041", "mag": "1988889934", "pmid": "https://pubmed.ncbi.nlm.nih.gov/11049921"}, "primary_location": {"is_oa": false, "landing_page_url": "https://doi.org/10.1097/00000539-200011000-00041", "pdf_url": null, "source": {"id": "https://openalex.org/S104698359", "display_name": "Anesthesia & Analgesia", "issn_l": "0003-2999", "issn": ["0003-2999", "1526-7598"], "host_organization": "https://openalex.org/P4310315671", "host_organization_name": "Lippincott Williams & Wilkins", "type": "journal"}, "license": null, "version": null}, "host_venue": {"id": "https://openalex.org/S104698359", "issn_l": "0003-2999", "issn": ["0003-2999", "1526-7598"], "display_name": "Anesthesia & Analgesia", "publisher": "Lippincott Williams & Wilkins", "type": "journal", "url": null, "is_oa": false, "version": null, "license": null}, "type": "journal-article", "open_access": {"is_oa": false, "oa_status": "closed", "oa_url": null}, "authorships": [{"author_position": "first", "author": {"id": "https://openalex.org/A2068364543", "display_name": "Joseph Brimacombe", "orcid": null}, "institutions": [{"id": "https://openalex.org/I2800926667", "display_name": "Cairns Hospital", "ror": "https://ror.org/029s9j634", "country_code": "AU", "type": "healthcare"}], "raw_affiliation_string": "University of Queensland, Department of Anesthesia and Intensive Care, Cairns Base Hospital, Australia."}, {"author_position": "middle", "author": {"id": "https://openalex.org/A2436021682", "display_name": "Christian Keller", "orcid": null}, "institutions": [], "raw_affiliation_string": ""}, {"author_position": "middle", "author": {"id": "https://openalex.org/A2982969320", "display_name": "Karl H. K\u00fcnzel", "orcid": null}, "institutions": [], "raw_affiliation_string": ""}, {"author_position": "middle", "author": {"id": "https://openalex.org/A2289042045", "display_name": "Othmar Gaber", "orcid": null}, "institutions": [], "raw_affiliation_string": ""}, {"author_position": "middle", "author": {"id": "https://openalex.org/A1968055874", "display_name": "Michael Boehler", "orcid": null}, "institutions": [], "raw_affiliation_string": ""}, {"author_position": "last", "author": {"id": "https://openalex.org/A2707817320", "display_name": "Fredrich P\u00fchringer", "orcid": null}, "institutions": [], "raw_affiliation_string": ""}], "cited_by_count": 61, "biblio": {"volume": "91", "issue": "5", "first_page": "1274", "last_page": "1278"}, "is_retracted": false, "is_paratext": false, "concepts": [{"id": "https://openalex.org/C71924100", "wikidata": "https://www.wikidata.org/wiki/Q11190", "display_name": "Medicine", "level": 0, "score": "0.92660105"}, {"id": "https://openalex.org/C2780495800", "wikidata": "https://www.wikidata.org/wiki/Q2566090", "display_name": "Fiberscope", "level": 2, "score": "0.7585164"}, {"id": "https://openalex.org/C91762617", "wikidata": "https://www.wikidata.org/wiki/Q48422", "display_name": "Cadaver", "level": 2, "score": "0.6175403"}, {"id": "https://openalex.org/C2776805002", "wikidata": "https://www.wikidata.org/wiki/Q614984", "display_name": "Fluoroscopy", "level": 2, "score": "0.51806855"}, {"id": "https://openalex.org/C2776944266", "wikidata": "https://www.wikidata.org/wiki/Q900457", "display_name": "Cervical vertebrae", "level": 2, "score": "0.5068241"}, {"id": "https://openalex.org/C105922876", "wikidata": "https://www.wikidata.org/wiki/Q1423981", "display_name": "Airway", "level": 2, "score": "0.48116288"}, {"id": "https://openalex.org/C105702510", "wikidata": "https://www.wikidata.org/wiki/Q514", "display_name": "Anatomy", "level": 1, "score": "0.47394112"}, {"id": "https://openalex.org/C2778716859", "wikidata": "https://www.wikidata.org/wiki/Q939018", "display_name": "Intubation", "level": 2, "score": "0.46868044"}, {"id": "https://openalex.org/C178910020", "wikidata": "https://www.wikidata.org/wiki/Q2211994", "display_name": "Sagittal plane", "level": 2, "score": "0.41396248"}, {"id": "https://openalex.org/C141071460", "wikidata": "https://www.wikidata.org/wiki/Q40821", "display_name": "Surgery", "level": 1, "score": "0.3212046"}], "mesh": [{"descriptor_ui": "D002574", "descriptor_name": "Cervical Vertebrae", "qualifier_ui": "Q000502", "qualifier_name": "physiology", "is_major_topic": true}, {"descriptor_ui": "D002933", "descriptor_name": "Cineradiography", "qualifier_ui": "", "qualifier_name": null, "is_major_topic": true}, {"descriptor_ui": "D007442", "descriptor_name": "Intubation, Intratracheal", "qualifier_ui": "", "qualifier_name": null, "is_major_topic": true}, {"descriptor_ui": "D017214", "descriptor_name": "Laryngeal Masks", "qualifier_ui": "", "qualifier_name": null, "is_major_topic": true}, {"descriptor_ui": "D012121", "descriptor_name": "Respiration, Artificial", "qualifier_ui": "", "qualifier_name": null, "is_major_topic": true}, {"descriptor_ui": "D000368", "descriptor_name": "Aged", "qualifier_ui": "", "qualifier_name": null, "is_major_topic": false}, {"descriptor_ui": "D000369", "descriptor_name": "Aged, 80 and over", "qualifier_ui": "", "qualifier_name": null, "is_major_topic": false}, {"descriptor_ui": "D002102", "descriptor_name": "Cadaver", "qualifier_ui": "", "qualifier_name": null, "is_major_topic": false}, {"descriptor_ui": "D002574", "descriptor_name": "Cervical Vertebrae", "qualifier_ui": "", "qualifier_name": null, "is_major_topic": false}, {"descriptor_ui": "D002574", "descriptor_name": "Cervical Vertebrae", "qualifier_ui": "Q000000981", "qualifier_name": "diagnostic imaging", "is_major_topic": false}, {"descriptor_ui": "D002574", "descriptor_name": "Cervical Vertebrae", "qualifier_ui": "Q000293", "qualifier_name": "injuries", "is_major_topic": false}, {"descriptor_ui": "D018592", "descriptor_name": "Cross-Over Studies", "qualifier_ui": "", "qualifier_name": null, "is_major_topic": false}, {"descriptor_ui": "D005260", "descriptor_name": "Female", "qualifier_ui": "", "qualifier_name": null, "is_major_topic": false}, {"descriptor_ui": "D006801", "descriptor_name": "Humans", "qualifier_ui": "", "qualifier_name": null, "is_major_topic": false}, {"descriptor_ui": "D007828", "descriptor_name": "Laryngoscopy", "qualifier_ui": "", "qualifier_name": null, "is_major_topic": false}, {"descriptor_ui": "D008297", "descriptor_name": "Male", "qualifier_ui": "", "qualifier_name": null, "is_major_topic": false}, {"descriptor_ui": "D009068", "descriptor_name": "Movement", "qualifier_ui": "", "qualifier_name": null, "is_major_topic": false}, {"descriptor_ui": "D013124", "descriptor_name": "Spinal Injuries", "qualifier_ui": "", "qualifier_name": null, "is_major_topic": false}, {"descriptor_ui": "D013124", "descriptor_name": "Spinal Injuries", "qualifier_ui": "Q000000981", "qualifier_name": "diagnostic imaging", "is_major_topic": false}, {"descriptor_ui": "D013124", "descriptor_name": "Spinal Injuries", "qualifier_ui": "Q000503", "qualifier_name": "physiopathology", "is_major_topic": false}], "locations": [{"is_oa": false, "landing_page_url": "https://doi.org/10.1097/00000539-200011000-00041", "pdf_url": null, "source": {"id": "https://openalex.org/S104698359", "display_name": "Anesthesia & Analgesia", "issn_l": "0003-2999", "issn": ["0003-2999", "1526-7598"], "host_organization": "https://openalex.org/P4310315671", "host_organization_name": "Lippincott Williams & Wilkins", "type": "journal"}, "license": null, "version": null}], "best_oa_location": null, "alternate_host_venues": [{"id": "https://openalex.org/S104698359", "display_name": "Anesthesia & Analgesia", "type": "journal", "url": null, "is_oa": false, "version": null, "license": null}], "referenced_works": ["https://openalex.org/W1505447143", "https://openalex.org/W1974240633", "https://openalex.org/W2005151368", "https://openalex.org/W2006933980", "https://openalex.org/W2026061465", "https://openalex.org/W2034999041", "https://openalex.org/W2036662166", "https://openalex.org/W2048442851", "https://openalex.org/W2057641848", "https://openalex.org/W2071349854", "https://openalex.org/W2078143011"], "related_works": ["https://openalex.org/W1974063320", "https://openalex.org/W1988889934", "https://openalex.org/W1995544320", "https://openalex.org/W2052997843", "https://openalex.org/W2078143011", "https://openalex.org/W2299088505", "https://openalex.org/W2328042899", "https://openalex.org/W2369242546", "https://openalex.org/W2462169444", "https://openalex.org/W2778830674"], "ngrams_url": "https://api.openalex.org/works/W1988889934/ngrams", "abstract_inverted_index": {"We": [0], "conducted": [1], "a": [2, 21, 139, 309, 312, 331], "randomized,": [3], "controlled,": [4], "crossover": [5], "study": [6], "to": [7, 117, 256, 282, 324, 396], "determine": [8, 118], "cervical": [9, 25, 296, 334, 374], "spine": [10], "motion": [11, 41, 132, 236, 297, 375], "for": [12, 145, 205, 215, 221, 258, 267, 284, 290], "six": [13], "airway": [14, 50, 98, 239, 286, 306, 344, 382], "management": [15, 51, 307, 345], "techniques": [16, 52, 300, 378], "in": [17, 34, 55, 142, 233, 308], "human": [18], "cadavers": [19, 36], "with": [20, 61, 90, 237, 243, 311, 346, 369, 384], "posteriorly": [22, 313], "destabilized": [23, 29, 314, 332], "third": [24, 333], "(C-3)": [26], "vertebra.": [27], "A": [28], "C-3": [30, 126, 315], "segment": [31, 316, 341], "was": [32, 42, 115, 138, 213, 254, 265, 280], "created": [33], "10": [35], "(6-24": [37], "h": [38], "postmortem).": [39], "Cervical": [40], "recorded": [43], "by": [44], "continuous": [45], "lateral": [46], "fluoroscopy.": [47], "The": [48, 121], "following": [49], "were": [53, 135, 229], "performed": [54, 116], "random": [56], "order": [57], "on": [58], "each": [59], "cadaver": [60, 328], "manual": [62, 112], "in-line": [63, 113], "stabilization": [64, 114], "applied:": [65], "face": [66, 348], "mask": [67, 88, 97, 365, 392], "ventilation": [68], "(FM),": [69], "laryngoscope-guided": [70, 350], "orotracheal": [71], "intubation": [72, 76, 93], "(OETT),": [73], "fiberscope-guided": [74, 91, 370, 388], "nasal": [75, 371], "(FOS-NETT),": [77], "esophageal": [78, 354, 398], "tracheal": [79, 92, 355, 399], "Combitube((R))": [80], "(Kendall-Sheridan,": [81, 357], "Neustadt,": [82, 358], "Germany)": [83], "insertion": [84, 89, 99], "(ETC),": [85], "intubating": [86, 361], "laryngeal": [87, 96, 364], "(ILM-OETT),": [94], "and": [95, 106, 127, 218, 261, 272, 298, 362, 376], "(LMA).": [100], "Afterward,": [101], "maximum": [102, 107, 119, 122, 129], "head-neck": [103, 108], "flexion": [104], "(FLEX-MAX)": [105], "extension": [109], "(EXT-MAX)": [110], "without": [111], "motion.": [120], "posterior": [123, 143], "displacement": [124, 144, 212, 253, 279, 337], "of": [125, 133, 305, 330, 338], "the": [128, 146, 216, 222, 259, 268, 299, 302, 325, 327, 339, 347, 353, 360, 377, 380, 397], "segmental": [130, 234], "sagittal": [131, 235], "C2-3": [134], "determined.": [136], "There": [137, 228], "significant": [140, 231, 336], "increase": [141], "FM": [147], "(1.9": [148], "+/-": [149, 157, 165, 173, 182, 190, 198, 208, 246], "1.2": [150], "mm,": [151, 159, 167, 175, 184, 192], "P:": [152, 160, 168, 176, 185, 193, 200, 225, 249, 275], "<": [153, 161, 169, 177, 186, 194, 201, 226, 250, 276, 293], "0.01),": [154, 187, 202], "OETT": [155, 260], "(2.6": [156], "1.6": [158, 166], "0.0001),": [162, 170, 195], "ETC": [163, 223], "(3.2": [164], "ILM-OETT": [171, 217], "(1.7": [172, 181], "1.3": [174, 183], "0.": [178], "01),": [179], "LMA": [180, 219, 273, 319], "FLEX-MAX": [188, 244, 257], "(3.7": [189], "1.9": [191], "EXT-MAX": [196, 283], "(1.8": [197], "1.7,": [199], "however,": [203, 263], "not": [204, 368], "FOS-NETT": [206, 291], "(0.1": [207], "0.7": [209], "mm).": [210], "Posterior": [211, 252, 278], "less": [214, 266], "than": [220, 242, 289], "(both": [224], "0.04).": [227], "no": [230], "increases": [232], "any": [238], "manipulation": [240], "other": [241, 288], "(-4.5": [245], "4.0": [247], "degrees,": [248], "0.01).": [251, 277], "similar": [255, 281], "ETC;": [262], "it": [264], "FM,": [269], "FOS-NETT,": [270], "ILM-OETT,": [271], "(all": [274], "all": [285], "manipulations": [287], "(P:": [292], "0.001).": [294], "For": [295, 373], "tested,": [301, 379], "safest": [303, 381], "method": [304], "patient": [310], "is": [317, 387], "FOS-NETT.": [318], "devices": [320, 393], "may": [321], "be": [322], "preferable": [323, 395], "ETC.In": [326], "model": [329], "vertebrae,": [335], "injured": [340], "occurs": [342], "during": [343], "mask,": [349], "oral": [351], "intubation,": [352], "Combitube": [356], "Germany),": [359], "standard": [363], "airway;": [366], "but": [367], "intubation.": [372, 390], "technique": [383], "this": [385], "injury": [386], "nasotracheal": [389], "Laryngeal": [391], "are": [394], "Combitube.": [400]}, "cited_by_api_url": "https://api.openalex.org/works?filter=cites:W1988889934", "counts_by_year": [{"year": 2022, "cited_by_count": 2}, {"year": 2021, "cited_by_count": 2}, {"year": 2020, "cited_by_count": 2}, {"year": 2019, "cited_by_count": 3}, {"year": 2018, "cited_by_count": 2}, {"year": 2017, "cited_by_count": 2}, {"year": 2016, "cited_by_count": 4}, {"year": 2015, "cited_by_count": 3}, {"year": 2014, "cited_by_count": 5}, {"year": 2013, "cited_by_count": 4}, {"year": 2012, "cited_by_count": 2}], "updated_date": "2023-03-11T05:36:54.943844", "created_date": "2016-06-24"}, {"id": "https://openalex.org/W1527906200", "doi": "https://doi.org/10.1111/j.1399-6576.2012.02743.x", "title": "The perioperative combination of methadone and ketamine reduces post-operative opioid usage compared with methadone alone", "display_name": "The perioperative combination of methadone and ketamine reduces post-operative opioid usage compared with methadone alone", "publication_year": 2012, "publication_date": "2012-11-01", "ids": {"openalex": "https://openalex.org/W1527906200", "doi": "https://doi.org/10.1111/j.1399-6576.2012.02743.x", "mag": "1527906200", "pmid": "https://pubmed.ncbi.nlm.nih.gov/22834921"}, "primary_location": {"is_oa": false, "landing_page_url": "https://doi.org/10.1111/j.1399-6576.2012.02743.x", "pdf_url": null, "source": {"id": "https://openalex.org/S177321322", "display_name": "Acta Anaesthesiologica Scandinavica", "issn_l": "0001-5172", "issn": ["0001-5172", "1399-6576"], "host_organization": "https://openalex.org/P4310320503", "host_organization_name": "Wiley-Blackwell", "type": "journal"}, "license": null, "version": null}, "host_venue": {"id": "https://openalex.org/S177321322", "issn_l": "0001-5172", "issn": ["0001-5172", "1399-6576"], "display_name": "Acta Anaesthesiologica Scandinavica", "publisher": "Wiley-Blackwell", "type": "journal", "url": null, "is_oa": false, "version": null, "license": null}, "type": "journal-article", "open_access": {"is_oa": false, "oa_status": "closed", "oa_url": null}, "authorships": [{"author_position": "first", "author": {"id": "https://openalex.org/A387376817", "display_name": "S. Pacreu", "orcid": "https://orcid.org/0000-0003-3731-3257"}, "institutions": [{"id": "https://openalex.org/I4210133106", "display_name": "Parc de Salut", "ror": "https://ror.org/032exky44", "country_code": "ES", "type": "healthcare"}], "raw_affiliation_string": "Department of Anaesthesiology, Parc de Salut Mar, Universitat Aut\u00f3noma de Barcelona, Barcelona, Spain"}, {"author_position": "middle", "author": {"id": "https://openalex.org/A4225527701", "display_name": "J L Fern\u00e1ndez Candil", "orcid": null}, "institutions": [{"id": "https://openalex.org/I4210133106", "display_name": "Parc de Salut", "ror": "https://ror.org/032exky44", "country_code": "ES", "type": "healthcare"}], "raw_affiliation_string": "Department of Anaesthesiology, Parc de Salut Mar, Universitat Aut\u00f3noma de Barcelona, Barcelona, Spain"}, {"author_position": "middle", "author": {"id": "https://openalex.org/A2117935618", "display_name": "Luis Molt\u00f3", "orcid": null}, "institutions": [{"id": "https://openalex.org/I4210133106", "display_name": "Parc de Salut", "ror": "https://ror.org/032exky44", "country_code": "ES", "type": "healthcare"}], "raw_affiliation_string": "Department of Anaesthesiology, Parc de Salut Mar, Universitat Aut\u00f3noma de Barcelona, Barcelona, Spain"}, {"author_position": "middle", "author": {"id": "https://openalex.org/A2717528351", "display_name": "J. Carazo", "orcid": null}, "institutions": [{"id": "https://openalex.org/I4210133106", "display_name": "Parc de Salut", "ror": "https://ror.org/032exky44", "country_code": "ES", "type": "healthcare"}], "raw_affiliation_string": "Department of Anaesthesiology, Parc de Salut Mar, Universitat Aut\u00f3noma de Barcelona, Barcelona, Spain"}, {"author_position": "last", "author": {"id": "https://openalex.org/A2302657071", "display_name": "S. Fern\u00e1ndez Galinski", "orcid": null}, "institutions": [{"id": "https://openalex.org/I4210133106", "display_name": "Parc de Salut", "ror": "https://ror.org/032exky44", "country_code": "ES", "type": "healthcare"}], "raw_affiliation_string": "Department of Anaesthesiology, Parc de Salut Mar, Universitat Aut\u00f3noma de Barcelona, Barcelona, Spain"}], "cited_by_count": 44, "biblio": {"volume": "56", "issue": "10", "first_page": "1250", "last_page": "1256"}, "is_retracted": false, "is_paratext": false, "concepts": [{"id": "https://openalex.org/C71924100", "wikidata": "https://www.wikidata.org/wiki/Q11190", "display_name": "Medicine", "level": 0, "score": "0.9536445"}, {"id": "https://openalex.org/C42219234", "wikidata": "https://www.wikidata.org/wiki/Q131130", "display_name": "Anesthesia", "level": 1, "score": "0.845767"}, {"id": "https://openalex.org/C2780795376", "wikidata": "https://www.wikidata.org/wiki/Q243547", "display_name": "Ketamine", "level": 2, "score": "0.74114394"}, {"id": "https://openalex.org/C2778891214", "wikidata": "https://www.wikidata.org/wiki/Q417902", "display_name": "Remifentanil", "level": 3, "score": "0.64929783"}, {"id": "https://openalex.org/C119060515", "wikidata": "https://www.wikidata.org/wiki/Q1916617", "display_name": "Interquartile range", "level": 2, "score": "0.64131707"}, {"id": "https://openalex.org/C43376680", "wikidata": "https://www.wikidata.org/wiki/Q6580786", "display_name": "Bolus (digestion)", "level": 2, "score": "0.58783984"}, {"id": "https://openalex.org/C2781063702", "wikidata": "https://www.wikidata.org/wiki/Q427523", "display_name": "Opioid", "level": 3, "score": "0.54756635"}, {"id": "https://openalex.org/C2780820201", "wikidata": "https://www.wikidata.org/wiki/Q173235", "display_name": "Analgesic", "level": 2, "score": "0.4865419"}, {"id": "https://openalex.org/C31174226", "wikidata": "https://www.wikidata.org/wiki/Q64855140", "display_name": "Perioperative", "level": 2, "score": "0.45928124"}, {"id": "https://openalex.org/C2778767360", "wikidata": "https://www.wikidata.org/wiki/Q179996", "display_name": "Methadone", "level": 2, "score": "0.4539544"}, {"id": "https://openalex.org/C2777397205", "wikidata": "https://www.wikidata.org/wiki/Q275792", "display_name": "Saline", "level": 2, "score": "0.4273855"}, {"id": "https://openalex.org/C141071460", "wikidata": "https://www.wikidata.org/wiki/Q40821", "display_name": "Surgery", "level": 1, "score": "0.3290009"}, {"id": "https://openalex.org/C2776277131", "wikidata": "https://www.wikidata.org/wiki/Q422740", "display_name": "Propofol", "level": 2, "score": "0.0884769"}, {"id": "https://openalex.org/C126322002", "wikidata": "https://www.wikidata.org/wiki/Q11180", "display_name": "Internal medicine", "level": 1, "score": "0.08434376"}, {"id": "https://openalex.org/C170493617", "wikidata": "https://www.wikidata.org/wiki/Q208467", "display_name": "Receptor", "level": 2, "score": "0.0"}], "mesh": [{"descriptor_ui": "D000701", "descriptor_name": "Analgesics, Opioid", "qualifier_ui": "Q000627", "qualifier_name": "therapeutic use", "is_major_topic": true}, {"descriptor_ui": "D000778", "descriptor_name": "Anesthetics, Dissociative", "qualifier_ui": "Q000627", "qualifier_name": "therapeutic use", "is_major_topic": true}, {"descriptor_ui": "D007649", "descriptor_name": "Ketamine", "qualifier_ui": "Q000627", "qualifier_name": "therapeutic use", "is_major_topic": true}, {"descriptor_ui": "D008691", "descriptor_name": "Methadone", "qualifier_ui": "Q000627", "qualifier_name": "therapeutic use", "is_major_topic": true}, {"descriptor_ui": "D010149", "descriptor_name": "Pain, Postoperative", "qualifier_ui": "Q000188", "qualifier_name": "drug therapy", "is_major_topic": true}, {"descriptor_ui": "D010149", "descriptor_name": "Pain, Postoperative", "qualifier_ui": "Q000517", "qualifier_name": "prevention & control", "is_major_topic": true}, {"descriptor_ui": "D019990", "descriptor_name": "Perioperative Care", "qualifier_ui": "Q000379", "qualifier_name": "methods", "is_major_topic": true}, {"descriptor_ui": "D000328", "descriptor_name": "Adult", "qualifier_ui": "", "qualifier_name": null, "is_major_topic": false}, {"descriptor_ui": "D000368", "descriptor_name": "Aged", "qualifier_ui": "", "qualifier_name": null, "is_major_topic": false}, {"descriptor_ui": "D016058", "descriptor_name": "Analgesia, Patient-Controlled", "qualifier_ui": "", "qualifier_name": null, "is_major_topic": false}, {"descriptor_ui": "D000701", "descriptor_name": "Analgesics, Opioid", "qualifier_ui": "Q000008", "qualifier_name": "administration & dosage", "is_major_topic": false}, {"descriptor_ui": "D000701", "descriptor_name": "Analgesics, Opioid", "qualifier_ui": "", "qualifier_name": null, "is_major_topic": false}, {"descriptor_ui": "D000768", "descriptor_name": "Anesthesia, General", "qualifier_ui": "", "qualifier_name": null, "is_major_topic": false}, {"descriptor_ui": "D000778", "descriptor_name": "Anesthetics, Dissociative", "qualifier_ui": "", "qualifier_name": null, "is_major_topic": false}, {"descriptor_ui": "D004311", "descriptor_name": "Double-Blind Method", "qualifier_ui": "", "qualifier_name": null, "is_major_topic": false}, {"descriptor_ui": "D005260", "descriptor_name": "Female", "qualifier_ui": "", "qualifier_name": null, "is_major_topic": false}, {"descriptor_ui": "D005500", "descriptor_name": "Follow-Up Studies", "qualifier_ui": "", "qualifier_name": null, "is_major_topic": false}, {"descriptor_ui": "D006801", "descriptor_name": "Humans", "qualifier_ui": "", "qualifier_name": null, "is_major_topic": false}, {"descriptor_ui": "D007262", "descriptor_name": "Infusions, Intravenous", "qualifier_ui": "", "qualifier_name": null, "is_major_topic": false}, {"descriptor_ui": "D007649", "descriptor_name": "Ketamine", "qualifier_ui": "Q000008", "qualifier_name": "administration & dosage", "is_major_topic": false}, {"descriptor_ui": "D007649", "descriptor_name": "Ketamine", "qualifier_ui": "", "qualifier_name": null, "is_major_topic": false}, {"descriptor_ui": "D008297", "descriptor_name": "Male", "qualifier_ui": "", "qualifier_name": null, "is_major_topic": false}, {"descriptor_ui": "D008691", "descriptor_name": "Methadone", "qualifier_ui": "Q000008", "qualifier_name": "administration & dosage", "is_major_topic": false}, {"descriptor_ui": "D008691", "descriptor_name": "Methadone", "qualifier_ui": "", "qualifier_name": null, "is_major_topic": false}, {"descriptor_ui": "D008875", "descriptor_name": "Middle Aged", "qualifier_ui": "", "qualifier_name": null, "is_major_topic": false}, {"descriptor_ui": "D010149", "descriptor_name": "Pain, Postoperative", "qualifier_ui": "", "qualifier_name": null, "is_major_topic": false}, {"descriptor_ui": "D019990", "descriptor_name": "Perioperative Care", "qualifier_ui": "", "qualifier_name": null, "is_major_topic": false}, {"descriptor_ui": "D010880", "descriptor_name": "Piperidines", "qualifier_ui": "", "qualifier_name": null, "is_major_topic": false}, {"descriptor_ui": "D010880", "descriptor_name": "Piperidines", "qualifier_ui": "Q000008", "qualifier_name": "administration & dosage", "is_major_topic": false}, {"descriptor_ui": "D010880", "descriptor_name": "Piperidines", "qualifier_ui": "Q000627", "qualifier_name": "therapeutic use", "is_major_topic": false}, {"descriptor_ui": "D000077208", "descriptor_name": "Remifentanil", "qualifier_ui": "", "qualifier_name": null, "is_major_topic": false}, {"descriptor_ui": "D013123", "descriptor_name": "Spinal Fusion", "qualifier_ui": "", "qualifier_name": null, "is_major_topic": false}, {"descriptor_ui": "D013131", "descriptor_name": "Spine", "qualifier_ui": "Q000601", "qualifier_name": "surgery", "is_major_topic": false}, {"descriptor_ui": "D013131", "descriptor_name": "Spine", "qualifier_ui": "", "qualifier_name": null, "is_major_topic": false}], "locations": [{"is_oa": false, "landing_page_url": "https://doi.org/10.1111/j.1399-6576.2012.02743.x", "pdf_url": null, "source": {"id": "https://openalex.org/S177321322", "display_name": "Acta Anaesthesiologica Scandinavica", "issn_l": "0001-5172", "issn": ["0001-5172", "1399-6576"], "host_organization": "https://openalex.org/P4310320503", "host_organization_name": "Wiley-Blackwell", "type": "journal"}, "license": null, "version": null}], "best_oa_location": null, "alternate_host_venues": [{"id": "https://openalex.org/S177321322", "display_name": "Acta Anaesthesiologica Scandinavica", "type": "journal", "url": null, "is_oa": false, "version": null, "license": null}], "referenced_works": ["https://openalex.org/W204718760", "https://openalex.org/W1923310725", "https://openalex.org/W1981165770", "https://openalex.org/W2013451689", "https://openalex.org/W2016341768", "https://openalex.org/W2023572761", "https://openalex.org/W2049046179", "https://openalex.org/W2050762593", "https://openalex.org/W2059432357", "https://openalex.org/W2067445466", "https://openalex.org/W2072923853", "https://openalex.org/W2104888386", "https://openalex.org/W2110651249", "https://openalex.org/W2112224102", "https://openalex.org/W2113423210", "https://openalex.org/W2118813953", "https://openalex.org/W2122863606", "https://openalex.org/W2140551866"], "related_works": ["https://openalex.org/W1527906200", "https://openalex.org/W1536712585", "https://openalex.org/W2168019566", "https://openalex.org/W2277524958", "https://openalex.org/W2312670900", "https://openalex.org/W2347523117", "https://openalex.org/W2380737238", "https://openalex.org/W2390465587", "https://openalex.org/W2767593385", "https://openalex.org/W3031339679"], "ngrams_url": "https://api.openalex.org/works/W1527906200/ngrams", "abstract_inverted_index": {"A": [0], "synergy": [1], "between": [2], "ketamine": [3, 54, 102], "and": [4, 142, 160, 162, 183, 218, 233, 274], "methadone": [5], "(ME)": [6], "to": [7, 18], "produce": [8], "antinociception": [9], "has": [10], "been": [11], "demonstrated": [12], "in": [13, 23, 48, 68, 76, 105, 113, 125, 192, 200, 249], "experimental": [14], "neuropathy.": [15], "We": [16], "wanted": [17], "compare": [19], "post-operative": [20], "opioid": [21, 282], "requirements": [22, 189], "patients": [24, 47, 134], "undergoing": [25], "multilevel": [26], "lumbar": [27], "arthrodesis": [28], "after": [29, 58, 165], "the": [30, 52, 69, 77, 96, 106, 114, 130, 133, 168, 193, 201, 250], "administration": [31], "combined": [32], "ME-ketamine": [33], "(MK)": [34], "or": [35, 71, 109], "ME": [36, 78, 98, 110, 115, 138, 171, 207, 215], "alone.This": [37], "was": [38, 87, 118, 146, 172, 176, 180], "a": [39, 149], "randomised": [40], "double-blind": [41], "study.": [42], "During": [43], "sevoflurane-remifentanil": [44], "anaesthesia,": [45], "11": [46], "each": [49], "group": [50, 108, 195, 203, 252], "received": [51, 135, 204], "following:": [53, 97], "bolus": [55, 73, 94], "(0.5": [56], "mg/kg)": [57], "tracheal": [59], "intubation,": [60], "followed": [61], "by": [62, 89, 148, 208, 284], "an": [63], "infusion": [64, 75], "of": [65, 122], "2.5": [66], "\u03bcg/kg/min": [67], "MK": [70, 107, 194, 202, 251], "saline": [72], "plus": [74, 101], "group.": [79, 116], "Post-operative": [80], "analgesia": [81, 91], "-": [82, 86, 221, 232, 237], "during": [83], "48": [84, 163, 187, 235], "h": [85, 164, 212, 236], "provided": [88], "patient-controlled": [90], "(PCA),": [92], "delivering": [93], "containing": [95], "0.25": [99], "mg": [100, 104, 112, 223, 227, 239, 243], "0.5": [103, 111], "Lockout": [117], "10": [119], "min,": [120], "maximum": [121], "3": [123, 177], "boluses/h": [124], "both": [126], "groups.": [127], "Before": [128], "closing": [129], "wound,": [131], "all": [132], "intravenous": [136], "(i.v.)": [137], "0.1": [139], "mg/kg,": [140], "dexketoprophen": [141], "paracetamol.": [143], "Pain": [144], "intensity": [145], "evaluated": [147], "numerical": [150], "rating": [151], "scale": [152], "(NRS),": [153], "on": [154], "arrival": [155], "at": [156, 210, 234, 257], "recovery": [157], "room": [158], "(RR)": [159], "24": [161, 211, 258], "surgery.": [166], "In": [167], "RR,": [169], "i.v.": [170], "administered": [173, 186], "until": [174], "NRS": [175, 272], "when": [178], "PCA": [179, 209], "started.": [181], "Dexketoprophen": [182], "paracetamol": [184], "were": [185, 190], "h.Remifentanil": [188], "higher": [191], "(P": [196, 229, 245, 265], "=": [197, 246, 266], "0.004).": [198], "Patients": [199, 248], "70%": [205], "less": [206, 255], "(MK": [213], "vs.": [214, 225, 241, 262], "group,": [216], "median": [217], "interquartile": [219], "range)": [220], "3.43": [222], "(1.9-6.5)": [224], "15": [226], "(9.65-17.38)": [228], "<": [230], "0.001)": [231], "2": [238], "(0.5-3.63)": [240], "9.5": [242], "(3.5-13.75)": [244], "0.001).": [247], "also": [253], "attempted": [254], "doses,": [256], "h:": [259], "19.5": [260], "(12.75-79.5)": [261], "98": [263], "(41.5-137)": [264], "0.043).": [267], "Both": [268], "groups": [269], "had": [270], "similar": [271], "values": [273], "comparable": [275], "side": [276], "effects.Perioperative": [277], "ketamine-ME": [278], "combination": [279], "significantly": [280], "decreased": [281], "consumption": [283], "PCA.": [285]}, "cited_by_api_url": "https://api.openalex.org/works?filter=cites:W1527906200", "counts_by_year": [{"year": 2023, "cited_by_count": 1}, {"year": 2022, "cited_by_count": 3}, {"year": 2021, "cited_by_count": 10}, {"year": 2020, "cited_by_count": 4}, {"year": 2019, "cited_by_count": 7}, {"year": 2018, "cited_by_count": 5}, {"year": 2016, "cited_by_count": 5}, {"year": 2015, "cited_by_count": 4}, {"year": 2014, "cited_by_count": 3}, {"year": 2013, "cited_by_count": 2}], "updated_date": "2023-03-11T01:48:48.396763", "created_date": "2016-06-24"}, {"id": "https://openalex.org/W2037797703", "doi": "https://doi.org/10.1007/s00586-002-0488-5", "title": "Outcome of the Graf ligamentoplasty procedure compared with anterior lumbar interbody fusion with the Hartshill horseshoe cage", "display_name": "Outcome of the Graf ligamentoplasty procedure compared with anterior lumbar interbody fusion with the Hartshill horseshoe cage", "publication_year": 2003, "publication_date": "2003-02-27", "ids": {"openalex": "https://openalex.org/W2037797703", "doi": "https://doi.org/10.1007/s00586-002-0488-5", "mag": "2037797703", "pmid": "https://pubmed.ncbi.nlm.nih.gov/12955608", "pmcid": "https://www.ncbi.nlm.nih.gov/pmc/articles/3467791"}, "primary_location": {"is_oa": false, "landing_page_url": "https://doi.org/10.1007/s00586-002-0488-5", "pdf_url": null, "source": {"id": "https://openalex.org/S100227592", "display_name": "European Spine Journal", "issn_l": "0940-6719", "issn": ["0940-6719", "1432-0932"], "host_organization": "https://openalex.org/P4310319900", "host_organization_name": "Springer Science+Business Media", "type": "journal"}, "license": null, "version": null}, "host_venue": {"id": "https://openalex.org/S100227592", "issn_l": "0940-6719", "issn": ["0940-6719", "1432-0932"], "display_name": "European Spine Journal", "publisher": "Springer Science+Business Media", "type": "journal", "url": null, "is_oa": false, "version": null, "license": null}, "type": "journal-article", "open_access": {"is_oa": true, "oa_status": "green", "oa_url": "https://europepmc.org/articles/pmc3467791?pdf=render"}, "authorships": [{"author_position": "first", "author": {"id": "https://openalex.org/A2697835123", "display_name": "Sanjeev Madan", "orcid": null}, "institutions": [{"id": null, "display_name": "Department of Orthopaedics, Wessex Deanery, Wessex", "ror": null, "country_code": null, "type": null}], "raw_affiliation_string": "Department of Orthopaedics, Wessex Deanery, Wessex"}, {"author_position": "last", "author": {"id": "https://openalex.org/A2477195970", "display_name": "Nicholas R. Boeree", "orcid": null}, "institutions": [{"id": "https://openalex.org/I43439940", "display_name": "University of Southampton", "ror": "https://ror.org/01ryk1543", "country_code": "GB", "type": "education"}], "raw_affiliation_string": "Department of Orthopaedics, F Level, East Wing, Southampton University Hospital, Tremona Road, Southampton, S016 6YD, UK"}], "cited_by_count": 38, "biblio": {"volume": "12", "issue": "4", "first_page": "361", "last_page": "368"}, "is_retracted": false, "is_paratext": false, "concepts": [{"id": "https://openalex.org/C71924100", "wikidata": "https://www.wikidata.org/wiki/Q11190", "display_name": "Medicine", "level": 0, "score": "0.9053072"}, {"id": "https://openalex.org/C2778268898", "wikidata": "https://www.wikidata.org/wiki/Q5905943", "display_name": "Horseshoe (symbol)", "level": 2, "score": "0.72891736"}, {"id": "https://openalex.org/C160272327", "wikidata": "https://www.wikidata.org/wiki/Q841007", "display_name": "Cage", "level": 2, "score": "0.6303003"}, {"id": "https://openalex.org/C44575665", "wikidata": "https://www.wikidata.org/wiki/Q1293405", "display_name": "Lumbar", "level": 2, "score": "0.59656096"}, {"id": "https://openalex.org/C2779079599", "wikidata": "https://www.wikidata.org/wiki/Q3774464", "display_name": "Iliac crest", "level": 2, "score": "0.5754957"}, {"id": "https://openalex.org/C141071460", "wikidata": "https://www.wikidata.org/wiki/Q40821", "display_name": "Surgery", "level": 1, "score": "0.5510269"}, {"id": "https://openalex.org/C2780375110", "wikidata": "https://www.wikidata.org/wiki/Q770609", "display_name": "Spinal fusion", "level": 2, "score": "0.48421216"}, {"id": "https://openalex.org/C188816634", "wikidata": "https://www.wikidata.org/wiki/Q2113324", "display_name": "Prospective cohort study", "level": 2, "score": "0.44740888"}, {"id": "https://openalex.org/C33923547", "wikidata": "https://www.wikidata.org/wiki/Q395", "display_name": "Mathematics", "level": 0, "score": "0.0"}, {"id": "https://openalex.org/C114614502", "wikidata": "https://www.wikidata.org/wiki/Q76592", "display_name": "Combinatorics", "level": 1, "score": "0.0"}, {"id": "https://openalex.org/C41008148", "wikidata": "https://www.wikidata.org/wiki/Q21198", "display_name": "Computer science", "level": 0, "score": "0.0"}, {"id": "https://openalex.org/C199360897", "wikidata": "https://www.wikidata.org/wiki/Q9143", "display_name": "Programming language", "level": 1, "score": "0.0"}], "mesh": [{"descriptor_ui": "D007405", "descriptor_name": "Intervertebral Disc Displacement", "qualifier_ui": "Q000601", "qualifier_name": "surgery", "is_major_topic": true}, {"descriptor_ui": "D008023", "descriptor_name": "Ligaments, Articular", "qualifier_ui": "Q000601", "qualifier_name": "surgery", "is_major_topic": true}, {"descriptor_ui": "D008159", "descriptor_name": "Lumbar Vertebrae", "qualifier_ui": "Q000601", "qualifier_name": "surgery", "is_major_topic": true}, {"descriptor_ui": "D013123", "descriptor_name": "Spinal Fusion", "qualifier_ui": "Q000379", "qualifier_name": "methods", "is_major_topic": true}, {"descriptor_ui": "D000328", "descriptor_name": "Adult", "qualifier_ui": "", "qualifier_name": null, "is_major_topic": false}, {"descriptor_ui": "D001416", "descriptor_name": "Back Pain", "qualifier_ui": "Q000209", "qualifier_name": "etiology", "is_major_topic": false}, {"descriptor_ui": "D001416", "descriptor_name": "Back Pain", "qualifier_ui": "", "qualifier_name": null, "is_major_topic": false}, {"descriptor_ui": "D001863", "descriptor_name": "Bone Screws", "qualifier_ui": "", "qualifier_name": null, "is_major_topic": false}, {"descriptor_ui": "D004185", "descriptor_name": "Disability Evaluation", "qualifier_ui": "", "qualifier_name": null, "is_major_topic": false}, {"descriptor_ui": "D005260", "descriptor_name": "Female", "qualifier_ui": "", "qualifier_name": null, "is_major_topic": false}, {"descriptor_ui": "D006801", "descriptor_name": "Humans", "qualifier_ui": "", "qualifier_name": null, "is_major_topic": false}, {"descriptor_ui": "D007405", "descriptor_name": "Intervertebral Disc Displacement", "qualifier_ui": "", "qualifier_name": null, "is_major_topic": false}, {"descriptor_ui": "D008023", "descriptor_name": "Ligaments, Articular", "qualifier_ui": "", "qualifier_name": null, "is_major_topic": false}, {"descriptor_ui": "D008159", "descriptor_name": "Lumbar Vertebrae", "qualifier_ui": "", "qualifier_name": null, "is_major_topic": false}, {"descriptor_ui": "D008297", "descriptor_name": "Male", "qualifier_ui": "", "qualifier_name": null, "is_major_topic": false}, {"descriptor_ui": "D010147", "descriptor_name": "Pain Measurement", "qualifier_ui": "", "qualifier_name": null, "is_major_topic": false}, {"descriptor_ui": "D017060", "descriptor_name": "Patient Satisfaction", "qualifier_ui": "", "qualifier_name": null, "is_major_topic": false}, {"descriptor_ui": "D011446", "descriptor_name": "Prospective Studies", "qualifier_ui": "", "qualifier_name": null, "is_major_topic": false}, {"descriptor_ui": "D013123", "descriptor_name": "Spinal Fusion", "qualifier_ui": "", "qualifier_name": null, "is_major_topic": false}, {"descriptor_ui": "D011795", "descriptor_name": "Surveys and Questionnaires", "qualifier_ui": "", "qualifier_name": null, "is_major_topic": false}, {"descriptor_ui": "D016896", "descriptor_name": "Treatment Outcome", "qualifier_ui": "", "qualifier_name": null, "is_major_topic": false}], "locations": [{"is_oa": false, "landing_page_url": "https://doi.org/10.1007/s00586-002-0488-5", "pdf_url": null, "source": {"id": "https://openalex.org/S100227592", "display_name": "European Spine Journal", "issn_l": "0940-6719", "issn": ["0940-6719", "1432-0932"], "host_organization": "https://openalex.org/P4310319900", "host_organization_name": "Springer Science+Business Media", "type": "journal"}, "license": null, "version": null}, {"is_oa": true, "landing_page_url": "https://europepmc.org/articles/pmc3467791", "pdf_url": "https://europepmc.org/articles/pmc3467791?pdf=render", "source": {"id": "https://openalex.org/S4306400806", "display_name": "Europe PMC (PubMed Central)", "issn_l": null, "issn": null, "host_organization": null, "host_organization_name": "PubMed Central", "type": "repository"}, "license": null, "version": "publishedVersion"}], "best_oa_location": {"is_oa": true, "landing_page_url": "https://europepmc.org/articles/pmc3467791", "pdf_url": "https://europepmc.org/articles/pmc3467791?pdf=render", "source": {"id": "https://openalex.org/S4306400806", "display_name": "Europe PMC (PubMed Central)", "issn_l": null, "issn": null, "host_organization": null, "host_organization_name": "PubMed Central", "type": "repository"}, "license": null, "version": "publishedVersion"}, "alternate_host_venues": [{"id": "https://openalex.org/S100227592", "display_name": "European Spine Journal", "type": "journal", "url": null, "is_oa": false, "version": null, "license": null}, {"id": "https://openalex.org/S4306400806", "display_name": "Europe PMC (PubMed Central)", "type": "repository", "url": "https://europepmc.org/articles/pmc3467791?pdf=render", "is_oa": true, "version": "publishedVersion", "license": null}], "referenced_works": ["https://openalex.org/W1531353720", "https://openalex.org/W1963718938", "https://openalex.org/W1965618802", "https://openalex.org/W1976809949", "https://openalex.org/W1991446780", "https://openalex.org/W1998721404", "https://openalex.org/W2012705203", "https://openalex.org/W2030475573", "https://openalex.org/W2034422360", "https://openalex.org/W2035166901", "https://openalex.org/W2035525016", "https://openalex.org/W2035846620", "https://openalex.org/W2037329675", "https://openalex.org/W2054936203", "https://openalex.org/W2069443584", "https://openalex.org/W2072691505", "https://openalex.org/W2093773106", "https://openalex.org/W2145513209", "https://openalex.org/W2170332928", "https://openalex.org/W2184293823", "https://openalex.org/W2222229600", "https://openalex.org/W2229130552", "https://openalex.org/W2264306552", "https://openalex.org/W2471464243", "https://openalex.org/W3027297646"], "related_works": ["https://openalex.org/W1573182720", "https://openalex.org/W2004467703", "https://openalex.org/W2037797703", "https://openalex.org/W2077033353", "https://openalex.org/W2094957702", "https://openalex.org/W2353705439", "https://openalex.org/W2359188188", "https://openalex.org/W2367683894", "https://openalex.org/W2567097135", "https://openalex.org/W3046402244"], "ngrams_url": "https://api.openalex.org/works/W2037797703/ngrams", "abstract_inverted_index": {"The": [0, 125, 143], "objective": [1], "of": [2, 10, 28, 135, 141, 158, 165, 183, 241], "our": [3], "study": [4, 56, 86], "was": [5, 57, 87], "to": [6, 59, 150, 181], "assess": [7], "the": [8, 21, 37, 42, 66, 72, 136, 152, 201, 210, 227, 232, 244], "efficacy": [9, 47], "Graf": [11, 38, 90, 102, 170, 219], "ligamentoplasty": [12, 39, 171], "in": [13, 52, 130, 209, 231], "comparison": [14], "with": [15, 20, 115, 189, 191, 218, 226], "rigid": [16, 222], "fixation": [17, 223], "and": [18, 41, 64, 81, 93, 105, 120, 139, 146, 196, 224], "fusion": [19, 76, 113, 225], "Hartshill": [22, 43, 117, 192, 228], "horseshoe": [23, 44, 118, 193, 229], "cage": [24, 119, 194, 230], "for": [25], "similar": [26, 129], "severity": [27, 134], "disc": [29, 137], "degeneration.": [30], "Although": [31], "studies": [32], "have": [33], "been": [34, 50, 187], "done": [35, 58], "on": [36, 200], "procedure": [40], "cage,": [45], "their": [46], "has": [48], "never": [49], "compared": [51, 180], "any": [53], "study.": [54], "This": [55], "decide": [60], "whether": [61], "retaining": [62], "mobility": [63, 208], "stabilizing": [65], "spine": [67], "is": [68, 77], "best": [69], "or": [70, 178], "stiffening": [71], "lumbar": [73, 95, 111, 211], "segment": [74], "by": [75], "preferable.": [78], "Between": [79], "1995": [80], "1997,": [82], "a": [83, 116, 155, 173], "prospective": [84], "randomized": [85], "performed": [88], "comparing": [89], "ligament": [91], "stabilization": [92, 195], "anterior": [94, 110], "interbody": [96, 112], "fusion.": [97], "Twenty-eight": [98], "patients": [99, 107, 166, 184, 242], "had": [100, 108, 168, 172, 186], "single-level": [101, 109], "ligaments": [103, 220], "inserted": [104], "27": [106], "(ALIF)": [114], "tricortical": [121], "iliac": [122], "crest": [123], "autograft.": [124], "two": [126], "groups": [127], "were": [128, 148], "age,": [131], "sex,": [132], "symptoms,": [133], "degeneration,": [138], "duration": [140], "follow-up.": [142], "chi-square": [144], "test": [145], "t-test": [147], "used": [149], "evaluate": [151], "outcome.": [153], "At": [154], "minimum": [156], "follow-up": [157], "2.1": [159], "years,": [160], "we": [161], "found": [162], "that": [163], "93%": [164], "who": [167, 185], "undergone": [169], "satisfactory": [174], "outcome": [175], "(rated": [176], "\"excellent\"": [177], "\"better\")": [179], "77.8%": [182], "treated": [188], "ALIF": [190], "fusion,": [197], "when": [198], "measured": [199], "Oswestry": [202], "Disability": [203], "Index": [204], "(": [205], "P<0.05).": [206], "Retaining": [207], "segments": [212], "gives": [213], "better": [214], "results": [215], "after": [216], "stabilisation": [217], "than": [221], "short": [233], "term.": [234], "We": [235], "will": [236], "be": [237], "watching": [238], "this": [239], "cohort": [240], "over": [243], "next": [245], "few": [246], "years.": [247]}, "cited_by_api_url": "https://api.openalex.org/works?filter=cites:W2037797703", "counts_by_year": [{"year": 2022, "cited_by_count": 1}, {"year": 2021, "cited_by_count": 3}, {"year": 2020, "cited_by_count": 4}, {"year": 2019, "cited_by_count": 1}, {"year": 2016, "cited_by_count": 2}, {"year": 2015, "cited_by_count": 1}, {"year": 2013, "cited_by_count": 3}, {"year": 2012, "cited_by_count": 1}], "updated_date": "2023-03-13T19:53:09.238577", "created_date": "2016-06-24"}, {"id": "https://openalex.org/W2787102513", "doi": "https://doi.org/10.1007/s00701-017-3463-y", "title": "Endplate changes after lumbar discectomy with and without implantation of an annular closure device", "display_name": "Endplate changes after lumbar discectomy with and without implantation of an annular closure device", "publication_year": 2018, "publication_date": "2018-02-02", "ids": {"openalex": "https://openalex.org/W2787102513", "doi": "https://doi.org/10.1007/s00701-017-3463-y", "mag": "2787102513", "pmid": "https://pubmed.ncbi.nlm.nih.gov/29396603"}, "primary_location": {"is_oa": false, "landing_page_url": "https://doi.org/10.1007/s00701-017-3463-y", "pdf_url": null, "source": {"id": "https://openalex.org/S4210178590", "display_name": "Acta neurochirurgica", "issn_l": "0001-6268", "issn": ["0001-6268", "0942-0940"], "host_organization": "https://openalex.org/P4310319900", "host_organization_name": "Springer Science+Business Media", "type": "journal"}, "license": null, "version": null}, "host_venue": {"id": "https://openalex.org/S4210178590", "issn_l": "0001-6268", "issn": ["0001-6268", "0942-0940"], "display_name": "Acta neurochirurgica", "publisher": "Springer Science+Business Media", "type": "journal", "url": null, "is_oa": false, "version": null, "license": null}, "type": "journal-article", "open_access": {"is_oa": false, "oa_status": "closed", "oa_url": null}, "authorships": [{"author_position": "first", "author": {"id": "https://openalex.org/A2304159493", "display_name": "Martin Barth", "orcid": null}, "institutions": [{"id": "https://openalex.org/I904495901", "display_name": "Ruhr University Bochum", "ror": "https://ror.org/04tsk2644", "country_code": "DE", "type": "education"}], "raw_affiliation_string": "Department of Neurosurgery, Knappschafts-Krankenhaus Bochum, Ruhr-University Bochum, Bochum, Germany"}, {"author_position": "middle", "author": {"id": "https://openalex.org/A2178250244", "display_name": "Christel Weiss", "orcid": "https://orcid.org/0000-0002-8692-5690"}, "institutions": [{"id": "https://openalex.org/I4210156450", "display_name": "University Medical Centre Mannheim", "ror": "https://ror.org/05sxbyd35", "country_code": "DE", "type": "healthcare"}], "raw_affiliation_string": "Department of Medical Statistics, University Medicine Mannheim, Medical Faculty Mannheim of the University of Heidelberg, Mannheim, Germany"}, {"author_position": "middle", "author": {"id": "https://openalex.org/A2101256959", "display_name": "Gerrit J. Bouma", "orcid": "https://orcid.org/0000-0003-2433-5086"}, "institutions": [{"id": "https://openalex.org/I2802928900", "display_name": "Academic Medical Center", "ror": "https://ror.org/03t4gr691", "country_code": "NL", "type": "healthcare"}], "raw_affiliation_string": "Department of Neurosurgery, OLVG, Academic Medical Center, Amsterdam, Netherlands."}, {"author_position": "middle", "author": {"id": "https://openalex.org/A1996856426", "display_name": "Richard Bostelmann", "orcid": "https://orcid.org/0000-0002-0286-5724"}, "institutions": [{"id": "https://openalex.org/I44260953", "display_name": "Heinrich Heine University D\u00fcsseldorf", "ror": "https://ror.org/024z2rq82", "country_code": "DE", "type": "education"}], "raw_affiliation_string": "Department of Neurosurgery, Heinrich Heine-University, Duesseldorf, Germany."}, {"author_position": "middle", "author": {"id": "https://openalex.org/A2779250430", "display_name": "Adisa Kursumovic", "orcid": null}, "institutions": [{"id": null, "display_name": "Department of Neurosurgery, DONAUISAR Klinikum, Deggendorf, Germany.", "ror": null, "country_code": null, "type": null}], "raw_affiliation_string": "Department of Neurosurgery, DONAUISAR Klinikum, Deggendorf, Germany."}, {"author_position": "middle", "author": {"id": "https://openalex.org/A2243514266", "display_name": "Javier Fandino", "orcid": "https://orcid.org/0000-0002-5375-3087"}, "institutions": [{"id": "https://openalex.org/I4210161075", "display_name": "Kantonsspital Aarau", "ror": "https://ror.org/056tb3809", "country_code": "CH", "type": "healthcare"}], "raw_affiliation_string": "Department of Neurosurgery, Kantonsspital Aarau, Aarau, Switzerland."}, {"author_position": "last", "author": {"id": "https://openalex.org/A2024421666", "display_name": "Claudius Thom\u00e9", "orcid": null}, "institutions": [{"id": "https://openalex.org/I143397708", "display_name": "Innsbruck Medical University", "ror": "https://ror.org/03pt86f80", "country_code": "AT", "type": "education"}], "raw_affiliation_string": "Department of Neurosurgery, Medical University Innsbruck, Innsbruck, Austria."}], "cited_by_count": 13, "biblio": {"volume": "160", "issue": "4", "first_page": "855", "last_page": "862"}, "is_retracted": false, "is_paratext": false, "concepts": [{"id": "https://openalex.org/C71924100", "wikidata": "https://www.wikidata.org/wiki/Q11190", "display_name": "Medicine", "level": 0, "score": "0.9577774"}, {"id": "https://openalex.org/C44575665", "wikidata": "https://www.wikidata.org/wiki/Q1293405", "display_name": "Lumbar", "level": 2, "score": "0.65068686"}, {"id": "https://openalex.org/C141071460", "wikidata": "https://www.wikidata.org/wiki/Q40821", "display_name": "Surgery", "level": 1, "score": "0.6072345"}, {"id": "https://openalex.org/C2776008035", "wikidata": "https://www.wikidata.org/wiki/Q3029776", "display_name": "Discectomy", "level": 3, "score": "0.5978037"}, {"id": "https://openalex.org/C204243189", "wikidata": "https://www.wikidata.org/wiki/Q1363085", "display_name": "Randomization", "level": 3, "score": "0.5121784"}, {"id": "https://openalex.org/C168563851", "wikidata": "https://www.wikidata.org/wiki/Q1436668", "display_name": "Randomized controlled trial", "level": 2, "score": "0.4917062"}, {"id": "https://openalex.org/C2909444396", "wikidata": "https://www.wikidata.org/wiki/Q697117", "display_name": "Intervertebral Disc Displacement", "level": 4, "score": "0.48815233"}, {"id": "https://openalex.org/C12770488", "wikidata": "https://www.wikidata.org/wiki/Q188449", "display_name": "Neurosurgery", "level": 2, "score": "0.47950584"}, {"id": "https://openalex.org/C2779889316", "wikidata": "https://www.wikidata.org/wiki/Q642836", "display_name": "Neuroradiology", "level": 3, "score": "0.46055305"}, {"id": "https://openalex.org/C2908647359", "wikidata": "https://www.wikidata.org/wiki/Q2625603", "display_name": "Population", "level": 2, "score": "0.42646223"}, {"id": "https://openalex.org/C16568411", "wikidata": "https://www.wikidata.org/wiki/Q83042", "display_name": "Neurology", "level": 2, "score": "0.37139398"}, {"id": "https://openalex.org/C2779835254", "wikidata": "https://www.wikidata.org/wiki/Q405478", "display_name": "Lumbar vertebrae", "level": 3, "score": "0.33275682"}, {"id": "https://openalex.org/C99454951", "wikidata": "https://www.wikidata.org/wiki/Q932068", "display_name": "Environmental health", "level": 1, "score": "0.0"}, {"id": "https://openalex.org/C118552586", "wikidata": "https://www.wikidata.org/wiki/Q7867", "display_name": "Psychiatry", "level": 1, "score": "0.0"}], "mesh": [{"descriptor_ui": "D000077280", "descriptor_name": "Bone-Anchored Prosthesis", "qualifier_ui": "Q000009", "qualifier_name": "adverse effects", "is_major_topic": true}, {"descriptor_ui": "D017586", "descriptor_name": "Diskectomy", "qualifier_ui": "Q000379", "qualifier_name": "methods", "is_major_topic": true}, {"descriptor_ui": "D055959", "descriptor_name": "Intervertebral Disc Degeneration", "qualifier_ui": "Q000601", "qualifier_name": "surgery", "is_major_topic": true}, {"descriptor_ui": "D007405", "descriptor_name": "Intervertebral Disc Displacement", "qualifier_ui": "Q000601", "qualifier_name": "surgery", "is_major_topic": true}, {"descriptor_ui": "D008159", "descriptor_name": "Lumbar Vertebrae", "qualifier_ui": "Q000601", "qualifier_name": "surgery", "is_major_topic": true}, {"descriptor_ui": "D011183", "descriptor_name": "Postoperative Complications", "qualifier_ui": "Q000453", "qualifier_name": "epidemiology", "is_major_topic": true}, {"descriptor_ui": "D000328", "descriptor_name": "Adult", "qualifier_ui": "", "qualifier_name": null, "is_major_topic": false}, {"descriptor_ui": "D000077280", "descriptor_name": "Bone-Anchored Prosthesis", "qualifier_ui": "", "qualifier_name": null, "is_major_topic": false}, {"descriptor_ui": "D017586", "descriptor_name": "Diskectomy", "qualifier_ui": "Q000295", "qualifier_name": "instrumentation", "is_major_topic": false}, {"descriptor_ui": "D017586", "descriptor_name": "Diskectomy", "qualifier_ui": "Q000009", "qualifier_name": "adverse effects", "is_major_topic": false}, {"descriptor_ui": "D017586", "descriptor_name": "Diskectomy", "qualifier_ui": "", "qualifier_name": null, "is_major_topic": false}, {"descriptor_ui": "D005260", "descriptor_name": "Female", "qualifier_ui": "", "qualifier_name": null, "is_major_topic": false}, {"descriptor_ui": "D006801", "descriptor_name": "Humans", "qualifier_ui": "", "qualifier_name": null, "is_major_topic": false}, {"descriptor_ui": "D055959", "descriptor_name": "Intervertebral Disc Degeneration", "qualifier_ui": "", "qualifier_name": null, "is_major_topic": false}, {"descriptor_ui": "D007405", "descriptor_name": "Intervertebral Disc Displacement", "qualifier_ui": "", "qualifier_name": null, "is_major_topic": false}, {"descriptor_ui": "D008159", "descriptor_name": "Lumbar Vertebrae", "qualifier_ui": "", "qualifier_name": null, "is_major_topic": false}, {"descriptor_ui": "D008297", "descriptor_name": "Male", "qualifier_ui": "", "qualifier_name": null, "is_major_topic": false}, {"descriptor_ui": "D008875", "descriptor_name": "Middle Aged", "qualifier_ui": "", "qualifier_name": null, "is_major_topic": false}, {"descriptor_ui": "D011183", "descriptor_name": "Postoperative Complications", "qualifier_ui": "Q000209", "qualifier_name": "etiology", "is_major_topic": false}, {"descriptor_ui": "D011183", "descriptor_name": "Postoperative Complications", "qualifier_ui": "Q000000981", "qualifier_name": "diagnostic imaging", "is_major_topic": false}, {"descriptor_ui": "D011183", "descriptor_name": "Postoperative Complications", "qualifier_ui": "", "qualifier_name": null, "is_major_topic": false}, {"descriptor_ui": "D011446", "descriptor_name": "Prospective Studies", "qualifier_ui": "", "qualifier_name": null, "is_major_topic": false}, {"descriptor_ui": "D014057", "descriptor_name": "Tomography, X-Ray Computed", "qualifier_ui": "", "qualifier_name": null, "is_major_topic": false}], "locations": [{"is_oa": false, "landing_page_url": "https://doi.org/10.1007/s00701-017-3463-y", "pdf_url": null, "source": {"id": "https://openalex.org/S4210178590", "display_name": "Acta neurochirurgica", "issn_l": "0001-6268", "issn": ["0001-6268", "0942-0940"], "host_organization": "https://openalex.org/P4310319900", "host_organization_name": "Springer Science+Business Media", "type": "journal"}, "license": null, "version": null}], "best_oa_location": null, "alternate_host_venues": [{"id": "https://openalex.org/S4210178590", "display_name": "Acta neurochirurgica", "type": "journal", "url": null, "is_oa": false, "version": null, "license": null}], "referenced_works": ["https://openalex.org/W1983717289", "https://openalex.org/W1986423918", "https://openalex.org/W1993759189", "https://openalex.org/W2002867832", "https://openalex.org/W2013255360", "https://openalex.org/W2015170210", "https://openalex.org/W2027431972", "https://openalex.org/W2040497869", "https://openalex.org/W2075268225", "https://openalex.org/W2092334335", "https://openalex.org/W2124688208", "https://openalex.org/W2130977326", "https://openalex.org/W2288509193", "https://openalex.org/W2487793076", "https://openalex.org/W2531795042"], "related_works": ["https://openalex.org/W2169772740", "https://openalex.org/W2355125406", "https://openalex.org/W2367646856", "https://openalex.org/W2533072307", "https://openalex.org/W2787102513", "https://openalex.org/W3094324363", "https://openalex.org/W4233256343", "https://openalex.org/W4236544496", "https://openalex.org/W4249757445", "https://openalex.org/W4293876409"], "ngrams_url": "https://api.openalex.org/works/W2787102513/ngrams", "abstract_inverted_index": null, "cited_by_api_url": "https://api.openalex.org/works?filter=cites:W2787102513", "counts_by_year": [{"year": 2022, "cited_by_count": 2}, {"year": 2021, "cited_by_count": 2}, {"year": 2020, "cited_by_count": 5}, {"year": 2019, "cited_by_count": 2}, {"year": 2018, "cited_by_count": 2}], "updated_date": "2023-03-12T14:48:50.093148", "created_date": "2018-02-23"}]